time,Backup:backupCopyFilesCount,Backup:backupCopyFilesMs,BtreeOp:nBinDeltaDelete,BtreeOp:nBinDeltaGet,BtreeOp:nBinDeltaInsert,BtreeOp:nBinDeltaUpdate,BtreeOp:nRootSplits,BtreeOp:relatchesRequired,Cache:DOSBytes,Cache:adminBytes,Cache:cacheTotalBytes,Cache:dataBytes,Cache:lockBytes,Cache:lruDirtySize,Cache:lruMixedSize,Cache:nBINDeltasFetchMiss,Cache:nBINsFetch,Cache:nBINsFetchMiss,Cache:nBINsFetchMissRatio,Cache:nBinDeltaBlindOps,Cache:nBytesEvictedCACHEMODE,Cache:nBytesEvictedCRITICAL,Cache:nBytesEvictedDAEMON,Cache:nBytesEvictedEVICTORTHREAD,Cache:nBytesEvictedMANUAL,Cache:nCachedBINDeltas,Cache:nCachedBINs,Cache:nCachedUpperINs,Cache:nDirtyNodesEvicted,Cache:nEvictionRuns,Cache:nFullBINsMiss,Cache:nINCompactKey,Cache:nINNoTarget,Cache:nINSparseTarget,Cache:nLNsEvicted,Cache:nLNsFetch,Cache:nLNsFetchMiss,Cache:nNodesEvicted,Cache:nNodesMovedToDirtyLRU,Cache:nNodesMutated,Cache:nNodesPutBack,Cache:nNodesSkipped,Cache:nNodesStripped,Cache:nNodesTargeted,Cache:nRootNodesEvicted,Cache:nSharedCacheEnvironments,Cache:nThreadUnavailable,Cache:nUpperINsFetch,Cache:nUpperINsFetchMiss,Cache:sharedCacheTotalBytes,Checkpoints:lastCheckpointEnd,Checkpoints:lastCheckpointId,Checkpoints:lastCheckpointInterval,Checkpoints:lastCheckpointStart,Checkpoints:nCheckpoints,Checkpoints:nDeltaINFlush,Checkpoints:nFullBINFlush,Checkpoints:nFullINFlush,Cleaning:activeLogSize,Cleaning:availableLogSize,Cleaning:maxPredictedUtilization,Cleaning:maxUtilization,Cleaning:minPredictedUtilization,Cleaning:minUtilization,Cleaning:nBINDeltasCleaned,Cleaning:nBINDeltasDead,Cleaning:nBINDeltasMigrated,Cleaning:nBINDeltasObsolete,Cleaning:nCleanerDeletions,Cleaning:nCleanerDisksReads,Cleaning:nCleanerEntriesRead,Cleaning:nCleanerRuns,Cleaning:nINsCleaned,Cleaning:nINsDead,Cleaning:nINsMigrated,Cleaning:nINsObsolete,Cleaning:nLNQueueHits,Cleaning:nLNsCleaned,Cleaning:nLNsDead,Cleaning:nLNsExpired,Cleaning:nLNsExtinct,Cleaning:nLNsLocked,Cleaning:nLNsMarked,Cleaning:nLNsMigrated,Cleaning:nLNsObsolete,Cleaning:nPendingDBsIncomplete,Cleaning:nPendingDBsProcessed,Cleaning:nPendingLNsLocked,Cleaning:nPendingLNsProcessed,Cleaning:nRevisalRuns,Cleaning:nTwoPassRuns,Cleaning:pendingDBQueueSize,Cleaning:pendingLNQueueSize,Cleaning:protectedLogSize,Cleaning:protectedLogSizeMap,Cleaning:reservedLogSize,Cleaning:totalLogSize,Environment:environmentCreationTime,Eraser:eraserCycleEnd,Eraser:eraserCycleStart,Eraser:eraserFSyncs,Eraser:eraserFilesAlreadyDeleted,Eraser:eraserFilesDeleted,Eraser:eraserFilesErased,Eraser:eraserFilesRemaining,Eraser:eraserReadBytes,Eraser:eraserReads,Eraser:eraserWriteBytes,Eraser:eraserWrites,I/O:bufferBytes,I/O:endOfLog,I/O:fSync95Ms,I/O:fSync99Ms,I/O:fSyncAvgMs,I/O:fSyncMaxMs,I/O:nBytesReadFromWriteQueue,I/O:nBytesWrittenFromWriteQueue,I/O:nCacheMiss,I/O:nFSyncRequests,I/O:nFSyncs,I/O:nFileOpens,I/O:nGroupCommitRequests,I/O:nGrpCommitTimeouts,I/O:nLogBuffers,I/O:nLogFSyncs,I/O:nNoFreeBuffer,I/O:nNotResident,I/O:nOpenFiles,I/O:nRandomReadBytes,I/O:nRandomReads,I/O:nRandomWriteBytes,I/O:nRandomWrites,I/O:nReadsFromWriteQueue,I/O:nRepeatFaultReads,I/O:nRepeatIteratorReads,I/O:nSequentialReadBytes,I/O:nSequentialReads,I/O:nSequentialWriteBytes,I/O:nSequentialWrites,I/O:nTempBufferWrites,I/O:nWriteQueueOverflow,I/O:nWriteQueueOverflowFailures,I/O:nWritesFromWriteQueue,Jvm:G1 Old Generation.count,Jvm:G1 Old Generation.time,Jvm:G1 Young Generation.count,Jvm:G1 Young Generation.time,Jvm:heap,Jvm:loadAverage,Locks:nLatchAcquireNoWaitUnsuccessful,Locks:nLatchAcquiresNoWaitSuccessful,Locks:nLatchAcquiresNoWaiters,Locks:nLatchAcquiresSelfOwned,Locks:nLatchAcquiresWithContention,Locks:nLatchReleases,Locks:nRequests,Locks:nWaits,Node Compression:cursorsBins,Node Compression:dbClosedBins,Node Compression:inCompQueueSize,Node Compression:nonEmptyBins,Node Compression:processedBins,Node Compression:splitBins,OffHeap:offHeapAllocFailure,OffHeap:offHeapAllocOverflow,OffHeap:offHeapBINsLoaded,OffHeap:offHeapBINsStored,OffHeap:offHeapCachedBINDeltas,OffHeap:offHeapCachedBINs,OffHeap:offHeapCachedLNs,OffHeap:offHeapCriticalNodesTargeted,OffHeap:offHeapDirtyNodesEvicted,OffHeap:offHeapLNsEvicted,OffHeap:offHeapLNsLoaded,OffHeap:offHeapLNsStored,OffHeap:offHeapLruSize,OffHeap:offHeapNodesEvicted,OffHeap:offHeapNodesMutated,OffHeap:offHeapNodesSkipped,OffHeap:offHeapNodesStripped,OffHeap:offHeapNodesTargeted,OffHeap:offHeapThreadUnavailable,OffHeap:offHeapTotalBlocks,OffHeap:offHeapTotalBytes,Op:priDelete,Op:priDeleteFail,Op:priInsert,Op:priInsertFail,Op:priPosition,Op:priSearch,Op:priSearchFail,Op:priUpdate,Op:secDelete,Op:secInsert,Op:secPosition,Op:secSearch,Op:secSearchFail,Op:secUpdate,TaskCoordinator:nApplicationPermits,TaskCoordinator:nDeficitPermits,TaskCoordinator:nRealPermits
2025-12-26 16:35:08.497 UTC, , , , , , , , , ,125,3159893,14040, , ,3, ,9, , , , , , , , , ,3,3, , , , ,1,5, , , , , , , , , , , ,1, , , ,3159893,1377,1,744,744,1, ,2,4,1427,619234533376,57,57,57,57, , , , , ,1,12, , , , , , , , , , , , , , , , , , , , , , , , , ,1427,1766766908006,,, , , , , , , , , ,3145728,1377,43,43,27,43, , , ,4,4,3,5, ,3,5, , , , , ,38,1, , , ,12288,3,1389,5, , , , , , ,1,15,96874888,1, , , , , , ,9, , , , , , , , , , , , , , , , , , , , , , , , , , , , , , , , , , , , , , , , , , , , , 
2025-12-26 16:35:08.791 UTC, , , , , , , , , ,125,3164453,18600, , ,4, ,13, , , , , , , , , ,4,4, , , , ,1,5, ,1, , , , , , , , , ,1, , , ,3164453,1377,1,744,744, , , , ,1427,619234533376,57,57,57,57, , , , , , , , , , , , , , , , , , , , , , , , , , , , , , , , ,1427,1766766908006,,, , , , , , , , , ,3145728,2247,32,32,25,32, , , ,7,7,2,7, ,3,7, , , , , , , , , , ,4096,2,847,7, , , , , , , , ,101069192,1, , , , , , ,19, , , , , , , , , , , , , , , , , , , , , , , , , , , , , , ,6, ,6,4,1, , , , , , , , , , 
2025-12-26 16:35:08.966 UTC, , , , , , , , , ,125,3160589,14736, , ,3,1,25,3,0.12, , , , , , , ,3,3, ,2,1,2,1,4, ,23,12, , , , , , , , ,1, , , ,3160589,3536,2, ,2363, , , , , , ,-1,-1,-1,-1, , , , , ,1,46, , , , , , , , , , , , , , , , , , , , , , , , , , ,1766766908883,,, , , , , , , , , ,3145728,3536, , , , , , ,21, , ,2, , ,3, , ,21, ,2048,1, , , , , ,103085,32, , , , , , , , ,1,15,119943560,1, , , , , , ,17, , , , , , , , , , , , , , , , , , , , , , , , , , , , , , , , , , , , , , , , , , , , , 
2025-12-26 16:36:08.966 UTC, , , , , , , , , ,125,3171373,24848,672, ,4, ,19,1,0.05, , , , , , , ,4,4, , , ,1,2,4, ,2,1, , , , , , , , ,1, , , ,3171373,3536,2, ,2363, , , , ,4315,619234516992,43,43,43,43, , , , , , , , , , , , , , , , , , , , , , , , , , , , , , , , ,4315,1766766908883,,, , , , , , , , , ,3145728,4288,46,46,19,46, , ,3,6,6,3,6, ,3,9, ,3,1, , , , , , , ,10287,6,732,6, , , , , , ,2,22,181872448,1, , , , , , ,19, , , , , , , , , , , , , , , , , , , , , , , , , , , , , , ,1, , , ,14, , , , , , , , , , 
2025-12-26 16:37:08.970 UTC, , , , , , , , , ,125,3171373,24848,672, ,4, , , , , , , , , , , ,4,4, , , ,1,2,4, , , , , , , , , , , ,1, , , ,3171373,3536,2, ,2363, , , , ,4315,619234516992,43,43,43,43, , , , , , , , , , , , , , , , , , , , , , , , , , , , , , , , ,4315,1766766908883,,, , , , , , , , , ,3145728,4288,1,1,0,1, , , , , , , , ,3,3, , ,1, , , , , , , , , , , , , , , , , , , ,181872448,1, , , , , , , , , , , , , , , , , , , , , , , , , , , , , , , , , , , , , , , , , ,12, , , , , , , , , , 
2025-12-26 16:38:08.971 UTC, , , , , , , , , ,125,3171373,24848,672, ,4, , , , , , , , , , , ,4,4, , , ,1,2,4, , , , , , , , , , , ,1, , , ,3171373,3536,2, ,2363, , , , ,4315,619234516992,43,43,43,43, , , , , , , , , , , , , , , , , , , , , , , , , , , , , , , , ,4315,1766766908883,,, , , , , , , , , ,3145728,4288,1,1,0,1, , , , , , , , ,3,3, , ,1, , , , , , , , , , , , , , , , , , , ,181872448,1, , , , , , , , , , , , , , , , , , , , , , , , , , , , , , , , , , , , , , , , , ,12, , , , , , , , , , 
2025-12-26 16:39:08.972 UTC, , , , , , , , , ,125,3171373,24848,672, ,4, , , , , , , , , , , ,4,4, , , ,1,2,4, , , , , , , , , , , ,1, , , ,3171373,3536,2, ,2363, , , , ,4315,619234516992,43,43,43,43, , , , , , , , , , , , , , , , , , , , , , , , , , , , , , , , ,4315,1766766908883,,, , , , , , , , , ,3145728,4288,1,1,0,1, , , , , , , , ,3,3, , ,1, , , , , , , , , , , , , , , , , , , ,183969600,1, , , , , , , , , , , , , , , , , , , , , , , , , , , , , , , , , , , , , , , , , ,12, , , , , , , , , , 
2025-12-26 16:40:08.971 UTC, , , , , , , , , ,125,3171373,24848,672, ,4, , , , , , , , , , , ,4,4, , , ,1,2,4, , , , , , , , , , , ,1, , , ,3171373,3536,2, ,2363, , , , ,4315,619234512896,43,43,43,43, , , , , , , , , , , , , , , , , , , , , , , , , , , , , , , , ,4315,1766766908883,,, , , , , , , , , ,3145728,4288,1,1,0,1, , , , , , , , ,3,3, , ,1, , , , , , , , , , , , , , , , , , , ,183969600,1, , , , , , , , , , , , , , , , , , , , , , , , , , , , , , , , , , , , , , , , , ,12, , , , , , , , , , 
2025-12-26 16:41:08.973 UTC, , , , , , , , , ,125,3171373,24848,672, ,4, , , , , , , , , , , ,4,4, , , ,1,2,4, , , , , , , , , , , ,1, , , ,3171373,3536,2, ,2363, , , , ,4315,619234512896,43,43,43,43, , , , , , , , , , , , , , , , , , , , , , , , , , , , , , , , ,4315,1766766908883,,, , , , , , , , , ,3145728,4288,1,1,0,1, , , , , , , , ,3,3, , ,1, , , , , , , , , , , , , , , , , , , ,183969600,1, , , , , , , , , , , , , , , , , , , , , , , , , , , , , , , , , , , , , , , , , ,12, , , , , , , , , , 
2025-12-26 16:42:08.974 UTC, , , , , , , , , ,125,3171373,24848,672, ,4, , , , , , , , , , , ,4,4, , , ,1,2,4, , , , , , , , , , , ,1, , , ,3171373,3536,2, ,2363, , , , ,4315,619234512896,43,43,43,43, , , , , , , , , , , , , , , , , , , , , , , , , , , , , , , , ,4315,1766766908883,,, , , , , , , , , ,3145728,4288,45,45,15,45, , , , , , , , ,3,3, , ,1, , , , , , , , , , , , , , , , , , , ,183969600,1, , , , , , , , , , , , , , , , , , , , , , , , , , , , , , , , , , , , , , , , , ,12, , , , , , , , , , 
2025-12-26 16:43:08.977 UTC, , , , , , , , , ,125,3171373,24848,672, ,4, , , , , , , , , , , ,4,4, , , ,1,2,4, , , , , , , , , , , ,1, , , ,3171373,3536,2, ,2363, , , , ,4315,619234512896,43,43,43,43, , , , , , , , , , , , , , , , , , , , , , , , , , , , , , , , ,4315,1766766908883,,, , , , , , , , , ,3145728,4288,1,1,0,1, , , , , , , , ,3,3, , ,1, , , , , , , , , , , , , , , , , , , ,183969600,1, , , , , , , , , , , , , , , , , , , , , , , , , , , , , , , , , , , , , , , , , ,12, , , , , , , , , , 
2025-12-26 16:44:08.977 UTC, , , , , , , , , ,125,3171373,24848,672, ,4, , , , , , , , , , , ,4,4, , , ,1,2,4, , , , , , , , , , , ,1, , , ,3171373,3536,2, ,2363, , , , ,4315,619234512896,43,43,43,43, , , , , , , , , , , , , , , , , , , , , , , , , , , , , , , , ,4315,1766766908883,,, , , , , , , , , ,3145728,4288,1,1,0,1, , , , , , , , ,3,3, , ,1, , , , , , , , , , , , , , , , , , , ,183969600,1, , , , , , , , , , , , , , , , , , , , , , , , , , , , , , , , , , , , , , , , , ,12, , , , , , , , , , 
2025-12-26 16:45:08.978 UTC, , , , , , , , , ,125,3171373,24848,672, ,4, , , , , , , , , , , ,4,4, , , ,1,2,4, , , , , , , , , , , ,1, , , ,3171373,3536,2, ,2363, , , , ,4315,619234512896,43,43,43,43, , , , , , , , , , , , , , , , , , , , , , , , , , , , , , , , ,4315,1766766908883,,, , , , , , , , , ,3145728,4288,1,1,0,1, , , , , , , , ,3,3, , ,1, , , , , , , , , , , , , , , , , , , ,183969600,1, , , , , , , , , , , , , , , , , , , , , , , , , , , , , , , , , , , , , , , , , ,12, , , , , , , , , , 
2025-12-26 16:46:08.978 UTC, , , , , , , , , ,125,3171373,24848,672, ,4, , , , , , , , , , , ,4,4, , , ,1,2,4, , , , , , , , , , , ,1, , , ,3171373,3536,2, ,2363, , , , ,4315,619234512896,43,43,43,43, , , , , , , , , , , , , , , , , , , , , , , , , , , , , , , , ,4315,1766766908883,,, , , , , , , , , ,3145728,4288,3,3,1,3, , , , , , , , ,3,3, , ,1, , , , , , , , , , , , , , , , , , , ,183969600,1, , , , , , , , , , , , , , , , , , , , , , , , , , , , , , , , , , , , , , , , , ,12, , , , , , , , , , 
2025-12-26 16:47:08.978 UTC, , , , , , , , , ,125,3171373,24848,672, ,4, , , , , , , , , , , ,4,4, , , ,1,2,4, , , , , , , , , , , ,1, , , ,3171373,3536,2, ,2363, , , , ,4315,619234512896,43,43,43,43, , , , , , , , , , , , , , , , , , , , , , , , , , , , , , , , ,4315,1766766908883,,, , , , , , , , , ,3145728,4288,1,1,1,1, , , , , , , , ,3,3, , ,1, , , , , , , , , , , , , , , , , , , ,186066752,1, , , , , , , , , , , , , , , , , , , , , , , , , , , , , , , , , , , , , , , , , ,12, , , , , , , , , , 
2025-12-26 16:48:08.980 UTC, , , , , , , , , ,125,3171373,24848,672, ,4, , , , , , , , , , , ,4,4, , , ,1,2,4, , , , , , , , , , , ,1, , , ,3171373,3536,2, ,2363, , , , ,4315,619234508800,43,43,43,43, , , , , , , , , , , , , , , , , , , , , , , , , , , , , , , , ,4315,1766766908883,,, , , , , , , , , ,3145728,4288,1,1,1,1, , , , , , , , ,3,3, , ,1, , , , , , , , , , , , , , , , , , , ,186066752,1, , , , , , , , , , , , , , , , , , , , , , , , , , , , , , , , , , , , , , , , , ,12, , , , , , , , , , 
2025-12-26 16:49:08.981 UTC, , , , , , , , , ,125,3171373,24848,672, ,4, , , , , , , , , , , ,4,4, , , ,1,2,4, , , , , , , , , , , ,1, , , ,3171373,3536,2, ,2363, , , , ,4315,619234508800,43,43,43,43, , , , , , , , , , , , , , , , , , , , , , , , , , , , , , , , ,4315,1766766908883,,, , , , , , , , , ,3145728,4288,1,1,0,1, , , , , , , , ,3,3, , ,1, , , , , , , , , , , , , , , , , , , ,186066752, , , , , , , , , , , , , , , , , , , , , , , , , , , , , , , , , , , , , , , , , , ,12, , , , , , , , , , 
2025-12-26 16:50:08.982 UTC, , , , , , , , , ,125,3171373,24848,672, ,4, , , , , , , , , , , ,4,4, , , ,1,2,4, , , , , , , , , , , ,1, , , ,3171373,3536,2, ,2363, , , , ,4315,619234508800,43,43,43,43, , , , , , , , , , , , , , , , , , , , , , , , , , , , , , , , ,4315,1766766908883,,, , , , , , , , , ,3145728,4288,1,1,0,1, , , , , , , , ,3,3, , ,1, , , , , , , , , , , , , , , , , , , ,188163904, , , , , , , , , , , , , , , , , , , , , , , , , , , , , , , , , , , , , , , , , , ,12, , , , , , , , , , 
2025-12-26 16:51:08.985 UTC, , , , , , , , , ,125,3171373,24848,672, ,4, , , , , , , , , , , ,4,4, , , ,1,2,4, , , , , , , , , , , ,1, , , ,3171373,3536,2, ,2363, , , , ,4315,619234508800,43,43,43,43, , , , , , , , , , , , , , , , , , , , , , , , , , , , , , , , ,4315,1766766908883,,, , , , , , , , , ,3145728,4288,1,1,0,1, , , , , , , , ,3,3, , ,1, , , , , , , , , , , , , , , , , , , ,188163904,1, , , , , , , , , , , , , , , , , , , , , , , , , , , , , , , , , , , , , , , , , ,12, , , , , , , , , , 
2025-12-26 16:52:08.985 UTC, , , , , , , , , ,125,3171373,24848,672, ,4, , , , , , , , , , , ,4,4, , , ,1,2,4, , , , , , , , , , , ,1, , , ,3171373,3536,2, ,2363, , , , ,4315,619234508800,43,43,43,43, , , , , , , , , , , , , , , , , , , , , , , , , , , , , , , , ,4315,1766766908883,,, , , , , , , , , ,3145728,4288,1,1,0,1, , , , , , , , ,3,2, , ,1, , , , , , , , , , , , , , , , , , , ,188163904,1, , , , , , , , , , , , , , , , , , , , , , , , , , , , , , , , , , , , , , , , , ,12, , , , , , , , , , 
2025-12-26 16:53:08.985 UTC, , , , , , , , , ,125,3171373,24848,672, ,4, , , , , , , , , , , ,4,4, , , ,1,2,4, , , , , , , , , , , ,1, , , ,3171373,3536,2, ,2363, , , , ,4315,619234508800,43,43,43,43, , , , , , , , , , , , , , , , , , , , , , , , , , , , , , , , ,4315,1766766908883,,, , , , , , , , , ,3145728,4288,45,45,11,45, , , , , , , , ,3,4, , ,1, , , , , , , , , , , , , , , , , , , ,188163904,1, , , , , , , , , , , , , , , , , , , , , , , , , , , , , , , , , , , , , , , , , ,12, , , , , , , , , , 
2025-12-26 16:54:08.986 UTC, , , , , , , , , ,125,3171373,24848,672, ,4, , , , , , , , , , , ,4,4, , , ,1,2,4, , , , , , , , , , , ,1, , , ,3171373,3536,2, ,2363, , , , ,4315,619234508800,43,43,43,43, , , , , , , , , , , , , , , , , , , , , , , , , , , , , , , , ,4315,1766766908883,,, , , , , , , , , ,3145728,4288,1,1,0,1, , , , , , , , ,3,3, , ,1, , , , , , , , , , , , , , , , , , , ,188163904, , , , , , , , , , , , , , , , , , , , , , , , , , , , , , , , , , , , , , , , , , ,12, , , , , , , , , , 
2025-12-26 16:55:08.985 UTC, , , , , , , , , ,125,3171373,24848,672, ,4, , , , , , , , , , , ,4,4, , , ,1,2,4, , , , , , , , , , , ,1, , , ,3171373,3536,2, ,2363, , , , ,4315,619234508800,43,43,43,43, , , , , , , , , , , , , , , , , , , , , , , , , , , , , , , , ,4315,1766766908883,,, , , , , , , , , ,3145728,4288,0,0,0,0, , , , , , , , ,3,3, , ,1, , , , , , , , , , , , , , , , , , , ,188163904,1, , , , , , , , , , , , , , , , , , , , , , , , , , , , , , , , , , , , , , , , , ,12, , , , , , , , , , 
2025-12-26 16:56:08.986 UTC, , , , , , , , , ,125,3171373,24848,672, ,4, , , , , , , , , , , ,4,4, , , ,1,2,4, , , , , , , , , , , ,1, , , ,3171373,3536,2, ,2363, , , , ,4315,619234504704,43,43,43,43, , , , , , , , , , , , , , , , , , , , , , , , , , , , , , , , ,4315,1766766908883,,, , , , , , , , , ,3145728,4288,1,1,0,1, , , , , , , , ,3,3, , ,1, , , , , , , , , , , , , , , , , , , ,188163904,1, , , , , , , , , , , , , , , , , , , , , , , , , , , , , , , , , , , , , , , , , ,12, , , , , , , , , , 
2025-12-26 16:57:08.986 UTC, , , , , , , , , ,125,3171373,24848,672, ,4, , , , , , , , , , , ,4,4, , , ,1,2,4, , , , , , , , , , , ,1, , , ,3171373,3536,2, ,2363, , , , ,4315,619234504704,43,43,43,43, , , , , , , , , , , , , , , , , , , , , , , , , , , , , , , , ,4315,1766766908883,,, , , , , , , , , ,3145728,4288,0,0,0,0, , , , , , , , ,3,3, , ,1, , , , , , , , , , , , , , , , , , , ,188163904,1, , , , , , , , , , , , , , , , , , , , , , , , , , , , , , , , , , , , , , , , , ,12, , , , , , , , , , 
2025-12-26 16:58:08.984 UTC, , , , , , , , , ,125,3171373,24848,672, ,4, , , , , , , , , , , ,4,4, , , ,1,2,4, , , , , , , , , , , ,1, , , ,3171373,3536,2, ,2363, , , , ,4315,619234504704,43,43,43,43, , , , , , , , , , , , , , , , , , , , , , , , , , , , , , , , ,4315,1766766908883,,, , , , , , , , , ,3145728,4288,1,1,0,1, , , , , , , , ,3,3, , ,1, , , , , , , , , , , , , , , , , , , ,190261056,1, , , , , , , , , , , , , , , , , , , , , , , , , , , , , , , , , , , , , , , , , ,12, , , , , , , , , , 
2025-12-26 16:59:08.986 UTC, , , , , , , , , ,125,3171373,24848,672, ,4, , , , , , , , , , , ,4,4, , , ,1,2,4, , , , , , , , , , , ,1, , , ,3171373,3536,2, ,2363, , , , ,4315,619234504704,43,43,43,43, , , , , , , , , , , , , , , , , , , , , , , , , , , , , , , , ,4315,1766766908883,,, , , , , , , , , ,3145728,4288,1,1,0,1, , , , , , , , ,3,3, , ,1, , , , , , , , , , , , , , , , , , , ,190261056,1, , , , , , , , , , , , , , , , , , , , , , , , , , , , , , , , , , , , , , , , , ,12, , , , , , , , , , 
2025-12-26 17:00:08.985 UTC, , , , , , , , , ,125,3171373,24848,672, ,4, , , , , , , , , , , ,4,4, , , ,1,2,4, , , , , , , , , , , ,1, , , ,3171373,3536,2, ,2363, , , , ,4315,619234504704,43,43,43,43, , , , , , , , , , , , , , , , , , , , , , , , , , , , , , , , ,4315,1766766908883,,, , , , , , , , , ,3145728,4288,1,1,0,1, , , , , , , , ,3,3, , ,1, , , , , , , , , , , , , , , , , , , ,190261056,1, , , , , , , , , , , , , , , , , , , , , , , , , , , , , , , , , , , , , , , , , ,12, , , , , , , , , , 
2025-12-26 17:01:08.984 UTC, , , , , , , , , ,125,3171373,24848,672, ,4, , , , , , , , , , , ,4,4, , , ,1,2,4, , , , , , , , , , , ,1, , , ,3171373,3536,2, ,2363, , , , ,4315,619234504704,43,43,43,43, , , , , , , , , , , , , , , , , , , , , , , , , , , , , , , , ,4315,1766766908883,,, , , , , , , , , ,3145728,4288,1,1,0,1, , , , , , , , ,3,3, , ,1, , , , , , , , , , , , , , , , , , , ,190261056,1, , , , , , , , , , , , , , , , , , , , , , , , , , , , , , , , , , , , , , , , , ,12, , , , , , , , , , 
2025-12-26 17:02:08.982 UTC, , , , , , , , , ,125,3171373,24848,672, ,4, , , , , , , , , , , ,4,4, , , ,1,2,4, , , , , , , , , , , ,1, , , ,3171373,3536,2, ,2363, , , , ,4315,619234504704,43,43,43,43, , , , , , , , , , , , , , , , , , , , , , , , , , , , , , , , ,4315,1766766908883,,, , , , , , , , , ,3145728,4288,0,0,0,0, , , , , , , , ,3,3, , ,1, , , , , , , , , , , , , , , , , , , ,190261056,1, , , , , , , , , , , , , , , , , , , , , , , , , , , , , , , , , , , , , , , , , ,12, , , , , , , , , , 
2025-12-26 17:03:08.982 UTC, , , , , , , , , ,125,3171373,24848,672, ,4, , , , , , , , , , , ,4,4, , , ,1,2,4, , , , , , , , , , , ,1, , , ,3171373,3536,2, ,2363, , , , ,4315,619234504704,43,43,43,43, , , , , , , , , , , , , , , , , , , , , , , , , , , , , , , , ,4315,1766766908883,,, , , , , , , , , ,3145728,4288,1,1,0,1, , , , , , , , ,3,3, , ,1, , , , , , , , , , , , , , , , , , , ,190261056,1, , , , , , , , , , , , , , , , , , , , , , , , , , , , , , , , , , , , , , , , , ,12, , , , , , , , , , 
2025-12-26 17:04:08.981 UTC, , , , , , , , , ,125,3171373,24848,672, ,4, , , , , , , , , , , ,4,4, , , ,1,2,4, , , , , , , , , , , ,1, , , ,3171373,3536,2, ,2363, , , , ,4315,619234504704,43,43,43,43, , , , , , , , , , , , , , , , , , , , , , , , , , , , , , , , ,4315,1766766908883,,, , , , , , , , , ,3145728,4288,1,1,0,1, , , , , , , , ,3,3, , ,1, , , , , , , , , , , , , , , , , , , ,192358208,1, , , , , , , , , , , , , , , , , , , , , , , , , , , , , , , , , , , , , , , , , ,12, , , , , , , , , , 
2025-12-26 17:05:08.980 UTC, , , , , , , , , ,125,3171373,24848,672, ,4, , , , , , , , , , , ,4,4, , , ,1,2,4, , , , , , , , , , , ,1, , , ,3171373,3536,2, ,2363, , , , ,4315,619234500608,43,43,43,43, , , , , , , , , , , , , , , , , , , , , , , , , , , , , , , , ,4315,1766766908883,,, , , , , , , , , ,3145728,4288,1,1,0,1, , , , , , , , ,3,3, , ,1, , , , , , , , , , , , , , , , , , , ,192358208,1, , , , , , , , , , , , , , , , , , , , , , , , , , , , , , , , , , , , , , , , , ,12, , , , , , , , , , 
2025-12-26 17:06:08.979 UTC, , , , , , , , , ,125,3171373,24848,672, ,4, , , , , , , , , , , ,4,4, , , ,1,2,4, , , , , , , , , , , ,1, , , ,3171373,3536,2, ,2363, , , , ,4315,619234500608,43,43,43,43, , , , , , , , , , , , , , , , , , , , , , , , , , , , , , , , ,4315,1766766908883,,, , , , , , , , , ,3145728,4288,1,1,0,1, , , , , , , , ,3,2, , ,1, , , , , , , , , , , , , , , , , , , ,192358208,1, , , , , , , , , , , , , , , , , , , , , , , , , , , , , , , , , , , , , , , , , ,12, , , , , , , , , , 
2025-12-26 17:07:08.978 UTC, , , , , , , , , ,125,3171373,24848,672, ,4, , , , , , , , , , , ,4,4, , , ,1,2,4, , , , , , , , , , , ,1, , , ,3171373,3536,2, ,2363, , , , ,4315,619234500608,43,43,43,43, , , , , , , , , , , , , , , , , , , , , , , , , , , , , , , , ,4315,1766766908883,,, , , , , , , , , ,3145728,4288,1,1,0,1, , , , , , , , ,3,3, , ,1, , , , , , , , , , , , , , , , , , , ,192358208, , , , , , , , , , , , , , , , , , , , , , , , , , , , , , , , , , , , , , , , , , ,12, , , , , , , , , , 
2025-12-26 17:08:08.977 UTC, , , , , , , , , ,125,3171373,24848,672, ,4, , , , , , , , , , , ,4,4, , , ,1,2,4, , , , , , , , , , , ,1, , , ,3171373,3536,2, ,2363, , , , ,4315,619234500608,43,43,43,43, , , , , , , , , , , , , , , , , , , , , , , , , , , , , , , , ,4315,1766766908883,,, , , , , , , , , ,3145728,4288,1,1,1,1, , , , , , , , ,3,3, , ,1, , , , , , , , , , , , , , , , , , , ,192358208,1, , , , , , , , , , , , , , , , , , , , , , , , , , , , , , , , , , , , , , , , , ,12, , , , , , , , , , 
2025-12-26 17:09:08.976 UTC, , , , , , , , , ,125,3171373,24848,672, ,4, , , , , , , , , , , ,4,4, , , ,1,2,4, , , , , , , , , , , ,1, , , ,3171373,3536,2, ,2363, , , , ,4315,619234500608,43,43,43,43, , , , , , , , , , , , , , , , , , , , , , , , , , , , , , , , ,4315,1766766908883,,, , , , , , , , , ,3145728,4288,35,35,12,35, , , , , , , , ,3,3, , ,1, , , , , , , , , , , , , , , , , , , ,194455360, , , , , , , , , , , , , , , , , , , , , , , , , , , , , , , , , , , , , , , , , , ,12, , , , , , , , , , 
2025-12-26 17:10:08.975 UTC, , , , , , , , , ,125,3171373,24848,672, ,4, , , , , , , , , , , ,4,4, , , ,1,2,4, , , , , , , , , , , ,1, , , ,3171373,3536,2, ,2363, , , , ,4315,619234500608,43,43,43,43, , , , , , , , , , , , , , , , , , , , , , , , , , , , , , , , ,4315,1766766908883,,, , , , , , , , , ,3145728,4288,34,34,11,34, , , , , , , , ,3,3, , ,1, , , , , , , , , , , , , , , , , , , ,194455360, , , , , , , , , , , , , , , , , , , , , , , , , , , , , , , , , , , , , , , , , , ,12, , , , , , , , , , 
2025-12-26 17:11:08.974 UTC, , , , , , , , , ,125,3171373,24848,672, ,4, , , , , , , , , , , ,4,4, , , ,1,2,4, , , , , , , , , , , ,1, , , ,3171373,3536,2, ,2363, , , , ,4315,619234500608,43,43,43,43, , , , , , , , , , , , , , , , , , , , , , , , , , , , , , , , ,4315,1766766908883,,, , , , , , , , , ,3145728,4288,32,32,11,32, , , , , , , , ,3,3, , ,1, , , , , , , , , , , , , , , , , , , ,194455360,1, , , , , , , , , , , , , , , , , , , , , , , , , , , , , , , , , , , , , , , , , ,12, , , , , , , , , , 
2025-12-26 17:12:08.973 UTC, , , , , , , , , ,125,3171373,24848,672, ,4, , , , , , , , , , , ,4,4, , , ,1,2,4, , , , , , , , , , , ,1, , , ,3171373,3536,2, ,2363, , , , ,4315,619234500608,43,43,43,43, , , , , , , , , , , , , , , , , , , , , , , , , , , , , , , , ,4315,1766766908883,,, , , , , , , , , ,3145728,4288,31,31,10,31, , , , , , , , ,3,3, , ,1, , , , , , , , , , , , , , , , , , , ,194455360,1, , , , , , , , , , , , , , , , , , , , , , , , , , , , , , , , , , , , , , , , , ,12, , , , , , , , , , 
2025-12-26 17:13:08.975 UTC, , , , , , , , , ,125,3171373,24848,672, ,4, , , , , , , , , , , ,4,4, , , ,1,2,4, , , , , , , , , , , ,1, , , ,3171373,3536,2, ,2363, , , , ,4315,619234496512,43,43,43,43, , , , , , , , , , , , , , , , , , , , , , , , , , , , , , , , ,4315,1766766908883,,, , , , , , , , , ,3145728,4288,30,30,10,30, , , , , , , , ,3,3, , ,1, , , , , , , , , , , , , , , , , , , ,194455360, , , , , , , , , , , , , , , , , , , , , , , , , , , , , , , , , , , , , , , , , , ,12, , , , , , , , , , 
2025-12-26 17:14:08.974 UTC, , , , , , , , , ,125,3171373,24848,672, ,4, , , , , , , , , , , ,4,4, , , ,1,2,4, , , , , , , , , , , ,1, , , ,3171373,3536,2, ,2363, , , , ,4315,619234496512,43,43,43,43, , , , , , , , , , , , , , , , , , , , , , , , , , , , , , , , ,4315,1766766908883,,, , , , , , , , , ,3145728,4288,37,37,12,37, , , , , , , , ,3,3, , ,1, , , , , , , , , , , , , , , , , , , ,194455360, , , , , , , , , , , , , , , , , , , , , , , , , , , , , , , , , , , , , , , , , , ,12, , , , , , , , , , 
2025-12-26 17:15:08.974 UTC, , , , , , , , , ,125,3171373,24848,672, ,4, , , , , , , , , , , ,4,4, , , ,1,2,4, , , , , , , , , , , ,1, , , ,3171373,3536,2, ,2363, , , , ,4315,619234496512,43,43,43,43, , , , , , , , , , , , , , , , , , , , , , , , , , , , , , , , ,4315,1766766908883,,, , , , , , , , , ,3145728,4288,35,35,12,35, , , , , , , , ,3,3, , ,1, , , , , , , , , , , , , , , , , , , ,196552512,1, , , , , , , , , , , , , , , , , , , , , , , , , , , , , , , , , , , , , , , , , ,12, , , , , , , , , , 
2025-12-26 17:16:08.974 UTC, , , , , , , , , ,125,3171373,24848,672, ,4, , , , , , , , , , , ,4,4, , , ,1,2,4, , , , , , , , , , , ,1, , , ,3171373,3536,2, ,2363, , , , ,4315,619234496512,43,43,43,43, , , , , , , , , , , , , , , , , , , , , , , , , , , , , , , , ,4315,1766766908883,,, , , , , , , , , ,3145728,4288,32,32,11,32, , , , , , , , ,3,3, , ,1, , , , , , , , , , , , , , , , , , , ,196552512,1, , , , , , , , , , , , , , , , , , , , , , , , , , , , , , , , , , , , , , , , , ,12, , , , , , , , , , 
2025-12-26 17:17:08.973 UTC, , , , , , , , , ,125,3171373,24848,672, ,4, , , , , , , , , , , ,4,4, , , ,1,2,4, , , , , , , , , , , ,1, , , ,3171373,3536,2, ,2363, , , , ,4315,619234496512,43,43,43,43, , , , , , , , , , , , , , , , , , , , , , , , , , , , , , , , ,4315,1766766908883,,, , , , , , , , , ,3145728,4288,30,30,10,30, , , , , , , , ,3,3, , ,1, , , , , , , , , , , , , , , , , , , ,196552512,1, , , , , , , , , , , , , , , , , , , , , , , , , , , , , , , , , , , , , , , , , ,12, , , , , , , , , , 
2025-12-26 17:18:08.974 UTC, , , , , , , , , ,125,3171373,24848,672, ,4, , , , , , , , , , , ,4,4, , , ,1,2,4, , , , , , , , , , , ,1, , , ,3171373,3536,2, ,2363, , , , ,4315,619234496512,43,43,43,43, , , , , , , , , , , , , , , , , , , , , , , , , , , , , , , , ,4315,1766766908883,,, , , , , , , , , ,3145728,4288,46,46,15,46, , , , , , , , ,3,3, , ,1, , , , , , , , , , , , , , , , , , , ,196552512,1, , , , , , , , , , , , , , , , , , , , , , , , , , , , , , , , , , , , , , , , , ,12, , , , , , , , , , 
2025-12-26 17:19:08.974 UTC, , , , , , , , , ,125,3171373,24848,672, ,4, , , , , , , , , , , ,4,4, , , ,1,2,4, , , , , , , , , , , ,1, , , ,3171373,3536,2, ,2363, , , , ,4315,619234496512,43,43,43,43, , , , , , , , , , , , , , , , , , , , , , , , , , , , , , , , ,4315,1766766908883,,, , , , , , , , , ,3145728,4288,35,35,12,35, , , , , , , , ,3,3, , ,1, , , , , , , , , , , , , , , , , , , ,196552512,1, , , , , , , , , , , , , , , , , , , , , , , , , , , , , , , , , , , , , , , , , ,12, , , , , , , , , , 
2025-12-26 17:20:08.977 UTC, , , , , , , , , ,125,3171373,24848,672, ,4, , , , , , , , , , , ,4,4, , , ,1,2,4, , , , , , , , , , , ,1, , , ,3171373,3536,2, ,2363, , , , ,4315,619234496512,43,43,43,43, , , , , , , , , , , , , , , , , , , , , , , , , , , , , , , , ,4315,1766766908883,,, , , , , , , , , ,3145728,4288,34,34,12,34, , , , , , , , ,3,3, , ,1, , , , , , , , , , , , , , , , , , , ,198649664,1, , , , , , , , , , , , , , , , , , , , , , , , , , , , , , , , , , , , , , , , , ,12, , , , , , , , , , 
2025-12-26 17:21:08.976 UTC, , , , , , , , , ,125,3171373,24848,672, ,4, , , , , , , , , , , ,4,4, , , ,1,2,4, , , , , , , , , , , ,1, , , ,3171373,3536,2, ,2363, , , , ,4315,619234492416,43,43,43,43, , , , , , , , , , , , , , , , , , , , , , , , , , , , , , , , ,4315,1766766908883,,, , , , , , , , , ,3145728,4288,32,32,11,32, , , , , , , , ,3,3, , ,1, , , , , , , , , , , , , , , , , , , ,198649664,1, , , , , , , , , , , , , , , , , , , , , , , , , , , , , , , , , , , , , , , , , ,12, , , , , , , , , , 
2025-12-26 17:22:08.977 UTC, , , , , , , , , ,125,3171373,24848,672, ,4, , , , , , , , , , , ,4,4, , , ,1,2,4, , , , , , , , , , , ,1, , , ,3171373,3536,2, ,2363, , , , ,4315,619234492416,43,43,43,43, , , , , , , , , , , , , , , , , , , , , , , , , , , , , , , , ,4315,1766766908883,,, , , , , , , , , ,3145728,4288,37,37,12,37, , , , , , , , ,3,3, , ,1, , , , , , , , , , , , , , , , , , , ,198649664,1, , , , , , , , , , , , , , , , , , , , , , , , , , , , , , , , , , , , , , , , , ,12, , , , , , , , , , 
2025-12-26 17:23:08.976 UTC, , , , , , , , , ,125,3171373,24848,672, ,4, , , , , , , , , , , ,4,4, , , ,1,2,4, , , , , , , , , , , ,1, , , ,3171373,3536,2, ,2363, , , , ,4315,619234492416,43,43,43,43, , , , , , , , , , , , , , , , , , , , , , , , , , , , , , , , ,4315,1766766908883,,, , , , , , , , , ,3145728,4288,28,28,9,28, , , , , , , , ,3,3, , ,1, , , , , , , , , , , , , , , , , , , ,198649664,1, , , , , , , , , , , , , , , , , , , , , , , , , , , , , , , , , , , , , , , , , ,12, , , , , , , , , , 
2025-12-26 17:24:08.976 UTC, , , , , , , , , ,125,3171373,24848,672, ,4, , , , , , , , , , , ,4,4, , , ,1,2,4, , , , , , , , , , , ,1, , , ,3171373,3536,2, ,2363, , , , ,4315,619234492416,43,43,43,43, , , , , , , , , , , , , , , , , , , , , , , , , , , , , , , , ,4315,1766766908883,,, , , , , , , , , ,3145728,4288,36,36,12,36, , , , , , , , ,3,3, , ,1, , , , , , , , , , , , , , , , , , , ,198649664, , , , , , , , , , , , , , , , , , , , , , , , , , , , , , , , , , , , , , , , , , ,12, , , , , , , , , , 
2025-12-26 17:25:08.975 UTC, , , , , , , , , ,125,3171373,24848,672, ,4, , , , , , , , , , , ,4,4, , , ,1,2,4, , , , , , , , , , , ,1, , , ,3171373,3536,2, ,2363, , , , ,4315,619234492416,43,43,43,43, , , , , , , , , , , , , , , , , , , , , , , , , , , , , , , , ,4315,1766766908883,,, , , , , , , , , ,3145728,4288,34,34,11,34, , , , , , , , ,3,3, , ,1, , , , , , , , , , , , , , , , , , , ,198649664, , , , , , , , , , , , , , , , , , , , , , , , , , , , , , , , , , , , , , , , , , ,12, , , , , , , , , , 
2025-12-26 17:26:08.976 UTC, , , , , , , , , ,125,3171373,24848,672, ,4, , , , , , , , , , , ,4,4, , , ,1,2,4, , , , , , , , , , , ,1, , , ,3171373,3536,2, ,2363, , , , ,4315,619234492416,43,43,43,43, , , , , , , , , , , , , , , , , , , , , , , , , , , , , , , , ,4315,1766766908883,,, , , , , , , , , ,3145728,4288,33,33,11,33, , , , , , , , ,3,3, , ,1, , , , , , , , , , , , , , , , , , , ,198649664,1, , , , , , , , , , , , , , , , , , , , , , , , , , , , , , , , , , , , , , , , , ,12, , , , , , , , , , 
2025-12-26 17:27:08.975 UTC, , , , , , , , , ,125,3171373,24848,672, ,4, , , , , , , , , , , ,4,4, , , ,1,2,4, , , , , , , , , , , ,1, , , ,3171373,3536,2, ,2363, , , , ,4315,619234492416,43,43,43,43, , , , , , , , , , , , , , , , , , , , , , , , , , , , , , , , ,4315,1766766908883,,, , , , , , , , , ,3145728,4288,32,32,11,32, , , , , , , , ,3,3, , ,1, , , , , , , , , , , , , , , , , , , ,198649664, , , , , , , , , , , , , , , , , , , , , , , , , , , , , , , , , , , , , , , , , , ,12, , , , , , , , , , 
2025-12-26 17:28:08.975 UTC, , , , , , , , , ,125,3171373,24848,672, ,4, , , , , , , , , , , ,4,4, , , ,1,2,4, , , , , , , , , , , ,1, , , ,3171373,3536,2, ,2363, , , , ,4315,619234492416,43,43,43,43, , , , , , , , , , , , , , , , , , , , , , , , , , , , , , , , ,4315,1766766908883,,, , , , , , , , , ,3145728,4288,31,31,10,31, , , , , , , , ,3,3, , ,1, , , , , , , , , , , , , , , , , , , ,200746816,1, , , , , , , , , , , , , , , , , , , , , , , , , , , , , , , , , , , , , , , , , ,12, , , , , , , , , , 
2025-12-26 17:29:08.975 UTC, , , , , , , , , ,125,3171373,24848,672, ,4, , , , , , , , , , , ,4,4, , , ,1,2,4, , , , , , , , , , , ,1, , , ,3171373,3536,2, ,2363, , , , ,4315,619234488320,43,43,43,43, , , , , , , , , , , , , , , , , , , , , , , , , , , , , , , , ,4315,1766766908883,,, , , , , , , , , ,3145728,4288,30,30,10,30, , , , , , , , ,3,3, , ,1, , , , , , , , , , , , , , , , , , , ,200746816, , , , , , , , , , , , , , , , , , , , , , , , , , , , , , , , , , , , , , , , , , ,12, , , , , , , , , , 
2025-12-26 17:30:08.976 UTC, , , , , , , , , ,125,3171373,24848,672, ,4, , , , , , , , , , , ,4,4, , , ,1,2,4, , , , , , , , , , , ,1, , , ,3171373,3536,2, ,2363, , , , ,4315,619234488320,43,43,43,43, , , , , , , , , , , , , , , , , , , , , , , , , , , , , , , , ,4315,1766766908883,,, , , , , , , , , ,3145728,4288,37,37,12,37, , , , , , , , ,3,3, , ,1, , , , , , , , , , , , , , , , , , , ,200746816, , , , , , , , , , , , , , , , , , , , , , , , , , , , , , , , , , , , , , , , , , ,12, , , , , , , , , , 
2025-12-26 17:31:08.976 UTC, , , , , , , , , ,125,3171373,24848,672, ,4, , , , , , , , , , , ,4,4, , , ,1,2,4, , , , , , , , , , , ,1, , , ,3171373,3536,2, ,2363, , , , ,4315,619234488320,43,43,43,43, , , , , , , , , , , , , , , , , , , , , , , , , , , , , , , , ,4315,1766766908883,,, , , , , , , , , ,3145728,4288,35,35,11,35, , , , , , , , ,3,3, , ,1, , , , , , , , , , , , , , , , , , , ,200746816,1, , , , , , , , , , , , , , , , , , , , , , , , , , , , , , , , , , , , , , , , , ,12, , , , , , , , , , 
2025-12-26 17:32:08.975 UTC, , , , , , , , , ,125,3171373,24848,672, ,4, , , , , , , , , , , ,4,4, , , ,1,2,4, , , , , , , , , , , ,1, , , ,3171373,3536,2, ,2363, , , , ,4315,619234488320,43,43,43,43, , , , , , , , , , , , , , , , , , , , , , , , , , , , , , , , ,4315,1766766908883,,, , , , , , , , , ,3145728,4288,33,33,11,33, , , , , , , , ,3,3, , ,1, , , , , , , , , , , , , , , , , , , ,200746816,1, , , , , , , , , , , , , , , , , , , , , , , , , , , , , , , , , , , , , , , , , ,12, , , , , , , , , , 
2025-12-26 17:33:08.974 UTC, , , , , , , , , ,125,3171373,24848,672, ,4, , , , , , , , , , , ,4,4, , , ,1,2,4, , , , , , , , , , , ,1, , , ,3171373,3536,2, ,2363, , , , ,4315,619234488320,43,43,43,43, , , , , , , , , , , , , , , , , , , , , , , , , , , , , , , , ,4315,1766766908883,,, , , , , , , , , ,3145728,4288,32,32,11,32, , , , , , , , ,3,3, , ,1, , , , , , , , , , , , , , , , , , , ,202843968, , , , , , , , , , , , , , , , , , , , , , , , , , , , , , , , , , , , , , , , , , ,12, , , , , , , , , , 
2025-12-26 17:34:08.974 UTC, , , , , , , , , ,125,3171373,24848,672, ,4, , , , , , , , , , , ,4,4, , , ,1,2,4, , , , , , , , , , , ,1, , , ,3171373,3536,2, ,2363, , , , ,4315,619234488320,43,43,43,43, , , , , , , , , , , , , , , , , , , , , , , , , , , , , , , , ,4315,1766766908883,,, , , , , , , , , ,3145728,4288,30,30,10,30, , , , , , , , ,3,3, , ,1, , , , , , , , , , , , , , , , , , , ,202843968,1, , , , , , , , , , , , , , , , , , , , , , , , , , , , , , , , , , , , , , , , , ,12, , , , , , , , , , 
2025-12-26 17:35:08.974 UTC, , , , , , , , , ,125,3171373,24848,672, ,4, , , , , , , , , , , ,4,4, , , ,1,2,4, , , , , , , , , , , ,1, , , ,3171373,3536,2, ,2363, , , , ,4315,619234488320,43,43,43,43, , , , , , , , , , , , , , , , , , , , , , , , , , , , , , , , ,4315,1766766908883,,, , , , , , , , , ,3145728,4288,37,37,12,37, , , , , , , , ,3,3, , ,1, , , , , , , , , , , , , , , , , , , ,202843968,1, , , , , , , , , , , , , , , , , , , , , , , , , , , , , , , , , , , , , , , , , ,12, , , , , , , , , , 
2025-12-26 17:36:08.974 UTC, , , , , , , , , ,125,3171373,24848,672, ,4, , , , , , , , , , , ,4,4, , , ,1,2,4, , , , , , , , , , , ,1, , , ,3171373,3536,2, ,2363, , , , ,4315,619234488320,43,43,43,43, , , , , , , , , , , , , , , , , , , , , , , , , , , , , , , , ,4315,1766766908883,,, , , , , , , , , ,3145728,4288,36,36,12,36, , , , , , , , ,3,3, , ,1, , , , , , , , , , , , , , , , , , , ,202843968,1, , , , , , , , , , , , , , , , , , , , , , , , , , , , , , , , , , , , , , , , , ,12, , , , , , , , , , 
2025-12-26 17:37:08.973 UTC, , , , , , , , , ,125,3171373,24848,672, ,4, , , , , , , , , , , ,4,4, , , ,1,2,4, , , , , , , , , , , ,1, , , ,3171373,3536,2, ,2363, , , , ,4315,619234484224,43,43,43,43, , , , , , , , , , , , , , , , , , , , , , , , , , , , , , , , ,4315,1766766908883,,, , , , , , , , , ,3145728,4288,35,35,12,35, , , , , , , , ,3,3, , ,1, , , , , , , , , , , , , , , , , , , ,202843968,1, , , , , , , , , , , , , , , , , , , , , , , , , , , , , , , , , , , , , , , , , ,12, , , , , , , , , , 
2025-12-26 17:38:08.973 UTC, , , , , , , , , ,125,3171373,24848,672, ,4, , , , , , , , , , , ,4,4, , , ,1,2,4, , , , , , , , , , , ,1, , , ,3171373,3536,2, ,2363, , , , ,4315,619234484224,43,43,43,43, , , , , , , , , , , , , , , , , , , , , , , , , , , , , , , , ,4315,1766766908883,,, , , , , , , , , ,3145728,4288,33,33,11,33, , , , , , , , ,3,3, , ,1, , , , , , , , , , , , , , , , , , , ,202843968,1, , , , , , , , , , , , , , , , , , , , , , , , , , , , , , , , , , , , , , , , , ,12, , , , , , , , , , 
2025-12-26 17:39:08.973 UTC, , , , , , , , , ,125,3171373,24848,672, ,4, , , , , , , , , , , ,4,4, , , ,1,2,4, , , , , , , , , , , ,1, , , ,3171373,3536,2, ,2363, , , , ,4315,619234484224,43,43,43,43, , , , , , , , , , , , , , , , , , , , , , , , , , , , , , , , ,4315,1766766908883,,, , , , , , , , , ,3145728,4288,32,32,11,32, , , , , , , , ,3,3, , ,1, , , , , , , , , , , , , , , , , , , ,204941120,1, , , , , , , , , , , , , , , , , , , , , , , , , , , , , , , , , , , , , , , , , ,12, , , , , , , , , , 
2025-12-26 17:40:08.975 UTC, , , , , , , , , ,125,3171373,24848,672, ,4, , , , , , , , , , , ,4,4, , , ,1,2,4, , , , , , , , , , , ,1, , , ,3171373,3536,2, ,2363, , , , ,4315,619234484224,43,43,43,43, , , , , , , , , , , , , , , , , , , , , , , , , , , , , , , , ,4315,1766766908883,,, , , , , , , , , ,3145728,4288,30,30,10,30, , , , , , , , ,3,3, , ,1, , , , , , , , , , , , , , , , , , , ,204941120,1, , , , , , , , , , , , , , , , , , , , , , , , , , , , , , , , , , , , , , , , , ,12, , , , , , , , , , 
2025-12-26 17:41:08.977 UTC, , , , , , , , , ,125,3171373,24848,672, ,4, , , , , , , , , , , ,4,4, , , ,1,2,4, , , , , , , , , , , ,1, , , ,3171373,3536,2, ,2363, , , , ,4315,619234484224,43,43,43,43, , , , , , , , , , , , , , , , , , , , , , , , , , , , , , , , ,4315,1766766908883,,, , , , , , , , , ,3145728,4288,30,30,10,30, , , , , , , , ,3,3, , ,1, , , , , , , , , , , , , , , , , , , ,204941120,1, , , , , , , , , , , , , , , , , , , , , , , , , , , , , , , , , , , , , , , , , ,12, , , , , , , , , , 
2025-12-26 17:42:08.977 UTC, , , , , , , , , ,125,3171373,24848,672, ,4, , , , , , , , , , , ,4,4, , , ,1,2,4, , , , , , , , , , , ,1, , , ,3171373,3536,2, ,2363, , , , ,4315,619234484224,43,43,43,43, , , , , , , , , , , , , , , , , , , , , , , , , , , , , , , , ,4315,1766766908883,,, , , , , , , , , ,3145728,4288,36,36,12,36, , , , , , , , ,3,3, , ,1, , , , , , , , , , , , , , , , , , , ,204941120,1, , , , , , , , , , , , , , , , , , , , , , , , , , , , , , , , , , , , , , , , , ,12, , , , , , , , , , 
2025-12-26 17:43:08.976 UTC, , , , , , , , , ,125,3171373,24848,672, ,4, , , , , , , , , , , ,4,4, , , ,1,2,4, , , , , , , , , , , ,1, , , ,3171373,3536,2, ,2363, , , , ,4315,619234484224,43,43,43,43, , , , , , , , , , , , , , , , , , , , , , , , , , , , , , , , ,4315,1766766908883,,, , , , , , , , , ,3145728,4288,36,36,12,36, , , , , , , , ,3,3, , ,1, , , , , , , , , , , , , , , , , , , ,204941120,1, , , , , , , , , , , , , , , , , , , , , , , , , , , , , , , , , , , , , , , , , ,12, , , , , , , , , , 
2025-12-26 17:44:08.976 UTC, , , , , , , , , ,125,3171373,24848,672, ,4, , , , , , , , , , , ,4,4, , , ,1,2,4, , , , , , , , , , , ,1, , , ,3171373,3536,2, ,2363, , , , ,4315,619234484224,43,43,43,43, , , , , , , , , , , , , , , , , , , , , , , , , , , , , , , , ,4315,1766766908883,,, , , , , , , , , ,3145728,4288,33,33,11,33, , , , , , , , ,3,3, , ,1, , , , , , , , , , , , , , , , , , , ,204941120,1, , , , , , , , , , , , , , , , , , , , , , , , , , , , , , , , , , , , , , , , , ,12, , , , , , , , , , 
2025-12-26 17:45:08.975 UTC, , , , , , , , , ,125,3171373,24848,672, ,4, , , , , , , , , , , ,4,4, , , ,1,2,4, , , , , , , , , , , ,1, , , ,3171373,3536,2, ,2363, , , , ,4315,619234480128,43,43,43,43, , , , , , , , , , , , , , , , , , , , , , , , , , , , , , , , ,4315,1766766908883,,, , , , , , , , , ,3145728,4288,31,31,11,31, , , , , , , , ,3,3, , ,1, , , , , , , , , , , , , , , , , , , ,207038272,1, , , , , , , , , , , , , , , , , , , , , , , , , , , , , , , , , , , , , , , , , ,12, , , , , , , , , , 
2025-12-26 17:46:08.975 UTC, , , , , , , , , ,125,3171373,24848,672, ,4, , , , , , , , , , , ,4,4, , , ,1,2,4, , , , , , , , , , , ,1, , , ,3171373,3536,2, ,2363, , , , ,4315,619234480128,43,43,43,43, , , , , , , , , , , , , , , , , , , , , , , , , , , , , , , , ,4315,1766766908883,,, , , , , , , , , ,3145728,4288,4,4,1,4, , , , , , , , ,3,3, , ,1, , , , , , , , , , , , , , , , , , , ,207038272,1, , , , , , , , , , , , , , , , , , , , , , , , , , , , , , , , , , , , , , , , , ,12, , , , , , , , , , 
2025-12-26 17:47:08.974 UTC, , , , , , , , , ,125,3171373,24848,672, ,4, , , , , , , , , , , ,4,4, , , ,1,2,4, , , , , , , , , , , ,1, , , ,3171373,3536,2, ,2363, , , , ,4315,619234480128,43,43,43,43, , , , , , , , , , , , , , , , , , , , , , , , , , , , , , , , ,4315,1766766908883,,, , , , , , , , , ,3145728,4288,36,36,12,36, , , , , , , , ,3,3, , ,1, , , , , , , , , , , , , , , , , , , ,207038272,1, , , , , , , , , , , , , , , , , , , , , , , , , , , , , , , , , , , , , , , , , ,12, , , , , , , , , , 
2025-12-26 17:48:08.974 UTC, , , , , , , , , ,125,3171373,24848,672, ,4, , , , , , , , , , , ,4,4, , , ,1,2,4, , , , , , , , , , , ,1, , , ,3171373,3536,2, ,2363, , , , ,4315,619234480128,43,43,43,43, , , , , , , , , , , , , , , , , , , , , , , , , , , , , , , , ,4315,1766766908883,,, , , , , , , , , ,3145728,4288,42,42,22,42, , , , , , , , ,3,3, , ,1, , , , , , , , , , , , , , , , , , , ,207038272, , , , , , , , , , , , , , , , , , , , , , , , , , , , , , , , , , , , , , , , , , ,12, , , , , , , , , , 
2025-12-26 17:49:08.973 UTC, , , , , , , , , ,125,3171373,24848,672, ,4, , , , , , , , , , , ,4,4, , , ,1,2,4, , , , , , , , , , , ,1, , , ,3171373,3536,2, ,2363, , , , ,4315,619234480128,43,43,43,43, , , , , , , , , , , , , , , , , , , , , , , , , , , , , , , , ,4315,1766766908883,,, , , , , , , , , ,3145728,4288,33,33,11,33, , , , , , , , ,3,3, , ,1, , , , , , , , , , , , , , , , , , , ,207038272, , , , , , , , , , , , , , , , , , , , , , , , , , , , , , , , , , , , , , , , , , ,12, , , , , , , , , , 
2025-12-26 17:50:08.973 UTC, , , , , , , , , ,125,3171373,24848,672, ,4, , , , , , , , , , , ,4,4, , , ,1,2,4, , , , , , , , , , , ,1, , , ,3171373,3536,2, ,2363, , , , ,4315,619234480128,43,43,43,43, , , , , , , , , , , , , , , , , , , , , , , , , , , , , , , , ,4315,1766766908883,,, , , , , , , , , ,3145728,4288,17,17,6,17, , , , , , , , ,3,3, , ,1, , , , , , , , , , , , , , , , , , , ,209135424,1, , , , , , , , , , , , , , , , , , , , , , , , , , , , , , , , , , , , , , , , , ,12, , , , , , , , , , 
2025-12-26 17:51:08.972 UTC, , , , , , , , , ,125,3171373,24848,672, ,4, , , , , , , , , , , ,4,4, , , ,1,2,4, , , , , , , , , , , ,1, , , ,3171373,3536,2, ,2363, , , , ,4315,619234480128,43,43,43,43, , , , , , , , , , , , , , , , , , , , , , , , , , , , , , , , ,4315,1766766908883,,, , , , , , , , , ,3145728,4288,29,29,10,29, , , , , , , , ,3,3, , ,1, , , , , , , , , , , , , , , , , , , ,209135424, , , , , , , , , , , , , , , , , , , , , , , , , , , , , , , , , , , , , , , , , , ,12, , , , , , , , , , 
2025-12-26 17:52:08.972 UTC, , , , , , , , , ,125,3171373,24848,672, ,4, , , , , , , , , , , ,4,4, , , ,1,2,4, , , , , , , , , , , ,1, , , ,3171373,3536,2, ,2363, , , , ,4315,619234480128,43,43,43,43, , , , , , , , , , , , , , , , , , , , , , , , , , , , , , , , ,4315,1766766908883,,, , , , , , , , , ,3145728,4288,36,36,12,36, , , , , , , , ,3,3, , ,1, , , , , , , , , , , , , , , , , , , ,209135424, , , , , , , , , , , , , , , , , , , , , , , , , , , , , , , , , , , , , , , , , , ,12, , , , , , , , , , 
2025-12-26 17:53:08.972 UTC, , , , , , , , , ,125,3171373,24848,672, ,4, , , , , , , , , , , ,4,4, , , ,1,2,4, , , , , , , , , , , ,1, , , ,3171373,3536,2, ,2363, , , , ,4315,619234476032,43,43,43,43, , , , , , , , , , , , , , , , , , , , , , , , , , , , , , , , ,4315,1766766908883,,, , , , , , , , , ,3145728,4288,34,34,11,34, , , , , , , , ,3,3, , ,1, , , , , , , , , , , , , , , , , , , ,209135424, , , , , , , , , , , , , , , , , , , , , , , , , , , , , , , , , , , , , , , , , , ,12, , , , , , , , , , 
2025-12-26 17:54:08.972 UTC, , , , , , , , , ,125,3171373,24848,672, ,4, , , , , , , , , , , ,4,4, , , ,1,2,4, , , , , , , , , , , ,1, , , ,3171373,3536,2, ,2363, , , , ,4315,619234476032,43,43,43,43, , , , , , , , , , , , , , , , , , , , , , , , , , , , , , , , ,4315,1766766908883,,, , , , , , , , , ,3145728,4288,32,32,11,32, , , , , , , , ,3,3, , ,1, , , , , , , , , , , , , , , , , , , ,209135424,1, , , , , , , , , , , , , , , , , , , , , , , , , , , , , , , , , , , , , , , , , ,12, , , , , , , , , , 
2025-12-26 17:55:08.972 UTC, , , , , , , , , ,125,3171373,24848,672, ,4, , , , , , , , , , , ,4,4, , , ,1,2,4, , , , , , , , , , , ,1, , , ,3171373,3536,2, ,2363, , , , ,4315,619234476032,43,43,43,43, , , , , , , , , , , , , , , , , , , , , , , , , , , , , , , , ,4315,1766766908883,,, , , , , , , , , ,3145728,4288,31,31,10,31, , , , , , , , ,3,3, , ,1, , , , , , , , , , , , , , , , , , , ,209135424,1, , , , , , , , , , , , , , , , , , , , , , , , , , , , , , , , , , , , , , , , , ,12, , , , , , , , , , 
2025-12-26 17:56:08.972 UTC, , , , , , , , , ,125,3171373,24848,672, ,4, , , , , , , , , , , ,4,4, , , ,1,2,4, , , , , , , , , , , ,1, , , ,3171373,3536,2, ,2363, , , , ,4315,619234476032,43,43,43,43, , , , , , , , , , , , , , , , , , , , , , , , , , , , , , , , ,4315,1766766908883,,, , , , , , , , , ,3145728,4288,37,37,12,37, , , , , , , , ,3,3, , ,1, , , , , , , , , , , , , , , , , , , ,209135424,1, , , , , , , , , , , , , , , , , , , , , , , , , , , , , , , , , , , , , , , , , ,12, , , , , , , , , , 
2025-12-26 17:57:08.972 UTC, , , , , , , , , ,125,3171373,24848,672, ,4, , , , , , , , , , , ,4,4, , , ,1,2,4, , , , , , , , , , , ,1, , , ,3171373,3536,2, ,2363, , , , ,4315,619234476032,43,43,43,43, , , , , , , , , , , , , , , , , , , , , , , , , , , , , , , , ,4315,1766766908883,,, , , , , , , , , ,3145728,4288,34,34,12,34, , , , , , , , ,3,3, , ,1, , , , , , , , , , , , , , , , , , , ,211232576,1, , , , , , , , , , , , , , , , , , , , , , , , , , , , , , , , , , , , , , , , , ,12, , , , , , , , , , 
2025-12-26 17:58:08.972 UTC, , , , , , , , , ,125,3171373,24848,672, ,4, , , , , , , , , , , ,4,4, , , ,1,2,4, , , , , , , , , , , ,1, , , ,3171373,3536,2, ,2363, , , , ,4315,619234476032,43,43,43,43, , , , , , , , , , , , , , , , , , , , , , , , , , , , , , , , ,4315,1766766908883,,, , , , , , , , , ,3145728,4288,46,46,26,46, , , , , , , , ,3,3, , ,1, , , , , , , , , , , , , , , , , , , ,211232576,1, , , , , , , , , , , , , , , , , , , , , , , , , , , , , , , , , , , , , , , , , ,12, , , , , , , , , , 
2025-12-26 17:59:08.974 UTC, , , , , , , , , ,125,3171373,24848,672, ,4, , , , , , , , , , , ,4,4, , , ,1,2,4, , , , , , , , , , , ,1, , , ,3171373,3536,2, ,2363, , , , ,4315,619234476032,43,43,43,43, , , , , , , , , , , , , , , , , , , , , , , , , , , , , , , , ,4315,1766766908883,,, , , , , , , , , ,3145728,4288,31,31,11,31, , , , , , , , ,3,3, , ,1, , , , , , , , , , , , , , , , , , , ,211232576,1, , , , , , , , , , , , , , , , , , , , , , , , , , , , , , , , , , , , , , , , , ,12, , , , , , , , , , 
2025-12-26 18:00:08.973 UTC, , , , , , , , , ,125,3171373,24848,672, ,4, , , , , , , , , , , ,4,4, , , ,1,2,4, , , , , , , , , , , ,1, , , ,3171373,3536,2, ,2363, , , , ,4315,619234476032,43,43,43,43, , , , , , , , , , , , , , , , , , , , , , , , , , , , , , , , ,4315,1766766908883,,, , , , , , , , , ,3145728,4288,37,37,13,37, , , , , , , , ,3,3, , ,1, , , , , , , , , , , , , , , , , , , ,211232576,1, , , , , , , , , , , , , , , , , , , , , , , , , , , , , , , , , , , , , , , , , ,12, , , , , , , , , , 
2025-12-26 18:01:08.973 UTC, , , , , , , , , ,125,3171373,24848,672, ,4, , , , , , , , , , , ,4,4, , , ,1,2,4, , , , , , , , , , , ,1, , , ,3171373,3536,2, ,2363, , , , ,4315,619234471936,43,43,43,43, , , , , , , , , , , , , , , , , , , , , , , , , , , , , , , , ,4315,1766766908883,,, , , , , , , , , ,3145728,4288,36,36,12,36, , , , , , , , ,3,3, , ,1, , , , , , , , , , , , , , , , , , , ,211232576,1, , , , , , , , , , , , , , , , , , , , , , , , , , , , , , , , , , , , , , , , , ,12, , , , , , , , , , 
2025-12-26 18:02:08.972 UTC, , , , , , , , , ,125,3171373,24848,672, ,4, , , , , , , , , , , ,4,4, , , ,1,2,4, , , , , , , , , , , ,1, , , ,3171373,3536,2, ,2363, , , , ,4315,619234471936,43,43,43,43, , , , , , , , , , , , , , , , , , , , , , , , , , , , , , , , ,4315,1766766908883,,, , , , , , , , , ,3145728,4288,33,33,11,33, , , , , , , , ,3,3, , ,1, , , , , , , , , , , , , , , , , , , ,211232576,1, , , , , , , , , , , , , , , , , , , , , , , , , , , , , , , , , , , , , , , , , ,12, , , , , , , , , , 
2025-12-26 18:03:08.972 UTC, , , , , , , , , ,125,3171373,24848,672, ,4, , , , , , , , , , , ,4,4, , , ,1,2,4, , , , , , , , , , , ,1, , , ,3171373,3536,2, ,2363, , , , ,4315,619234471936,43,43,43,43, , , , , , , , , , , , , , , , , , , , , , , , , , , , , , , , ,4315,1766766908883,,, , , , , , , , , ,3145728,4288,32,32,11,32, , , , , , , , ,3,3, , ,1, , , , , , , , , , , , , , , , , , , ,211232576, , , , , , , , , , , , , , , , , , , , , , , , , , , , , , , , , , , , , , , , , , ,12, , , , , , , , , , 
2025-12-26 18:04:08.971 UTC, , , , , , , , , ,125,3171373,24848,672, ,4, , , , , , , , , , , ,4,4, , , ,1,2,4, , , , , , , , , , , ,1, , , ,3171373,3536,2, ,2363, , , , ,4315,619234471936,43,43,43,43, , , , , , , , , , , , , , , , , , , , , , , , , , , , , , , , ,4315,1766766908883,,, , , , , , , , , ,3145728,4288,30,30,10,30, , , , , , , , ,3,3, , ,1, , , , , , , , , , , , , , , , , , , ,213329728,1, , , , , , , , , , , , , , , , , , , , , , , , , , , , , , , , , , , , , , , , , ,12, , , , , , , , , , 
2025-12-26 18:05:08.971 UTC, , , , , , , , , ,125,3171373,24848,672, ,4, , , , , , , , , , , ,4,4, , , ,1,2,4, , , , , , , , , , , ,1, , , ,3171373,3536,2, ,2363, , , , ,4315,619234471936,43,43,43,43, , , , , , , , , , , , , , , , , , , , , , , , , , , , , , , , ,4315,1766766908883,,, , , , , , , , , ,3145728,4288,28,28,9,28, , , , , , , , ,3,3, , ,1, , , , , , , , , , , , , , , , , , , ,213329728,1, , , , , , , , , , , , , , , , , , , , , , , , , , , , , , , , , , , , , , , , , ,12, , , , , , , , , , 
2025-12-26 18:06:08.971 UTC, , , , , , , , , ,125,3171373,24848,672, ,4, , , , , , , , , , , ,4,4, , , ,1,2,4, , , , , , , , , , , ,1, , , ,3171373,3536,2, ,2363, , , , ,4315,619234471936,43,43,43,43, , , , , , , , , , , , , , , , , , , , , , , , , , , , , , , , ,4315,1766766908883,,, , , , , , , , , ,3145728,4288,35,35,12,35, , , , , , , , ,3,3, , ,1, , , , , , , , , , , , , , , , , , , ,213329728, , , , , , , , , , , , , , , , , , , , , , , , , , , , , , , , , , , , , , , , , , ,12, , , , , , , , , , 
2025-12-26 18:07:08.970 UTC, , , , , , , , , ,125,3171373,24848,672, ,4, , , , , , , , , , , ,4,4, , , ,1,2,4, , , , , , , , , , , ,1, , , ,3171373,3536,2, ,2363, , , , ,4315,619234471936,43,43,43,43, , , , , , , , , , , , , , , , , , , , , , , , , , , , , , , , ,4315,1766766908883,,, , , , , , , , , ,3145728,4288,34,34,11,34, , , , , , , , ,3,3, , ,1, , , , , , , , , , , , , , , , , , , ,213329728, , , , , , , , , , , , , , , , , , , , , , , , , , , , , , , , , , , , , , , , , , ,12, , , , , , , , , , 
2025-12-26 18:08:08.971 UTC, , , , , , , , , ,125,3171373,24848,672, ,4, , , , , , , , , , , ,4,4, , , ,1,2,4, , , , , , , , , , , ,1, , , ,3171373,3536,2, ,2363, , , , ,4315,619234471936,43,43,43,43, , , , , , , , , , , , , , , , , , , , , , , , , , , , , , , , ,4315,1766766908883,,, , , , , , , , , ,3145728,4288,30,30,10,30, , , , , , , , ,3,3, , ,1, , , , , , , , , , , , , , , , , , , ,213329728, , , , , , , , , , , , , , , , , , , , , , , , , , , , , , , , , , , , , , , , , , ,12, , , , , , , , , , 
2025-12-26 18:09:08.970 UTC, , , , , , , , , ,125,3171373,24848,672, ,4, , , , , , , , , , , ,4,4, , , ,1,2,4, , , , , , , , , , , ,1, , , ,3171373,3536,2, ,2363, , , , ,4315,619234467840,43,43,43,43, , , , , , , , , , , , , , , , , , , , , , , , , , , , , , , , ,4315,1766766908883,,, , , , , , , , , ,3145728,4288,67,67,23,67, , , , , , , , ,3,3, , ,1, , , , , , , , , , , , , , , , , , , ,213329728, , , , , , , , , , , , , , , , , , , , , , , , , , , , , , , , , , , , , , , , , , ,12, , , , , , , , , , 
2025-12-26 18:10:08.971 UTC, , , , , , , , , ,125,3171373,24848,672, ,4, , , , , , , , , , , ,4,4, , , ,1,2,4, , , , , , , , , , , ,1, , , ,3171373,3536,2, ,2363, , , , ,4315,619234467840,43,43,43,43, , , , , , , , , , , , , , , , , , , , , , , , , , , , , , , , ,4315,1766766908883,,, , , , , , , , , ,3145728,4288,28,28,9,28, , , , , , , , ,3,3, , ,1, , , , , , , , , , , , , , , , , , , ,215426880, , , , , , , , , , , , , , , , , , , , , , , , , , , , , , , , , , , , , , , , , , ,12, , , , , , , , , , 
2025-12-26 18:11:08.971 UTC, , , , , , , , , ,125,3171373,24848,672, ,4, , , , , , , , , , , ,4,4, , , ,1,2,4, , , , , , , , , , , ,1, , , ,3171373,3536,2, ,2363, , , , ,4315,619234467840,43,43,43,43, , , , , , , , , , , , , , , , , , , , , , , , , , , , , , , , ,4315,1766766908883,,, , , , , , , , , ,3145728,4288,35,35,11,35, , , , , , , , ,3,3, , ,1, , , , , , , , , , , , , , , , , , , ,215426880,1, , , , , , , , , , , , , , , , , , , , , , , , , , , , , , , , , , , , , , , , , ,12, , , , , , , , , , 
2025-12-26 18:12:08.971 UTC, , , , , , , , , ,125,3171373,24848,672, ,4, , , , , , , , , , , ,4,4, , , ,1,2,4, , , , , , , , , , , ,1, , , ,3171373,3536,2, ,2363, , , , ,4315,619234467840,43,43,43,43, , , , , , , , , , , , , , , , , , , , , , , , , , , , , , , , ,4315,1766766908883,,, , , , , , , , , ,3145728,4288,41,41,14,41, , , , , , , , ,3,3, , ,1, , , , , , , , , , , , , , , , , , , ,215426880, , , , , , , , , , , , , , , , , , , , , , , , , , , , , , , , , , , , , , , , , , ,12, , , , , , , , , , 
2025-12-26 18:13:08.974 UTC, , , , , , , , , ,125,3171373,24848,672, ,4, , , , , , , , , , , ,4,4, , , ,1,2,4, , , , , , , , , , , ,1, , , ,3171373,3536,2, ,2363, , , , ,4315,619234467840,43,43,43,43, , , , , , , , , , , , , , , , , , , , , , , , , , , , , , , , ,4315,1766766908883,,, , , , , , , , , ,3145728,4288,32,32,10,32, , , , , , , , ,3,3, , ,1, , , , , , , , , , , , , , , , , , , ,215426880, , , , , , , , , , , , , , , , , , , , , , , , , , , , , , , , , , , , , , , , , , ,12, , , , , , , , , , 
2025-12-26 18:14:08.974 UTC, , , , , , , , , ,125,3171373,24848,672, ,4, , , , , , , , , , , ,4,4, , , ,1,2,4, , , , , , , , , , , ,1, , , ,3171373,3536,2, ,2363, , , , ,4315,619234467840,43,43,43,43, , , , , , , , , , , , , , , , , , , , , , , , , , , , , , , , ,4315,1766766908883,,, , , , , , , , , ,3145728,4288,32,32,11,32, , , , , , , , ,3,3, , ,1, , , , , , , , , , , , , , , , , , , ,215426880,1, , , , , , , , , , , , , , , , , , , , , , , , , , , , , , , , , , , , , , , , , ,12, , , , , , , , , , 
2025-12-26 18:15:08.973 UTC, , , , , , , , , ,125,3171373,24848,672, ,4, , , , , , , , , , , ,4,4, , , ,1,2,4, , , , , , , , , , , ,1, , , ,3171373,3536,2, ,2363, , , , ,4315,619234467840,43,43,43,43, , , , , , , , , , , , , , , , , , , , , , , , , , , , , , , , ,4315,1766766908883,,, , , , , , , , , ,3145728,4288,46,46,15,46, , , , , , , , ,3,3, , ,1, , , , , , , , , , , , , , , , , , , ,217524032,1, , , , , , , , , , , , , , , , , , , , , , , , , , , , , , , , , , , , , , , , , ,12, , , , , , , , , , 
2025-12-26 18:16:08.973 UTC, , , , , , , , , ,125,3171373,24848,672, ,4, , , , , , , , , , , ,4,4, , , ,1,2,4, , , , , , , , , , , ,1, , , ,3171373,3536,2, ,2363, , , , ,4315,619234467840,43,43,43,43, , , , , , , , , , , , , , , , , , , , , , , , , , , , , , , , ,4315,1766766908883,,, , , , , , , , , ,3145728,4288,36,36,12,36, , , , , , , , ,3,3, , ,1, , , , , , , , , , , , , , , , , , , ,217524032,1, , , , , , , , , , , , , , , , , , , , , , , , , , , , , , , , , , , , , , , , , ,12, , , , , , , , , , 
2025-12-26 18:17:08.973 UTC, , , , , , , , , ,125,3171373,24848,672, ,4, , , , , , , , , , , ,4,4, , , ,1,2,4, , , , , , , , , , , ,1, , , ,3171373,3536,2, ,2363, , , , ,4315,619234463744,43,43,43,43, , , , , , , , , , , , , , , , , , , , , , , , , , , , , , , , ,4315,1766766908883,,, , , , , , , , , ,3145728,4288,35,35,12,35, , , , , , , , ,3,3, , ,1, , , , , , , , , , , , , , , , , , , ,217524032,1, , , , , , , , , , , , , , , , , , , , , , , , , , , , , , , , , , , , , , , , , ,12, , , , , , , , , , 
2025-12-26 18:18:08.973 UTC, , , , , , , , , ,125,3171373,24848,672, ,4, , , , , , , , , , , ,4,4, , , ,1,2,4, , , , , , , , , , , ,1, , , ,3171373,3536,2, ,2363, , , , ,4315,619234463744,43,43,43,43, , , , , , , , , , , , , , , , , , , , , , , , , , , , , , , , ,4315,1766766908883,,, , , , , , , , , ,3145728,4288,32,32,11,32, , , , , , , , ,3,3, , ,1, , , , , , , , , , , , , , , , , , , ,217524032,1, , , , , , , , , , , , , , , , , , , , , , , , , , , , , , , , , , , , , , , , , ,12, , , , , , , , , , 
2025-12-26 18:19:08.972 UTC, , , , , , , , , ,125,3171373,24848,672, ,4, , , , , , , , , , , ,4,4, , , ,1,2,4, , , , , , , , , , , ,1, , , ,3171373,3536,2, ,2363, , , , ,4315,619234463744,43,43,43,43, , , , , , , , , , , , , , , , , , , , , , , , , , , , , , , , ,4315,1766766908883,,, , , , , , , , , ,3145728,4288,30,30,11,30, , , , , , , , ,3,3, , ,1, , , , , , , , , , , , , , , , , , , ,217524032,1, , , , , , , , , , , , , , , , , , , , , , , , , , , , , , , , , , , , , , , , , ,12, , , , , , , , , , 
2025-12-26 18:20:08.972 UTC, , , , , , , , , ,125,3171373,24848,672, ,4, , , , , , , , , , , ,4,4, , , ,1,2,4, , , , , , , , , , , ,1, , , ,3171373,3536,2, ,2363, , , , ,4315,619234463744,43,43,43,43, , , , , , , , , , , , , , , , , , , , , , , , , , , , , , , , ,4315,1766766908883,,, , , , , , , , , ,3145728,4288,37,37,13,37, , , , , , , , ,3,3, , ,1, , , , , , , , , , , , , , , , , , , ,217524032,1, , , , , , , , , , , , , , , , , , , , , , , , , , , , , , , , , , , , , , , , , ,12, , , , , , , , , , 
2025-12-26 18:21:08.972 UTC, , , , , , , , , ,125,3171373,24848,672, ,4, , , , , , , , , , , ,4,4, , , ,1,2,4, , , , , , , , , , , ,1, , , ,3171373,3536,2, ,2363, , , , ,4315,619234463744,43,43,43,43, , , , , , , , , , , , , , , , , , , , , , , , , , , , , , , , ,4315,1766766908883,,, , , , , , , , , ,3145728,4288,36,36,12,36, , , , , , , , ,3,3, , ,1, , , , , , , , , , , , , , , , , , , ,219621184,1, , , , , , , , , , , , , , , , , , , , , , , , , , , , , , , , , , , , , , , , , ,12, , , , , , , , , , 
2025-12-26 18:22:08.972 UTC, , , , , , , , , ,125,3171373,24848,672, ,4, , , , , , , , , , , ,4,4, , , ,1,2,4, , , , , , , , , , , ,1, , , ,3171373,3536,2, ,2363, , , , ,4315,619234463744,43,43,43,43, , , , , , , , , , , , , , , , , , , , , , , , , , , , , , , , ,4315,1766766908883,,, , , , , , , , , ,3145728,4288,35,35,12,35, , , , , , , , ,3,3, , ,1, , , , , , , , , , , , , , , , , , , ,219621184,1, , , , , , , , , , , , , , , , , , , , , , , , , , , , , , , , , , , , , , , , , ,12, , , , , , , , , , 
2025-12-26 18:23:08.971 UTC, , , , , , , , , ,125,3171373,24848,672, ,4, , , , , , , , , , , ,4,4, , , ,1,2,4, , , , , , , , , , , ,1, , , ,3171373,3536,2, ,2363, , , , ,4315,619234463744,43,43,43,43, , , , , , , , , , , , , , , , , , , , , , , , , , , , , , , , ,4315,1766766908883,,, , , , , , , , , ,3145728,4288,33,33,11,33, , , , , , , , ,3,3, , ,1, , , , , , , , , , , , , , , , , , , ,219621184,1, , , , , , , , , , , , , , , , , , , , , , , , , , , , , , , , , , , , , , , , , ,12, , , , , , , , , , 
2025-12-26 18:24:08.971 UTC, , , , , , , , , ,125,3171373,24848,672, ,4, , , , , , , , , , , ,4,4, , , ,1,2,4, , , , , , , , , , , ,1, , , ,3171373,3536,2, ,2363, , , , ,4315,619234463744,43,43,43,43, , , , , , , , , , , , , , , , , , , , , , , , , , , , , , , , ,4315,1766766908883,,, , , , , , , , , ,3145728,4288,31,31,10,31, , , , , , , , ,3,3, , ,1, , , , , , , , , , , , , , , , , , , ,219621184,1, , , , , , , , , , , , , , , , , , , , , , , , , , , , , , , , , , , , , , , , , ,12, , , , , , , , , , 
2025-12-26 18:25:08.969 UTC, , , , , , , , , ,125,3171373,24848,672, ,4, , , , , , , , , , , ,4,4, , , ,1,2,4, , , , , , , , , , , ,1, , , ,3171373,3536,2, ,2363, , , , ,4315,619234459648,43,43,43,43, , , , , , , , , , , , , , , , , , , , , , , , , , , , , , , , ,4315,1766766908883,,, , , , , , , , , ,3145728,4288,29,29,10,29, , , , , , , , ,3,3, , ,1, , , , , , , , , , , , , , , , , , , ,219621184,1, , , , , , , , , , , , , , , , , , , , , , , , , , , , , , , , , , , , , , , , , ,12, , , , , , , , , , 
2025-12-26 18:26:08.969 UTC, , , , , , , , , ,125,3171373,24848,672, ,4, , , , , , , , , , , ,4,4, , , ,1,2,4, , , , , , , , , , , ,1, , , ,3171373,3536,2, ,2363, , , , ,4315,619234459648,43,43,43,43, , , , , , , , , , , , , , , , , , , , , , , , , , , , , , , , ,4315,1766766908883,,, , , , , , , , , ,3145728,4288,19,19,6,19, , , , , , , , ,3,3, , ,1, , , , , , , , , , , , , , , , , , , ,219621184, , , , , , , , , , , , , , , , , , , , , , , , , , , , , , , , , , , , , , , , , , ,12, , , , , , , , , , 
2025-12-26 18:27:08.970 UTC, , , , , , , , , ,125,3171373,24848,672, ,4, , , , , , , , , , , ,4,4, , , ,1,2,4, , , , , , , , , , , ,1, , , ,3171373,3536,2, ,2363, , , , ,4315,619234459648,43,43,43,43, , , , , , , , , , , , , , , , , , , , , , , , , , , , , , , , ,4315,1766766908883,,, , , , , , , , , ,3145728,4288,36,36,12,36, , , , , , , , ,3,3, , ,1, , , , , , , , , , , , , , , , , , , ,219621184,1, , , , , , , , , , , , , , , , , , , , , , , , , , , , , , , , , , , , , , , , , ,12, , , , , , , , , , 
2025-12-26 18:28:08.969 UTC, , , , , , , , , ,125,3171373,24848,672, ,4, , , , , , , , , , , ,4,4, , , ,1,2,4, , , , , , , , , , , ,1, , , ,3171373,3536,2, ,2363, , , , ,4315,619234459648,43,43,43,43, , , , , , , , , , , , , , , , , , , , , , , , , , , , , , , , ,4315,1766766908883,,, , , , , , , , , ,3145728,4288,33,33,11,33, , , , , , , , ,3,3, , ,1, , , , , , , , , , , , , , , , , , , ,221718336, , , , , , , , , , , , , , , , , , , , , , , , , , , , , , , , , , , , , , , , , , ,12, , , , , , , , , , 
2025-12-26 18:29:08.968 UTC, , , , , , , , , ,125,3171373,24848,672, ,4, , , , , , , , , , , ,4,4, , , ,1,2,4, , , , , , , , , , , ,1, , , ,3171373,3536,2, ,2363, , , , ,4315,619234459648,43,43,43,43, , , , , , , , , , , , , , , , , , , , , , , , , , , , , , , , ,4315,1766766908883,,, , , , , , , , , ,3145728,4288,31,31,10,31, , , , , , , , ,3,3, , ,1, , , , , , , , , , , , , , , , , , , ,221718336,1, , , , , , , , , , , , , , , , , , , , , , , , , , , , , , , , , , , , , , , , , ,12, , , , , , , , , , 
2025-12-26 18:30:08.968 UTC, , , , , , , , , ,125,3171373,24848,672, ,4, , , , , , , , , , , ,4,4, , , ,1,2,4, , , , , , , , , , , ,1, , , ,3171373,3536,2, ,2363, , , , ,4315,619234459648,43,43,43,43, , , , , , , , , , , , , , , , , , , , , , , , , , , , , , , , ,4315,1766766908883,,, , , , , , , , , ,3145728,4288,30,30,10,30, , , , , , , , ,3,3, , ,1, , , , , , , , , , , , , , , , , , , ,221718336,1, , , , , , , , , , , , , , , , , , , , , , , , , , , , , , , , , , , , , , , , , ,12, , , , , , , , , , 
2025-12-26 18:31:08.968 UTC, , , , , , , , , ,125,3171373,24848,672, ,4, , , , , , , , , , , ,4,4, , , ,1,2,4, , , , , , , , , , , ,1, , , ,3171373,3536,2, ,2363, , , , ,4315,619234459648,43,43,43,43, , , , , , , , , , , , , , , , , , , , , , , , , , , , , , , , ,4315,1766766908883,,, , , , , , , , , ,3145728,4288,28,28,9,28, , , , , , , , ,3,3, , ,1, , , , , , , , , , , , , , , , , , , ,221718336,1, , , , , , , , , , , , , , , , , , , , , , , , , , , , , , , , , , , , , , , , , ,12, , , , , , , , , , 
2025-12-26 18:32:08.968 UTC, , , , , , , , , ,125,3171373,24848,672, ,4, , , , , , , , , , , ,4,4, , , ,1,2,4, , , , , , , , , , , ,1, , , ,3171373,3536,2, ,2363, , , , ,4315,619234459648,43,43,43,43, , , , , , , , , , , , , , , , , , , , , , , , , , , , , , , , ,4315,1766766908883,,, , , , , , , , , ,3145728,4288,35,35,12,35, , , , , , , , ,3,3, , ,1, , , , , , , , , , , , , , , , , , , ,221718336,1, , , , , , , , , , , , , , , , , , , , , , , , , , , , , , , , , , , , , , , , , ,12, , , , , , , , , , 
2025-12-26 18:33:08.968 UTC, , , , , , , , , ,125,3171373,24848,672, ,4, , , , , , , , , , , ,4,4, , , ,1,2,4, , , , , , , , , , , ,1, , , ,3171373,3536,2, ,2363, , , , ,4315,619234455552,43,43,43,43, , , , , , , , , , , , , , , , , , , , , , , , , , , , , , , , ,4315,1766766908883,,, , , , , , , , , ,3145728,4288,33,33,11,33, , , , , , , , ,3,3, , ,1, , , , , , , , , , , , , , , , , , , ,221718336,1, , , , , , , , , , , , , , , , , , , , , , , , , , , , , , , , , , , , , , , , , ,12, , , , , , , , , , 
2025-12-26 18:34:08.968 UTC, , , , , , , , , ,125,3171373,24848,672, ,4, , , , , , , , , , , ,4,4, , , ,1,2,4, , , , , , , , , , , ,1, , , ,3171373,3536,2, ,2363, , , , ,4315,619234455552,43,43,43,43, , , , , , , , , , , , , , , , , , , , , , , , , , , , , , , , ,4315,1766766908883,,, , , , , , , , , ,3145728,4288,32,32,11,32, , , , , , , , ,3,3, , ,1, , , , , , , , , , , , , , , , , , , ,223815488,1, , , , , , , , , , , , , , , , , , , , , , , , , , , , , , , , , , , , , , , , , ,12, , , , , , , , , , 
2025-12-26 18:35:08.968 UTC, , , , , , , , , ,125,3171373,24848,672, ,4, , , , , , , , , , , ,4,4, , , ,1,2,4, , , , , , , , , , , ,1, , , ,3171373,3536,2, ,2363, , , , ,4315,619234455552,43,43,43,43, , , , , , , , , , , , , , , , , , , , , , , , , , , , , , , , ,4315,1766766908883,,, , , , , , , , , ,3145728,4288,30,30,10,30, , , , , , , , ,3,3, , ,1, , , , , , , , , , , , , , , , , , , ,223815488,1, , , , , , , , , , , , , , , , , , , , , , , , , , , , , , , , , , , , , , , , , ,12, , , , , , , , , , 
2025-12-26 18:36:08.967 UTC, , , , , , , , , ,125,3171373,24848,672, ,4, , , , , , , , , , , ,4,4, , , ,1,2,4, , , , , , , , , , , ,1, , , ,3171373,3536,2, ,2363, , , , ,4315,619234455552,43,43,43,43, , , , , , , , , , , , , , , , , , , , , , , , , , , , , , , , ,4315,1766766908883,,, , , , , , , , , ,3145728,4288,37,37,13,37, , , , , , , , ,3,3, , ,1, , , , , , , , , , , , , , , , , , , ,223815488,1, , , , , , , , , , , , , , , , , , , , , , , , , , , , , , , , , , , , , , , , , ,12, , , , , , , , , , 
2025-12-26 18:37:08.967 UTC, , , , , , , , , ,125,3171373,24848,672, ,4, , , , , , , , , , , ,4,4, , , ,1,2,4, , , , , , , , , , , ,1, , , ,3171373,3536,2, ,2363, , , , ,4315,619234455552,43,43,43,43, , , , , , , , , , , , , , , , , , , , , , , , , , , , , , , , ,4315,1766766908883,,, , , , , , , , , ,3145728,4288,34,34,12,34, , , , , , , , ,3,3, , ,1, , , , , , , , , , , , , , , , , , , ,223815488,1, , , , , , , , , , , , , , , , , , , , , , , , , , , , , , , , , , , , , , , , , ,12, , , , , , , , , , 
2025-12-26 18:38:08.967 UTC, , , , , , , , , ,125,3171373,24848,672, ,4, , , , , , , , , , , ,4,4, , , ,1,2,4, , , , , , , , , , , ,1, , , ,3171373,3536,2, ,2363, , , , ,4315,619234455552,43,43,43,43, , , , , , , , , , , , , , , , , , , , , , , , , , , , , , , , ,4315,1766766908883,,, , , , , , , , , ,3145728,4288,33,33,11,33, , , , , , , , ,3,3, , ,1, , , , , , , , , , , , , , , , , , , ,223815488,1, , , , , , , , , , , , , , , , , , , , , , , , , , , , , , , , , , , , , , , , , ,12, , , , , , , , , , 
2025-12-26 18:39:08.967 UTC, , , , , , , , , ,125,3171373,24848,672, ,4, , , , , , , , , , , ,4,4, , , ,1,2,4, , , , , , , , , , , ,1, , , ,3171373,3536,2, ,2363, , , , ,4315,619234455552,43,43,43,43, , , , , , , , , , , , , , , , , , , , , , , , , , , , , , , , ,4315,1766766908883,,, , , , , , , , , ,3145728,4288,32,32,11,32, , , , , , , , ,3,3, , ,1, , , , , , , , , , , , , , , , , , , ,223815488,1, , , , , , , , , , , , , , , , , , , , , , , , , , , , , , , , , , , , , , , , , ,12, , , , , , , , , , 
2025-12-26 18:40:08.965 UTC, , , , , , , , , ,125,3171373,24848,672, ,4, , , , , , , , , , , ,4,4, , , ,1,2,4, , , , , , , , , , , ,1, , , ,3171373,3536,2, ,2363, , , , ,4315,619234455552,43,43,43,43, , , , , , , , , , , , , , , , , , , , , , , , , , , , , , , , ,4315,1766766908883,,, , , , , , , , , ,3145728,4288,30,30,10,30, , , , , , , , ,3,3, , ,1, , , , , , , , , , , , , , , , , , , ,225912640,1, , , , , , , , , , , , , , , , , , , , , , , , , , , , , , , , , , , , , , , , , ,12, , , , , , , , , , 
2025-12-26 18:41:08.966 UTC, , , , , , , , , ,125,3171373,24848,672, ,4, , , , , , , , , , , ,4,4, , , ,1,2,4, , , , , , , , , , , ,1, , , ,3171373,3536,2, ,2363, , , , ,4315,619234451456,43,43,43,43, , , , , , , , , , , , , , , , , , , , , , , , , , , , , , , , ,4315,1766766908883,,, , , , , , , , , ,3145728,4288,28,28,9,28, , , , , , , , ,3,3, , ,1, , , , , , , , , , , , , , , , , , , ,225912640,1, , , , , , , , , , , , , , , , , , , , , , , , , , , , , , , , , , , , , , , , , ,12, , , , , , , , , , 
2025-12-26 18:42:08.965 UTC, , , , , , , , , ,125,3171373,24848,672, ,4, , , , , , , , , , , ,4,4, , , ,1,2,4, , , , , , , , , , , ,1, , , ,3171373,3536,2, ,2363, , , , ,4315,619234451456,43,43,43,43, , , , , , , , , , , , , , , , , , , , , , , , , , , , , , , , ,4315,1766766908883,,, , , , , , , , , ,3145728,4288,36,36,12,36, , , , , , , , ,3,3, , ,1, , , , , , , , , , , , , , , , , , , ,225912640,1, , , , , , , , , , , , , , , , , , , , , , , , , , , , , , , , , , , , , , , , , ,12, , , , , , , , , , 
2025-12-26 18:43:08.965 UTC, , , , , , , , , ,125,3171373,24848,672, ,4, , , , , , , , , , , ,4,4, , , ,1,2,4, , , , , , , , , , , ,1, , , ,3171373,3536,2, ,2363, , , , ,4315,619234451456,43,43,43,43, , , , , , , , , , , , , , , , , , , , , , , , , , , , , , , , ,4315,1766766908883,,, , , , , , , , , ,3145728,4288,36,36,12,36, , , , , , , , ,3,3, , ,1, , , , , , , , , , , , , , , , , , , ,225912640,1, , , , , , , , , , , , , , , , , , , , , , , , , , , , , , , , , , , , , , , , , ,12, , , , , , , , , , 
2025-12-26 18:44:08.965 UTC, , , , , , , , , ,125,3171373,24848,672, ,4, , , , , , , , , , , ,4,4, , , ,1,2,4, , , , , , , , , , , ,1, , , ,3171373,3536,2, ,2363, , , , ,4315,619234451456,43,43,43,43, , , , , , , , , , , , , , , , , , , , , , , , , , , , , , , , ,4315,1766766908883,,, , , , , , , , , ,3145728,4288,34,34,11,34, , , , , , , , ,3,3, , ,1, , , , , , , , , , , , , , , , , , , ,225912640,1, , , , , , , , , , , , , , , , , , , , , , , , , , , , , , , , , , , , , , , , , ,12, , , , , , , , , , 
2025-12-26 18:45:08.965 UTC, , , , , , , , , ,125,3171373,24848,672, ,4, , , , , , , , , , , ,4,4, , , ,1,2,4, , , , , , , , , , , ,1, , , ,3171373,3536,2, ,2363, , , , ,4315,619234451456,43,43,43,43, , , , , , , , , , , , , , , , , , , , , , , , , , , , , , , , ,4315,1766766908883,,, , , , , , , , , ,3145728,4288,32,32,10,32, , , , , , , , ,3,3, , ,1, , , , , , , , , , , , , , , , , , , ,225912640,1, , , , , , , , , , , , , , , , , , , , , , , , , , , , , , , , , , , , , , , , , ,12, , , , , , , , , , 
2025-12-26 18:46:08.964 UTC, , , , , , , , , ,125,3171373,24848,672, ,4, , , , , , , , , , , ,4,4, , , ,1,2,4, , , , , , , , , , , ,1, , , ,3171373,3536,2, ,2363, , , , ,4315,619234451456,43,43,43,43, , , , , , , , , , , , , , , , , , , , , , , , , , , , , , , , ,4315,1766766908883,,, , , , , , , , , ,3145728,4288,32,32,11,32, , , , , , , , ,3,3, , ,1, , , , , , , , , , , , , , , , , , , ,228009792, , , , , , , , , , , , , , , , , , , , , , , , , , , , , , , , , , , , , , , , , , ,12, , , , , , , , , , 
2025-12-26 18:47:08.964 UTC, , , , , , , , , ,125,3171373,24848,672, ,4, , , , , , , , , , , ,4,4, , , ,1,2,4, , , , , , , , , , , ,1, , , ,3171373,3536,2, ,2363, , , , ,4315,619234451456,43,43,43,43, , , , , , , , , , , , , , , , , , , , , , , , , , , , , , , , ,4315,1766766908883,,, , , , , , , , , ,3145728,4288,30,30,10,30, , , , , , , , ,3,3, , ,1, , , , , , , , , , , , , , , , , , , ,228009792, , , , , , , , , , , , , , , , , , , , , , , , , , , , , , , , , , , , , , , , , , ,12, , , , , , , , , , 
2025-12-26 18:48:08.964 UTC, , , , , , , , , ,125,3171373,24848,672, ,4, , , , , , , , , , , ,4,4, , , ,1,2,4, , , , , , , , , , , ,1, , , ,3171373,3536,2, ,2363, , , , ,4315,619234451456,43,43,43,43, , , , , , , , , , , , , , , , , , , , , , , , , , , , , , , , ,4315,1766766908883,,, , , , , , , , , ,3145728,4288,37,37,13,37, , , , , , , , ,3,3, , ,1, , , , , , , , , , , , , , , , , , , ,228009792, , , , , , , , , , , , , , , , , , , , , , , , , , , , , , , , , , , , , , , , , , ,12, , , , , , , , , , 
2025-12-26 18:49:08.963 UTC, , , , , , , , , ,125,3171373,24848,672, ,4, , , , , , , , , , , ,4,4, , , ,1,2,4, , , , , , , , , , , ,1, , , ,3171373,3536,2, ,2363, , , , ,4315,619234447360,43,43,43,43, , , , , , , , , , , , , , , , , , , , , , , , , , , , , , , , ,4315,1766766908883,,, , , , , , , , , ,3145728,4288,44,44,15,44, , , , , , , , ,3,3, , ,1, , , , , , , , , , , , , , , , , , , ,228009792, , , , , , , , , , , , , , , , , , , , , , , , , , , , , , , , , , , , , , , , , , ,12, , , , , , , , , , 
2025-12-26 18:50:08.963 UTC, , , , , , , , , ,125,3171373,24848,672, ,4, , , , , , , , , , , ,4,4, , , ,1,2,4, , , , , , , , , , , ,1, , , ,3171373,3536,2, ,2363, , , , ,4315,619234447360,43,43,43,43, , , , , , , , , , , , , , , , , , , , , , , , , , , , , , , , ,4315,1766766908883,,, , , , , , , , , ,3145728,4288,34,34,11,34, , , , , , , , ,3,3, , ,1, , , , , , , , , , , , , , , , , , , ,228009792,1, , , , , , , , , , , , , , , , , , , , , , , , , , , , , , , , , , , , , , , , , ,12, , , , , , , , , , 
2025-12-26 18:51:08.963 UTC, , , , , , , , , ,125,3171373,24848,672, ,4, , , , , , , , , , , ,4,4, , , ,1,2,4, , , , , , , , , , , ,1, , , ,3171373,3536,2, ,2363, , , , ,4315,619234447360,43,43,43,43, , , , , , , , , , , , , , , , , , , , , , , , , , , , , , , , ,4315,1766766908883,,, , , , , , , , , ,3145728,4288,32,32,11,32, , , , , , , , ,3,3, , ,1, , , , , , , , , , , , , , , , , , , ,228009792,1, , , , , , , , , , , , , , , , , , , , , , , , , , , , , , , , , , , , , , , , , ,12, , , , , , , , , , 
2025-12-26 18:52:08.963 UTC, , , , , , , , , ,125,3171373,24848,672, ,4, , , , , , , , , , , ,4,4, , , ,1,2,4, , , , , , , , , , , ,1, , , ,3171373,3536,2, ,2363, , , , ,4315,619234447360,43,43,43,43, , , , , , , , , , , , , , , , , , , , , , , , , , , , , , , , ,4315,1766766908883,,, , , , , , , , , ,3145728,4288,31,31,11,31, , , , , , , , ,3,3, , ,1, , , , , , , , , , , , , , , , , , , ,230106944,1, , , , , , , , , , , , , , , , , , , , , , , , , , , , , , , , , , , , , , , , , ,12, , , , , , , , , , 
2025-12-26 18:53:08.964 UTC, , , , , , , , , ,125,3171373,24848,672, ,4, , , , , , , , , , , ,4,4, , , ,1,2,4, , , , , , , , , , , ,1, , , ,3171373,3536,2, ,2363, , , , ,4315,619234447360,43,43,43,43, , , , , , , , , , , , , , , , , , , , , , , , , , , , , , , , ,4315,1766766908883,,, , , , , , , , , ,3145728,4288,29,29,10,29, , , , , , , , ,3,3, , ,1, , , , , , , , , , , , , , , , , , , ,230106944,1, , , , , , , , , , , , , , , , , , , , , , , , , , , , , , , , , , , , , , , , , ,12, , , , , , , , , , 
2025-12-26 18:54:08.964 UTC, , , , , , , , , ,125,3171373,24848,672, ,4, , , , , , , , , , , ,4,4, , , ,1,2,4, , , , , , , , , , , ,1, , , ,3171373,3536,2, ,2363, , , , ,4315,619234447360,43,43,43,43, , , , , , , , , , , , , , , , , , , , , , , , , , , , , , , , ,4315,1766766908883,,, , , , , , , , , ,3145728,4288,27,27,9,27, , , , , , , , ,3,3, , ,1, , , , , , , , , , , , , , , , , , , ,230106944,1, , , , , , , , , , , , , , , , , , , , , , , , , , , , , , , , , , , , , , , , , ,12, , , , , , , , , , 
2025-12-26 18:55:08.965 UTC, , , , , , , , , ,125,3171373,24848,672, ,4, , , , , , , , , , , ,4,4, , , ,1,2,4, , , , , , , , , , , ,1, , , ,3171373,3536,2, ,2363, , , , ,4315,619234447360,43,43,43,43, , , , , , , , , , , , , , , , , , , , , , , , , , , , , , , , ,4315,1766766908883,,, , , , , , , , , ,3145728,4288,34,34,11,34, , , , , , , , ,3,3, , ,1, , , , , , , , , , , , , , , , , , , ,230106944,1, , , , , , , , , , , , , , , , , , , , , , , , , , , , , , , , , , , , , , , , , ,12, , , , , , , , , , 
2025-12-26 18:56:08.966 UTC, , , , , , , , , ,125,3171373,24848,672, ,4, , , , , , , , , , , ,4,4, , , ,1,2,4, , , , , , , , , , , ,1, , , ,3171373,3536,2, ,2363, , , , ,4315,619234447360,43,43,43,43, , , , , , , , , , , , , , , , , , , , , , , , , , , , , , , , ,4315,1766766908883,,, , , , , , , , , ,3145728,4288,33,33,11,33, , , , , , , , ,3,3, , ,1, , , , , , , , , , , , , , , , , , , ,230106944,1, , , , , , , , , , , , , , , , , , , , , , , , , , , , , , , , , , , , , , , , , ,12, , , , , , , , , , 
2025-12-26 18:57:08.966 UTC, , , , , , , , , ,125,3171373,24848,672, ,4, , , , , , , , , , , ,4,4, , , ,1,2,4, , , , , , , , , , , ,1, , , ,3171373,3536,2, ,2363, , , , ,4315,619234443264,43,43,43,43, , , , , , , , , , , , , , , , , , , , , , , , , , , , , , , , ,4315,1766766908883,,, , , , , , , , , ,3145728,4288,32,32,11,32, , , , , , , , ,3,3, , ,1, , , , , , , , , , , , , , , , , , , ,230106944,1, , , , , , , , , , , , , , , , , , , , , , , , , , , , , , , , , , , , , , , , , ,12, , , , , , , , , , 
2025-12-26 18:58:08.967 UTC, , , , , , , , , ,125,3171373,24848,672, ,4, , , , , , , , , , , ,4,4, , , ,1,2,4, , , , , , , , , , , ,1, , , ,3171373,3536,2, ,2363, , , , ,4315,619234443264,43,43,43,43, , , , , , , , , , , , , , , , , , , , , , , , , , , , , , , , ,4315,1766766908883,,, , , , , , , , , ,3145728,4288,31,31,10,31, , , , , , , , ,3,3, , ,1, , , , , , , , , , , , , , , , , , , ,232204096, , , , , , , , , , , , , , , , , , , , , , , , , , , , , , , , , , , , , , , , , , ,12, , , , , , , , , , 
2025-12-26 18:59:08.968 UTC, , , , , , , , , ,125,3171373,24848,672, ,4, , , , , , , , , , , ,4,4, , , ,1,2,4, , , , , , , , , , , ,1, , , ,3171373,3536,2, ,2363, , , , ,4315,619234443264,43,43,43,43, , , , , , , , , , , , , , , , , , , , , , , , , , , , , , , , ,4315,1766766908883,,, , , , , , , , , ,3145728,4288,29,29,10,29, , , , , , , , ,3,3, , ,1, , , , , , , , , , , , , , , , , , , ,232204096,1, , , , , , , , , , , , , , , , , , , , , , , , , , , , , , , , , , , , , , , , , ,12, , , , , , , , , , 
2025-12-26 19:00:08.970 UTC, , , , , , , , , ,125,3171373,24848,672, ,4, , , , , , , , , , , ,4,4, , , ,1,2,4, , , , , , , , , , , ,1, , , ,3171373,3536,2, ,2363, , , , ,4315,619234443264,43,43,43,43, , , , , , , , , , , , , , , , , , , , , , , , , , , , , , , , ,4315,1766766908883,,, , , , , , , , , ,3145728,4288,29,29,9,29, , , , , , , , ,3,3, , ,1, , , , , , , , , , , , , , , , , , , ,232204096, , , , , , , , , , , , , , , , , , , , , , , , , , , , , , , , , , , , , , , , , , ,12, , , , , , , , , , 
2025-12-26 19:01:08.971 UTC, , , , , , , , , ,125,3171373,24848,672, ,4, , , , , , , , , , , ,4,4, , , ,1,2,4, , , , , , , , , , , ,1, , , ,3171373,3536,2, ,2363, , , , ,4315,619234443264,43,43,43,43, , , , , , , , , , , , , , , , , , , , , , , , , , , , , , , , ,4315,1766766908883,,, , , , , , , , , ,3145728,4288,44,44,15,44, , , , , , , , ,3,3, , ,1, , , , , , , , , , , , , , , , , , , ,232204096, , , , , , , , , , , , , , , , , , , , , , , , , , , , , , , , , , , , , , , , , , ,12, , , , , , , , , , 
2025-12-26 19:02:08.972 UTC, , , , , , , , , ,125,3171373,24848,672, ,4, , , , , , , , , , , ,4,4, , , ,1,2,4, , , , , , , , , , , ,1, , , ,3171373,3536,2, ,2363, , , , ,4315,619234443264,43,43,43,43, , , , , , , , , , , , , , , , , , , , , , , , , , , , , , , , ,4315,1766766908883,,, , , , , , , , , ,3145728,4288,34,34,11,34, , , , , , , , ,3,3, , ,1, , , , , , , , , , , , , , , , , , , ,232204096, , , , , , , , , , , , , , , , , , , , , , , , , , , , , , , , , , , , , , , , , , ,12, , , , , , , , , , 
2025-12-26 19:03:08.973 UTC, , , , , , , , , ,125,3171373,24848,672, ,4, , , , , , , , , , , ,4,4, , , ,1,2,4, , , , , , , , , , , ,1, , , ,3171373,3536,2, ,2363, , , , ,4315,619234443264,43,43,43,43, , , , , , , , , , , , , , , , , , , , , , , , , , , , , , , , ,4315,1766766908883,,, , , , , , , , , ,3145728,4288,33,33,11,33, , , , , , , , ,3,3, , ,1, , , , , , , , , , , , , , , , , , , ,232204096,1, , , , , , , , , , , , , , , , , , , , , , , , , , , , , , , , , , , , , , , , , ,12, , , , , , , , , , 
2025-12-26 19:04:08.975 UTC, , , , , , , , , ,125,3171373,24848,672, ,4, , , , , , , , , , , ,4,4, , , ,1,2,4, , , , , , , , , , , ,1, , , ,3171373,3536,2, ,2363, , , , ,4315,619234443264,43,43,43,43, , , , , , , , , , , , , , , , , , , , , , , , , , , , , , , , ,4315,1766766908883,,, , , , , , , , , ,3145728,4288,31,31,10,31, , , , , , , , ,3,3, , ,1, , , , , , , , , , , , , , , , , , , ,234301248,1, , , , , , , , , , , , , , , , , , , , , , , , , , , , , , , , , , , , , , , , , ,12, , , , , , , , , , 
2025-12-26 19:05:08.976 UTC, , , , , , , , , ,125,3171373,24848,672, ,4, , , , , , , , , , , ,4,4, , , ,1,2,4, , , , , , , , , , , ,1, , , ,3171373,3536,2, ,2363, , , , ,4315,619234439168,43,43,43,43, , , , , , , , , , , , , , , , , , , , , , , , , , , , , , , , ,4315,1766766908883,,, , , , , , , , , ,3145728,4288,36,36,12,36, , , , , , , , ,3,3, , ,1, , , , , , , , , , , , , , , , , , , ,234301248,1, , , , , , , , , , , , , , , , , , , , , , , , , , , , , , , , , , , , , , , , , ,12, , , , , , , , , , 
2025-12-26 19:06:08.977 UTC, , , , , , , , , ,125,3171373,24848,672, ,4, , , , , , , , , , , ,4,4, , , ,1,2,4, , , , , , , , , , , ,1, , , ,3171373,3536,2, ,2363, , , , ,4315,619234439168,43,43,43,43, , , , , , , , , , , , , , , , , , , , , , , , , , , , , , , , ,4315,1766766908883,,, , , , , , , , , ,3145728,4288,35,35,11,35, , , , , , , , ,3,3, , ,1, , , , , , , , , , , , , , , , , , , ,234301248, , , , , , , , , , , , , , , , , , , , , , , , , , , , , , , , , , , , , , , , , , ,12, , , , , , , , , , 
2025-12-26 19:07:08.978 UTC, , , , , , , , , ,125,3171373,24848,672, ,4, , , , , , , , , , , ,4,4, , , ,1,2,4, , , , , , , , , , , ,1, , , ,3171373,3536,2, ,2363, , , , ,4315,619234439168,43,43,43,43, , , , , , , , , , , , , , , , , , , , , , , , , , , , , , , , ,4315,1766766908883,,, , , , , , , , , ,3145728,4288,33,33,11,33, , , , , , , , ,3,3, , ,1, , , , , , , , , , , , , , , , , , , ,234301248, , , , , , , , , , , , , , , , , , , , , , , , , , , , , , , , , , , , , , , , , , ,12, , , , , , , , , , 
2025-12-26 19:08:08.980 UTC, , , , , , , , , ,125,3171373,24848,672, ,4, , , , , , , , , , , ,4,4, , , ,1,2,4, , , , , , , , , , , ,1, , , ,3171373,3536,2, ,2363, , , , ,4315,619234439168,43,43,43,43, , , , , , , , , , , , , , , , , , , , , , , , , , , , , , , , ,4315,1766766908883,,, , , , , , , , , ,3145728,4288,31,31,11,31, , , , , , , , ,3,3, , ,1, , , , , , , , , , , , , , , , , , , ,234301248,1, , , , , , , , , , , , , , , , , , , , , , , , , , , , , , , , , , , , , , , , , ,12, , , , , , , , , , 
2025-12-26 19:09:08.981 UTC, , , , , , , , , ,125,3171373,24848,672, ,4, , , , , , , , , , , ,4,4, , , ,1,2,4, , , , , , , , , , , ,1, , , ,3171373,3536,2, ,2363, , , , ,4315,619234439168,43,43,43,43, , , , , , , , , , , , , , , , , , , , , , , , , , , , , , , , ,4315,1766766908883,,, , , , , , , , , ,3145728,4288,30,30,10,30, , , , , , , , ,3,3, , ,1, , , , , , , , , , , , , , , , , , , ,234301248,1, , , , , , , , , , , , , , , , , , , , , , , , , , , , , , , , , , , , , , , , , ,12, , , , , , , , , , 
2025-12-26 19:10:08.982 UTC, , , , , , , , , ,125,3171373,24848,672, ,4, , , , , , , , , , , ,4,4, , , ,1,2,4, , , , , , , , , , , ,1, , , ,3171373,3536,2, ,2363, , , , ,4315,619234439168,43,43,43,43, , , , , , , , , , , , , , , , , , , , , , , , , , , , , , , , ,4315,1766766908883,,, , , , , , , , , ,3145728,4288,37,37,12,37, , , , , , , , ,3,3, , ,1, , , , , , , , , , , , , , , , , , , ,234301248,1, , , , , , , , , , , , , , , , , , , , , , , , , , , , , , , , , , , , , , , , , ,12, , , , , , , , , , 
2025-12-26 19:11:08.982 UTC, , , , , , , , , ,125,3171373,24848,672, ,4, , , , , , , , , , , ,4,4, , , ,1,2,4, , , , , , , , , , , ,1, , , ,3171373,3536,2, ,2363, , , , ,4315,619234439168,43,43,43,43, , , , , , , , , , , , , , , , , , , , , , , , , , , , , , , , ,4315,1766766908883,,, , , , , , , , , ,3145728,4288,35,35,12,35, , , , , , , , ,3,3, , ,1, , , , , , , , , , , , , , , , , , , ,236398400,2, , , , , , , , , , , , , , , , , , , , , , , , , , , , , , , , , , , , , , , , , ,12, , , , , , , , , , 
2025-12-26 19:12:08.982 UTC, , , , , , , , , ,125,3171373,24848,672, ,4, , , , , , , , , , , ,4,4, , , ,1,2,4, , , , , , , , , , , ,1, , , ,3171373,3536,2, ,2363, , , , ,4315,619234439168,43,43,43,43, , , , , , , , , , , , , , , , , , , , , , , , , , , , , , , , ,4315,1766766908883,,, , , , , , , , , ,3145728,4288,34,34,12,34, , , , , , , , ,3,3, , ,1, , , , , , , , , , , , , , , , , , , ,236398400,1, , , , , , , , , , , , , , , , , , , , , , , , , , , , , , , , , , , , , , , , , ,12, , , , , , , , , , 
2025-12-26 19:13:08.983 UTC, , , , , , , , , ,125,3171373,24848,672, ,4, , , , , , , , , , , ,4,4, , , ,1,2,4, , , , , , , , , , , ,1, , , ,3171373,3536,2, ,2363, , , , ,4315,619234435072,43,43,43,43, , , , , , , , , , , , , , , , , , , , , , , , , , , , , , , , ,4315,1766766908883,,, , , , , , , , , ,3145728,4288,32,32,10,32, , , , , , , , ,3,3, , ,1, , , , , , , , , , , , , , , , , , , ,236398400,1, , , , , , , , , , , , , , , , , , , , , , , , , , , , , , , , , , , , , , , , , ,12, , , , , , , , , , 
2025-12-26 19:14:08.985 UTC, , , , , , , , , ,125,3171373,24848,672, ,4, , , , , , , , , , , ,4,4, , , ,1,2,4, , , , , , , , , , , ,1, , , ,3171373,3536,2, ,2363, , , , ,4315,619234435072,43,43,43,43, , , , , , , , , , , , , , , , , , , , , , , , , , , , , , , , ,4315,1766766908883,,, , , , , , , , , ,3145728,4288,32,32,19,32, , , , , , , , ,3,3, , ,1, , , , , , , , , , , , , , , , , , , ,236398400,1, , , , , , , , , , , , , , , , , , , , , , , , , , , , , , , , , , , , , , , , , ,12, , , , , , , , , , 
2025-12-26 19:15:08.987 UTC, , , , , , , , , ,125,3171373,24848,672, ,4, , , , , , , , , , , ,4,4, , , ,1,2,4, , , , , , , , , , , ,1, , , ,3171373,3536,2, ,2363, , , , ,4315,619234435072,43,43,43,43, , , , , , , , , , , , , , , , , , , , , , , , , , , , , , , , ,4315,1766766908883,,, , , , , , , , , ,3145728,4288,31,31,10,31, , , , , , , , ,3,3, , ,1, , , , , , , , , , , , , , , , , , , ,236398400,1, , , , , , , , , , , , , , , , , , , , , , , , , , , , , , , , , , , , , , , , , ,12, , , , , , , , , , 
2025-12-26 19:16:08.990 UTC, , , , , , , , , ,125,3171373,24848,672, ,4, , , , , , , , , , , ,4,4, , , ,1,2,4, , , , , , , , , , , ,1, , , ,3171373,3536,2, ,2363, , , , ,4315,619234435072,43,43,43,43, , , , , , , , , , , , , , , , , , , , , , , , , , , , , , , , ,4315,1766766908883,,, , , , , , , , , ,3145728,4288,29,29,10,29, , , , , , , , ,3,3, , ,1, , , , , , , , , , , , , , , , , , , ,236398400,1, , , , , , , , , , , , , , , , , , , , , , , , , , , , , , , , , , , , , , , , , ,12, , , , , , , , , , 
2025-12-26 19:17:08.990 UTC, , , , , , , , , ,125,3171373,24848,672, ,4, , , , , , , , , , , ,4,4, , , ,1,2,4, , , , , , , , , , , ,1, , , ,3171373,3536,2, ,2363, , , , ,4315,619234435072,43,43,43,43, , , , , , , , , , , , , , , , , , , , , , , , , , , , , , , , ,4315,1766766908883,,, , , , , , , , , ,3145728,4288,36,36,12,36, , , , , , , , ,3,3, , ,1, , , , , , , , , , , , , , , , , , , ,238495552,1, , , , , , , , , , , , , , , , , , , , , , , , , , , , , , , , , , , , , , , , , ,12, , , , , , , , , , 
2025-12-26 19:18:08.991 UTC, , , , , , , , , ,125,3171373,24848,672, ,4, , , , , , , , , , , ,4,4, , , ,1,2,4, , , , , , , , , , , ,1, , , ,3171373,3536,2, ,2363, , , , ,4315,619234435072,43,43,43,43, , , , , , , , , , , , , , , , , , , , , , , , , , , , , , , , ,4315,1766766908883,,, , , , , , , , , ,3145728,4288,35,35,11,35, , , , , , , , ,3,3, , ,1, , , , , , , , , , , , , , , , , , , ,238495552,1, , , , , , , , , , , , , , , , , , , , , , , , , , , , , , , , , , , , , , , , , ,12, , , , , , , , , , 
2025-12-26 19:19:08.993 UTC, , , , , , , , , ,125,3171373,24848,672, ,4, , , , , , , , , , , ,4,4, , , ,1,2,4, , , , , , , , , , , ,1, , , ,3171373,3536,2, ,2363, , , , ,4315,619234435072,43,43,43,43, , , , , , , , , , , , , , , , , , , , , , , , , , , , , , , , ,4315,1766766908883,,, , , , , , , , , ,3145728,4288,33,33,11,33, , , , , , , , ,3,3, , ,1, , , , , , , , , , , , , , , , , , , ,238495552,1, , , , , , , , , , , , , , , , , , , , , , , , , , , , , , , , , , , , , , , , , ,12, , , , , , , , , , 
2025-12-26 19:20:08.995 UTC, , , , , , , , , ,125,3171373,24848,672, ,4, , , , , , , , , , , ,4,4, , , ,1,2,4, , , , , , , , , , , ,1, , , ,3171373,3536,2, ,2363, , , , ,4315,619234435072,43,43,43,43, , , , , , , , , , , , , , , , , , , , , , , , , , , , , , , , ,4315,1766766908883,,, , , , , , , , , ,3145728,4288,31,31,11,31, , , , , , , , ,3,3, , ,1, , , , , , , , , , , , , , , , , , , ,238495552,1, , , , , , , , , , , , , , , , , , , , , , , , , , , , , , , , , , , , , , , , , ,12, , , , , , , , , , 
2025-12-26 19:21:08.997 UTC, , , , , , , , , ,125,3171373,24848,672, ,4, , , , , , , , , , , ,4,4, , , ,1,2,4, , , , , , , , , , , ,1, , , ,3171373,3536,2, ,2363, , , , ,4315,619234430976,43,43,43,43, , , , , , , , , , , , , , , , , , , , , , , , , , , , , , , , ,4315,1766766908883,,, , , , , , , , , ,3145728,4288,37,37,13,37, , , , , , , , ,3,3, , ,1, , , , , , , , , , , , , , , , , , , ,238495552,1, , , , , , , , , , , , , , , , , , , , , , , , , , , , , , , , , , , , , , , , , ,12, , , , , , , , , , 
2025-12-26 19:22:08.997 UTC, , , , , , , , , ,125,3171373,24848,672, ,4, , , , , , , , , , , ,4,4, , , ,1,2,4, , , , , , , , , , , ,1, , , ,3171373,3536,2, ,2363, , , , ,4315,619234430976,43,43,43,43, , , , , , , , , , , , , , , , , , , , , , , , , , , , , , , , ,4315,1766766908883,,, , , , , , , , , ,3145728,4288,37,37,12,37, , , , , , , , ,3,3, , ,1, , , , , , , , , , , , , , , , , , , ,240592704,1, , , , , , , , , , , , , , , , , , , , , , , , , , , , , , , , , , , , , , , , , ,12, , , , , , , , , , 
2025-12-26 19:23:08.998 UTC, , , , , , , , , ,125,3171373,24848,672, ,4, , , , , , , , , , , ,4,4, , , ,1,2,4, , , , , , , , , , , ,1, , , ,3171373,3536,2, ,2363, , , , ,4315,619234430976,43,43,43,43, , , , , , , , , , , , , , , , , , , , , , , , , , , , , , , , ,4315,1766766908883,,, , , , , , , , , ,3145728,4288,34,34,12,34, , , , , , , , ,3,3, , ,1, , , , , , , , , , , , , , , , , , , ,240592704,1, , , , , , , , , , , , , , , , , , , , , , , , , , , , , , , , , , , , , , , , , ,12, , , , , , , , , , 
2025-12-26 19:24:08.999 UTC, , , , , , , , , ,125,3171373,24848,672, ,4, , , , , , , , , , , ,4,4, , , ,1,2,4, , , , , , , , , , , ,1, , , ,3171373,3536,2, ,2363, , , , ,4315,619234902016,43,43,43,43, , , , , , , , , , , , , , , , , , , , , , , , , , , , , , , , ,4315,1766766908883,,, , , , , , , , , ,3145728,4288,22,22,10,22, , , , , , , , ,3,3, , ,1, , , , , , , , , , , , , , , , , , , ,240592704,1, , , , , , , , , , , , , , , , , , , , , , , , , , , , , , , , , , , , , , , , , ,12, , , , , , , , , , 
2025-12-26 19:25:09.000 UTC, , , , , , , , , ,125,3171373,24848,672, ,4, , , , , , , , , , , ,4,4, , , ,1,2,4, , , , , , , , , , , ,1, , , ,3171373,3536,2, ,2363, , , , ,4315,619234902016,43,43,43,43, , , , , , , , , , , , , , , , , , , , , , , , , , , , , , , , ,4315,1766766908883,,, , , , , , , , , ,3145728,4288,13,13,6,13, , , , , , , , ,3,3, , ,1, , , , , , , , , , , , , , , , , , , ,240592704, , , , , , , , , , , , , , , , , , , , , , , , , , , , , , , , , , , , , , , , , , ,12, , , , , , , , , , 
2025-12-26 19:26:09.002 UTC, , , , , , , , , ,125,3171373,24848,672, ,4, , , , , , , , , , , ,4,4, , , ,1,2,4, , , , , , , , , , , ,1, , , ,3171373,3536,2, ,2363, , , , ,4315,619234902016,43,43,43,43, , , , , , , , , , , , , , , , , , , , , , , , , , , , , , , , ,4315,1766766908883,,, , , , , , , , , ,3145728,4288,23,23,13,23, , , , , , , , ,3,3, , ,1, , , , , , , , , , , , , , , , , , , ,240592704, , , , , , , , , , , , , , , , , , , , , , , , , , , , , , , , , , , , , , , , , , ,12, , , , , , , , , , 
2025-12-26 19:27:09.004 UTC, , , , , , , , , ,125,3171373,24848,672, ,4, , , , , , , , , , , ,4,4, , , ,1,2,4, , , , , , , , , , , ,1, , , ,3171373,3536,2, ,2363, , , , ,4315,619234902016,43,43,43,43, , , , , , , , , , , , , , , , , , , , , , , , , , , , , , , , ,4315,1766766908883,,, , , , , , , , , ,3145728,4288,23,23,7,23, , , , , , , , ,3,3, , ,1, , , , , , , , , , , , , , , , , , , ,240592704, , , , , , , , , , , , , , , , , , , , , , , , , , , , , , , , , , , , , , , , , , ,12, , , , , , , , , , 
2025-12-26 19:28:09.005 UTC, , , , , , , , , ,125,3171373,24848,672, ,4, , , , , , , , , , , ,4,4, , , ,1,2,4, , , , , , , , , , , ,1, , , ,3171373,3536,2, ,2363, , , , ,4315,619234902016,43,43,43,43, , , , , , , , , , , , , , , , , , , , , , , , , , , , , , , , ,4315,1766766908883,,, , , , , , , , , ,3145728,4288,20,20,6,20, , , , , , , , ,3,3, , ,1, , , , , , , , , , , , , , , , , , , ,242689856,1, , , , , , , , , , , , , , , , , , , , , , , , , , , , , , , , , , , , , , , , , ,12, , , , , , , , , , 
2025-12-26 19:29:09.006 UTC, , , , , , , , , ,125,3171373,24848,672, ,4, , , , , , , , , , , ,4,4, , , ,1,2,4, , , , , , , , , , , ,1, , , ,3171373,3536,2, ,2363, , , , ,4315,619234902016,43,43,43,43, , , , , , , , , , , , , , , , , , , , , , , , , , , , , , , , ,4315,1766766908883,,, , , , , , , , , ,3145728,4288,34,34,11,34, , , , , , , , ,3,3, , ,1, , , , , , , , , , , , , , , , , , , ,242689856,1, , , , , , , , , , , , , , , , , , , , , , , , , , , , , , , , , , , , , , , , , ,12, , , , , , , , , , 
2025-12-26 19:30:09.008 UTC, , , , , , , , , ,125,3171373,24848,672, ,4, , , , , , , , , , , ,4,4, , , ,1,2,4, , , , , , , , , , , ,1, , , ,3171373,3536,2, ,2363, , , , ,4315,619234897920,43,43,43,43, , , , , , , , , , , , , , , , , , , , , , , , , , , , , , , , ,4315,1766766908883,,, , , , , , , , , ,3145728,4288,31,31,10,31, , , , , , , , ,3,3, , ,1, , , , , , , , , , , , , , , , , , , ,242689856,1, , , , , , , , , , , , , , , , , , , , , , , , , , , , , , , , , , , , , , , , , ,12, , , , , , , , , , 
2025-12-26 19:31:09.010 UTC, , , , , , , , , ,125,3171373,24848,672, ,4, , , , , , , , , , , ,4,4, , , ,1,2,4, , , , , , , , , , , ,1, , , ,3171373,3536,2, ,2363, , , , ,4315,619234897920,43,43,43,43, , , , , , , , , , , , , , , , , , , , , , , , , , , , , , , , ,4315,1766766908883,,, , , , , , , , , ,3145728,4288,22,22,7,22, , , , , , , , ,3,3, , ,1, , , , , , , , , , , , , , , , , , , ,242689856,1, , , , , , , , , , , , , , , , , , , , , , , , , , , , , , , , , , , , , , , , , ,12, , , , , , , , , , 
2025-12-26 19:32:09.013 UTC, , , , , , , , , ,125,3171373,24848,672, ,4, , , , , , , , , , , ,4,4, , , ,1,2,4, , , , , , , , , , , ,1, , , ,3171373,3536,2, ,2363, , , , ,4315,619234897920,43,43,43,43, , , , , , , , , , , , , , , , , , , , , , , , , , , , , , , , ,4315,1766766908883,,, , , , , , , , , ,3145728,4288,8,8,3,8, , , , , , , , ,3,3, , ,1, , , , , , , , , , , , , , , , , , , ,242689856,1, , , , , , , , , , , , , , , , , , , , , , , , , , , , , , , , , , , , , , , , , ,12, , , , , , , , , , 
2025-12-26 19:33:09.015 UTC, , , , , , , , , ,125,3171373,24848,672, ,4, , , , , , , , , , , ,4,4, , , ,1,2,4, , , , , , , , , , , ,1, , , ,3171373,3536,2, ,2363, , , , ,4315,619234988032,43,43,43,43, , , , , , , , , , , , , , , , , , , , , , , , , , , , , , , , ,4315,1766766908883,,, , , , , , , , , ,3145728,4288,6,6,3,6, , , , , , , , ,3,3, , ,1, , , , , , , , , , , , , , , , , , , ,242689856,1, , , , , , , , , , , , , , , , , , , , , , , , , , , , , , , , , , , , , , , , , ,12, , , , , , , , , , 
2025-12-26 19:34:09.017 UTC, , , , , , , , , ,125,3171373,24848,672, ,4, , , , , , , , , , , ,4,4, , , ,1,2,4, , , , , , , , , , , ,1, , , ,3171373,3536,2, ,2363, , , , ,4315,619234807808,43,43,43,43, , , , , , , , , , , , , , , , , , , , , , , , , , , , , , , , ,4315,1766766908883,,, , , , , , , , , ,3145728,4288,10,10,4,10, , , , , , , , ,3,3, , ,1, , , , , , , , , , , , , , , , , , , ,244787008,1, , , , , , , , , , , , , , , , , , , , , , , , , , , , , , , , , , , , , , , , , ,12, , , , , , , , , , 
2025-12-26 19:35:09.019 UTC, , , , , , , , , ,125,3171373,24848,672, ,4, , , , , , , , , , , ,4,4, , , ,1,2,4, , , , , , , , , , , ,1, , , ,3171373,3536,2, ,2363, , , , ,4315,619234807808,43,43,43,43, , , , , , , , , , , , , , , , , , , , , , , , , , , , , , , , ,4315,1766766908883,,, , , , , , , , , ,3145728,4288,7,7,2,7, , , , , , , , ,3,3, , ,1, , , , , , , , , , , , , , , , , , , ,244787008,1, , , , , , , , , , , , , , , , , , , , , , , , , , , , , , , , , , , , , , , , , ,12, , , , , , , , , , 
2025-12-26 19:36:09.022 UTC, , , , , , , , , ,125,3171373,24848,672, ,4, , , , , , , , , , , ,4,4, , , ,1,2,4, , , , , , , , , , , ,1, , , ,3171373,3536,2, ,2363, , , , ,4315,619234607104,43,43,43,43, , , , , , , , , , , , , , , , , , , , , , , , , , , , , , , , ,4315,1766766908883,,, , , , , , , , , ,3145728,4288,13,13,4,13, , , , , , , , ,3,3, , ,1, , , , , , , , , , , , , , , , , , , ,244787008,1, , , , , , , , , , , , , , , , , , , , , , , , , , , , , , , , , , , , , , , , , ,12, , , , , , , , , , 
2025-12-26 19:37:09.024 UTC, , , , , , , , , ,125,3171373,24848,672, ,4, , , , , , , , , , , ,4,4, , , ,1,2,4, , , , , , , , , , , ,1, , , ,3171373,3536,2, ,2363, , , , ,4315,619234607104,43,43,43,43, , , , , , , , , , , , , , , , , , , , , , , , , , , , , , , , ,4315,1766766908883,,, , , , , , , , , ,3145728,4288,17,17,9,17, , , , , , , , ,3,3, , ,1, , , , , , , , , , , , , , , , , , , ,244787008,1, , , , , , , , , , , , , , , , , , , , , , , , , , , , , , , , , , , , , , , , , ,12, , , , , , , , , , 
2025-12-26 19:38:09.027 UTC, , , , , , , , , ,125,3171373,24848,672, ,4, , , , , , , , , , , ,4,4, , , ,1,2,4, , , , , , , , , , , ,1, , , ,3171373,3536,2, ,2363, , , , ,4315,619234603008,43,43,43,43, , , , , , , , , , , , , , , , , , , , , , , , , , , , , , , , ,4315,1766766908883,,, , , , , , , , , ,3145728,4288,7,7,3,7, , , , , , , , ,3,3, , ,1, , , , , , , , , , , , , , , , , , , ,244787008,1, , , , , , , , , , , , , , , , , , , , , , , , , , , , , , , , , , , , , , , , , ,12, , , , , , , , , , 
2025-12-26 19:39:09.028 UTC, , , , , , , , , ,125,3171373,24848,672, ,4, , , , , , , , , , , ,4,4, , , ,1,2,4, , , , , , , , , , , ,1, , , ,3171373,3536,2, ,2363, , , , ,4315,619234603008,43,43,43,43, , , , , , , , , , , , , , , , , , , , , , , , , , , , , , , , ,4315,1766766908883,,, , , , , , , , , ,3145728,4288,38,38,13,38, , , , , , , , ,3,3, , ,1, , , , , , , , , , , , , , , , , , , ,244787008,2, , , , , , , , , , , , , , , , , , , , , , , , , , , , , , , , , , , , , , , , , ,12, , , , , , , , , , 
2025-12-26 19:40:09.031 UTC, , , , , , , , , ,125,3171373,24848,672, ,4, , , , , , , , , , , ,4,4, , , ,1,2,4, , , , , , , , , , , ,1, , , ,3171373,3536,2, ,2363, , , , ,4315,619234603008,43,43,43,43, , , , , , , , , , , , , , , , , , , , , , , , , , , , , , , , ,4315,1766766908883,,, , , , , , , , , ,3145728,4288,10,10,3,10, , , , , , , , ,3,3, , ,1, , , , , , , , , , , , , , , , , , , ,246884160,1, , , , , , , , , , , , , , , , , , , , , , , , , , , , , , , , , , , , , , , , , ,12, , , , , , , , , , 
2025-12-26 19:41:09.034 UTC, , , , , , , , , ,125,3171373,24848,672, ,4, , , , , , , , , , , ,4,4, , , ,1,2,4, , , , , , , , , , , ,1, , , ,3171373,3536,2, ,2363, , , , ,4315,619234603008,43,43,43,43, , , , , , , , , , , , , , , , , , , , , , , , , , , , , , , , ,4315,1766766908883,,, , , , , , , , , ,3145728,4288,33,33,11,33, , , , , , , , ,3,3, , ,1, , , , , , , , , , , , , , , , , , , ,246884160, , , , , , , , , , , , , , , , , , , , , , , , , , , , , , , , , , , , , , , , , , ,12, , , , , , , , , , 
2025-12-26 19:42:09.035 UTC, , , , , , , , , ,125,3171373,24848,672, ,4, , , , , , , , , , , ,4,4, , , ,1,2,4, , , , , , , , , , , ,1, , , ,3171373,3536,2, ,2363, , , , ,4315,619234603008,43,43,43,43, , , , , , , , , , , , , , , , , , , , , , , , , , , , , , , , ,4315,1766766908883,,, , , , , , , , , ,3145728,4288,30,30,10,30, , , , , , , , ,3,3, , ,1, , , , , , , , , , , , , , , , , , , ,246884160, , , , , , , , , , , , , , , , , , , , , , , , , , , , , , , , , , , , , , , , , , ,12, , , , , , , , , , 
2025-12-26 19:43:09.037 UTC, , , , , , , , , ,125,3171373,24848,672, ,4, , , , , , , , , , , ,4,4, , , ,1,2,4, , , , , , , , , , , ,1, , , ,3171373,3536,2, ,2363, , , , ,4315,619234603008,43,43,43,43, , , , , , , , , , , , , , , , , , , , , , , , , , , , , , , , ,4315,1766766908883,,, , , , , , , , , ,3145728,4288,9,9,3,9, , , , , , , , ,3,3, , ,1, , , , , , , , , , , , , , , , , , , ,246884160, , , , , , , , , , , , , , , , , , , , , , , , , , , , , , , , , , , , , , , , , , ,12, , , , , , , , , , 
2025-12-26 19:44:09.037 UTC, , , , , , , , , ,125,3171373,24848,672, ,4, , , , , , , , , , , ,4,4, , , ,1,2,4, , , , , , , , , , , ,1, , , ,3171373,3536,2, ,2363, , , , ,4315,619219197952,43,43,43,43, , , , , , , , , , , , , , , , , , , , , , , , , , , , , , , , ,4315,1766766908883,,, , , , , , , , , ,3145728,4288,13,13,6,13, , , , , , , , ,3,3, , ,1, , , , , , , , , , , , , , , , , , , ,246884160,1, , , , , , , , , , , , , , , , , , , , , , , , , , , , , , , , , , , , , , , , , ,12, , , , , , , , , , 
2025-12-26 19:45:09.038 UTC, , , , , , , , , ,125,3171373,24848,672, ,4, , , , , , , , , , , ,4,4, , , ,1,2,4, , , , , , , , , , , ,1, , , ,3171373,3536,2, ,2363, , , , ,4315,619219197952,43,43,43,43, , , , , , , , , , , , , , , , , , , , , , , , , , , , , , , , ,4315,1766766908883,,, , , , , , , , , ,3145728,4288,11,11,4,11, , , , , , , , ,3,3, , ,1, , , , , , , , , , , , , , , , , , , ,246884160,1, , , , , , , , , , , , , , , , , , , , , , , , , , , , , , , , , , , , , , , , , ,12, , , , , , , , , , 
2025-12-26 19:45:31.201 UTC, , , , , , , , , ,125,3176797,30944, , ,6, ,1, , , , , , , , , ,6,6, , , ,1,4,6, , , , , , , , , , , ,1, , , ,3176797,3536,2, ,2363, , , , ,4315,619219193856,43,43,43,43, , , , , , , , , , , , , , , , , , , , , , , , , , , , , , , , ,4315,1766766908883,,, , , , , , , , , ,3145728,4934,26,26,19,26, , , ,3,3, ,3, ,3,5, , ,1, , , , , , , , , ,648,3, , , , , , , , ,251078464, , , , , , , ,3, , , , , , , , , , , , , , , , , , , , , , , , , , , , ,1, ,2, , , ,5, , , , , , , , , , 
2025-12-26 19:45:50.221 UTC, , , , , , , , , ,125,3162925,17072, , ,3, ,35,3,0.09, , , , , , , ,3,3, ,2, ,2,1,4, ,33,15, , , , , , , , ,1, , , ,3162925,6812,3, ,5052, , , , , , ,-1,-1,-1,-1, , , , , ,1,83, , , , , , , , , , , , , , , , , , , , , , , , , , ,1766778349558,,, , , , , , , , , ,3145728,6812, , , , , , ,23, , ,2, , ,3, , ,23, ,2048,1, , , , , ,101245,34, , , , , , , , ,1,18,98970608,1, , , , , , ,25, , , , , , , , , , , , , , , , , , , , , , , , , , , , , , , , , , , , , , , , , , , , , 
2025-12-26 19:45:50.356 UTC, , , , , , , , , ,125,3166517,20664, , ,4,1,11,1,0.09, , , , , , , ,4,4, , ,1,2,1,5, ,5,2, , , , , , , , ,1, , , ,3166517,6812,3, ,5052, , , , ,6861,619219193856,35,35,35,35, , , , , , , , , , , , , , , , , , , , , , , , , , , , , , , , ,6861,1766778349558,,, , , , , , , , , ,3145728,6812, , , , , , ,5, , ,1, , ,3, , ,5,1, , , , , , , ,8332,6, , , , , , , , , , ,103164912,1, , , , , , ,22, , , , , , , , , , , , , , , , , , , , , , , , , , , , , , , , ,10,8, , , , , , , , , , , 
2025-12-26 19:45:50.502 UTC, , , , , , , , , ,125,3162925,17072, , ,3, ,35,3,0.09, , , , , , , ,3,3, ,2, ,2,1,4, ,33,15, , , , , , , , ,1, , , ,3162925,6812,3, ,5052, , , , , , ,-1,-1,-1,-1, , , , , ,1,83, , , , , , , , , , , , , , , , , , , , , , , , , , ,1766778350405,,, , , , , , , , , ,3145728,6812, , , , , , ,23, , ,2, , ,3, , ,23, ,2048,1, , , , , ,101245,34, , , , , , , , ,1,18,119942128,1, , , , , , ,25, , , , , , , , , , , , , , , , , , , , , , , , , , , , , , , , , , , , , , , , , , , , , 
2025-12-26 19:46:50.506 UTC, , , , , , , , , ,125,3176453,29928,672, ,6,1,30,3,0.10, , , , , , , ,6,6, , ,1,2,4,6, ,12,9, , , , , , , , ,1, , , ,3176453,6812,3, ,5052, , , , ,7085,619219189760,34,34,34,34, , , , , , , , , , , , , , , , , , , , , , , , , , , , , , , , ,7085,1766778350405,,, , , , , , , , , ,3145728,7056,31,31,8,31, , ,16,1,1,3,1, ,3,4, ,16,1, , , , , , , ,20847,19,224,1, , , , , , ,2,26,186343656,1, , , , , , ,33, , , , , , , , , , , , , , , , , , , , , , , , , , , , , , ,1, , ,13,1, , , , , , , , , , 
2025-12-26 19:47:50.508 UTC, , , , , , , , , ,125,3176453,29928,672, ,6, ,12, , , , , , , , , ,6,6, , , ,2,4,6, , , , , , , , , , , ,1, , , ,3176453,6812,3, ,5052, , , , ,7085,619219189760,34,34,34,34, , , , , , , , , , , , , , , , , , , , , , , , , , , , , , , , ,7085,1766778350405,,, , , , , , , , , ,3145728,7056,1,1,1,1, , , , , , , , ,3,3, , ,1, , , , , , , , , , , , , , , , , , , ,186343656,1, , , , , , ,12, , , , , , , , , , , , , , , , , , , , , , , , , , , , , , , , , ,12, , , , , , , , , , , 
2025-12-26 19:48:50.512 UTC, , , , , , , , , ,125,3176453,29928,672, ,6, ,12, , , , , , , , , ,6,6, , , ,2,4,6, , , , , , , , , , , ,1, , , ,3176453,6812,3, ,5052, , , , ,7085,619219189760,34,34,34,34, , , , , , , , , , , , , , , , , , , , , , , , , , , , , , , , ,7085,1766778350405,,, , , , , , , , , ,3145728,7056,16,16,5,16, , , , , , , , ,3,3, , ,1, , , , , , , , , , , , , , , , , , , ,186343656,1, , , , , , ,12, , , , , , , , , , , , , , , , , , , , , , , , , , , , , , , , , ,12, , , , , , , , , , , 
2025-12-26 19:49:50.514 UTC, , , , , , , , , ,125,3176453,29928,672, ,6, ,12, , , , , , , , , ,6,6, , , ,2,4,6, , , , , , , , , , , ,1, , , ,3176453,6812,3, ,5052, , , , ,7085,619219189760,34,34,34,34, , , , , , , , , , , , , , , , , , , , , , , , , , , , , , , , ,7085,1766778350405,,, , , , , , , , , ,3145728,7056,13,13,4,13, , , , , , , , ,3,3, , ,1, , , , , , , , , , , , , , , , , , , ,186343656,1, , , , , , ,12, , , , , , , , , , , , , , , , , , , , , , , , , , , , , , , , , ,12, , , , , , , , , , , 
2025-12-26 19:50:50.515 UTC, , , , , , , , , ,125,3176453,29928,672, ,6, ,12, , , , , , , , , ,6,6, , , ,2,4,6, , , , , , , , , , , ,1, , , ,3176453,6812,3, ,5052, , , , ,7085,619219185664,34,34,34,34, , , , , , , , , , , , , , , , , , , , , , , , , , , , , , , , ,7085,1766778350405,,, , , , , , , , , ,3145728,7056,1,1,0,1, , , , , , , , ,3,3, , ,1, , , , , , , , , , , , , , , , , , , ,186343656,1, , , , , , ,12, , , , , , , , , , , , , , , , , , , , , , , , , , , , , , , , , ,12, , , , , , , , , , , 
2025-12-26 19:51:50.516 UTC, , , , , , , , , ,125,3176453,29928,672, ,6, ,12, , , , , , , , , ,6,6, , , ,2,4,6, , , , , , , , , , , ,1, , , ,3176453,6812,3, ,5052, , , , ,7085,619219185664,34,34,34,34, , , , , , , , , , , , , , , , , , , , , , , , , , , , , , , , ,7085,1766778350405,,, , , , , , , , , ,3145728,7056,1,1,0,1, , , , , , , , ,3,3, , ,1, , , , , , , , , , , , , , , , , , , ,188440808,1, , , , , , ,12, , , , , , , , , , , , , , , , , , , , , , , , , , , , , , , , , ,12, , , , , , , , , , , 
2025-12-26 19:52:50.517 UTC, , , , , , , , , ,125,3176453,29928,672, ,6, ,12, , , , , , , , , ,6,6, , , ,2,4,6, , , , , , , , , , , ,1, , , ,3176453,6812,3, ,5052, , , , ,7085,619219185664,34,34,34,34, , , , , , , , , , , , , , , , , , , , , , , , , , , , , , , , ,7085,1766778350405,,, , , , , , , , , ,3145728,7056,19,19,7,19, , , , , , , , ,3,3, , ,1, , , , , , , , , , , , , , , , , , , ,188440808,1, , , , , , ,12, , , , , , , , , , , , , , , , , , , , , , , , , , , , , , , , , ,12, , , , , , , , , , , 
2025-12-26 19:53:50.518 UTC, , , , , , , , , ,125,3176453,29928,672, ,6, ,12, , , , , , , , , ,6,6, , , ,2,4,6, , , , , , , , , , , ,1, , , ,3176453,6812,3, ,5052, , , , ,7085,619395022848,34,34,34,34, , , , , , , , , , , , , , , , , , , , , , , , , , , , , , , , ,7085,1766778350405,,, , , , , , , , , ,3145728,7056,15,15,5,15, , , , , , , , ,3,3, , ,1, , , , , , , , , , , , , , , , , , , ,188440808,1, , , , , , ,12, , , , , , , , , , , , , , , , , , , , , , , , , , , , , , , , , ,12, , , , , , , , , , , 
2025-12-26 19:54:50.537 UTC, , , , , , , , , ,125,3176453,29928,672, ,6, ,12, , , , , , , , , ,6,6, , , ,2,4,6, , , , , , , , , , , ,1, , , ,3176453,6812,3, ,5052, , , , ,7085,619219185664,34,34,34,34, , , , , , , , , , , , , , , , , , , , , , , , , , , , , , , , ,7085,1766778350405,,, , , , , , , , , ,3145728,7056,11,11,3,11, , , , , , , , ,3,3, , ,1, , , , , , , , , , , , , , , , , , , ,188440808,1, , , , , , ,12, , , , , , , , , , , , , , , , , , , , , , , , , , , , , , , , , ,12, , , , , , , , , , , 
2025-12-26 19:55:50.537 UTC, , , , , , , , , ,125,3176453,29928,672, ,6, ,12, , , , , , , , , ,6,6, , , ,2,4,6, , , , , , , , , , , ,1, , , ,3176453,6812,3, ,5052, , , , ,7085,619219185664,34,34,34,34, , , , , , , , , , , , , , , , , , , , , , , , , , , , , , , , ,7085,1766778350405,,, , , , , , , , , ,3145728,7056,1,1,0,1, , , , , , , , ,3,3, , ,1, , , , , , , , , , , , , , , , , , , ,188440808,1, , , , , , ,12, , , , , , , , , , , , , , , , , , , , , , , , , , , , , , , , , ,12, , , , , , , , , , , 
2025-12-26 19:56:50.538 UTC, , , , , , , , , ,125,3176453,29928,672, ,6, ,12, , , , , , , , , ,6,6, , , ,2,4,6, , , , , , , , , , , ,1, , , ,3176453,6812,3, ,5052, , , , ,7085,619219185664,34,34,34,34, , , , , , , , , , , , , , , , , , , , , , , , , , , , , , , , ,7085,1766778350405,,, , , , , , , , , ,3145728,7056,1,1,1,1, , , , , , , , ,3,3, , ,1, , , , , , , , , , , , , , , , , , , ,188440808, , , , , , , ,12, , , , , , , , , , , , , , , , , , , , , , , , , , , , , , , , , ,12, , , , , , , , , , , 
2025-12-26 19:57:50.539 UTC, , , , , , , , , ,125,3176453,29928,672, ,6, ,12, , , , , , , , , ,6,6, , , ,2,4,6, , , , , , , , , , , ,1, , , ,3176453,6812,3, ,5052, , , , ,7085,619219185664,34,34,34,34, , , , , , , , , , , , , , , , , , , , , , , , , , , , , , , , ,7085,1766778350405,,, , , , , , , , , ,3145728,7056,1,1,1,1, , , , , , , , ,3,3, , ,1, , , , , , , , , , , , , , , , , , , ,190537960, , , , , , , ,12, , , , , , , , , , , , , , , , , , , , , , , , , , , , , , , , , ,12, , , , , , , , , , , 
2025-12-26 19:58:36.720 UTC, , , , , , , , , ,125,3175781,29928, , ,6, ,13, , , , , , , , , ,6,6, , , ,2,4,6, , , , , , , , , , , ,1, , , ,3175781,6812,3, ,5052, , , , ,7085,619219181568,34,34,34,34, , , , , , , , , , , , , , , , , , , , , , , , , , , , , , , , ,7085,1766778350405,,, , , , , , , , , ,3145728,7408,40,40,20,40, , , ,3,3, ,3, ,3,5, , ,1, , , , , , , , , ,352,3, , , , , , , , ,194732264,1, , , , , , ,13, , , , , , , , , , , , , , , , , , , , , , , , , , , , ,1, , , , ,10, ,2, , , , , , , , , 
2025-12-26 20:07:22.878 UTC, , , , , , , , , ,125,3162949,17096, , ,3, ,35,3,0.09, , , , , , , ,3,3, ,2, ,2,1,4, ,35,16, , , , , , , , ,1, , , ,3162949,8702,4, ,7526, , , , , , ,-1,-1,-1,-1, , , , , ,2,100, , , , , , , , , , , , , , , , , , , , , , , , , , ,1766779642320,,, , , , , , , , , ,3145728,8702, , , , , , ,24, , ,2, , ,3, , ,24, ,2048,1, , , , , ,117717,37, , , , , , , , ,1,27,98646536,1, , , , , , ,25, , , , , , , , , , , , , , , , , , , , , , , , , , , , , , , , , , , , , , , , , , , , , 
2025-12-26 20:07:23.026 UTC, , , , , , , , , ,125,3166541,20688, , ,4,1,11,1,0.09, , , , , , , ,4,4, , ,1,2,1,5, ,5,2, , , , , , , , ,1, , , ,3166541,8702,4, ,7526, , , , ,8751,619219177472,29,29,29,29, , , , , , , , , , , , , , , , , , , , , , , , , , , , , , , , ,8751,1766779642320,,, , , , , , , , , ,3145728,8702, , , , , , ,5, , ,1, , ,3, , ,5,1, , , , , , , ,8332,6, , , , , , , , , , ,102840840,1, , , , , , ,22, , , , , , , , , , , , , , , , , , , , , , , , , , , , , , , , ,10,8, , , , , , , , , , , 
2025-12-26 20:07:23.209 UTC, , , , , , , , , ,125,3162949,17096, , ,3, ,35,3,0.09, , , , , , , ,3,3, ,2, ,2,1,4, ,35,16, , , , , , , , ,1, , , ,3162949,8702,4, ,7526, , , , , , ,-1,-1,-1,-1, , , , , ,2,100, , , , , , , , , , , , , , , , , , , , , , , , , , ,1766779643104,,, , , , , , , , , ,3145728,8702, , , , , , ,24, , ,2, , ,3, , ,24, ,2048,1, , , , , ,117717,37, , , , , , , , ,1,27,119618056,1, , , , , , ,25, , , , , , , , , , , , , , , , , , , , , , , , , , , , , , , , , , , , , , , , , , , , , 
2025-12-26 20:08:23.210 UTC, , , , , , , , , ,125,3176477,29952,672, ,6,1,28,3,0.11, , , , , , , ,6,6, , ,1,2,4,6, ,12,9, , , , , , , , ,1, , , ,3176477,8702,4, ,7526, , , , ,8957,619219177472,29,29,29,29, , , , , , , , , , , , , , , , , , , , , , , , , , , , , , , , ,8957,1766779643104,,, , , , , , , , , ,3145728,8928,28,28,7,28, , ,16,1,1,3,1, ,3,4, ,16,1, , , , , , , ,20847,19,206,1, , , , , , ,2,30,185808064,1, , , , , , ,33, , , , , , , , , , , , , , , , , , , , , , , , , , , , , , ,1, , ,13,1, , , , , , , , , , 
2025-12-26 20:09:23.213 UTC, , , , , , , , , ,125,3176477,29952,672, ,6, ,12, , , , , , , , , ,6,6, , , ,2,4,6, , , , , , , , , , , ,1, , , ,3176477,8702,4, ,7526, , , , ,8957,619219177472,29,29,29,29, , , , , , , , , , , , , , , , , , , , , , , , , , , , , , , , ,8957,1766779643104,,, , , , , , , , , ,3145728,8928,1,1,0,1, , , , , , , , ,3,3, , ,1, , , , , , , , , , , , , , , , , , , ,185808064, , , , , , , ,12, , , , , , , , , , , , , , , , , , , , , , , , , , , , , , , , , ,12, , , , , , , , , , , 
2025-12-26 20:10:23.215 UTC, , , , , , , , , ,125,3176477,29952,672, ,6, ,12, , , , , , , , , ,6,6, , , ,2,4,6, , , , , , , , , , , ,1, , , ,3176477,8702,4, ,7526, , , , ,8957,619219177472,29,29,29,29, , , , , , , , , , , , , , , , , , , , , , , , , , , , , , , , ,8957,1766779643104,,, , , , , , , , , ,3145728,8928,10,10,4,10, , , , , , , , ,3,3, , ,1, , , , , , , , , , , , , , , , , , , ,185808064, , , , , , , ,12, , , , , , , , , , , , , , , , , , , , , , , , , , , , , , , , , ,12, , , , , , , , , , , 
2025-12-26 20:11:23.216 UTC, , , , , , , , , ,125,3176477,29952,672, ,6, ,12, , , , , , , , , ,6,6, , , ,2,4,6, , , , , , , , , , , ,1, , , ,3176477,8702,4, ,7526, , , , ,8957,619219177472,29,29,29,29, , , , , , , , , , , , , , , , , , , , , , , , , , , , , , , , ,8957,1766779643104,,, , , , , , , , , ,3145728,8928,1,1,0,1, , , , , , , , ,3,3, , ,1, , , , , , , , , , , , , , , , , , , ,185808064, , , , , , , ,12, , , , , , , , , , , , , , , , , , , , , , , , , , , , , , , , , ,12, , , , , , , , , , , 
2025-12-26 20:12:23.216 UTC, , , , , , , , , ,125,3176477,29952,672, ,6, ,12, , , , , , , , , ,6,6, , , ,2,4,6, , , , , , , , , , , ,1, , , ,3176477,8702,4, ,7526, , , , ,8957,619219173376,29,29,29,29, , , , , , , , , , , , , , , , , , , , , , , , , , , , , , , , ,8957,1766779643104,,, , , , , , , , , ,3145728,8928,13,13,5,13, , , , , , , , ,3,3, , ,1, , , , , , , , , , , , , , , , , , , ,185808064, , , , , , , ,12, , , , , , , , , , , , , , , , , , , , , , , , , , , , , , , , , ,12, , , , , , , , , , , 
2025-12-26 20:13:23.229 UTC, , , , , , , , , ,125,3176477,29952,672, ,6, ,12, , , , , , , , , ,6,6, , , ,2,4,6, , , , , , , , , , , ,1, , , ,3176477,8702,4, ,7526, , , , ,8957,619219173376,29,29,29,29, , , , , , , , , , , , , , , , , , , , , , , , , , , , , , , , ,8957,1766779643104,,, , , , , , , , , ,3145728,8928,20,20,7,20, , , , , , , , ,3,3, , ,1, , , , , , , , , , , , , , , , , , , ,187905216, , , , , , , ,12, , , , , , , , , , , , , , , , , , , , , , , , , , , , , , , , , ,12, , , , , , , , , , , 
2025-12-26 20:14:23.243 UTC, , , , , , , , , ,125,3176477,29952,672, ,6, ,12, , , , , , , , , ,6,6, , , ,2,4,6, , , , , , , , , , , ,1, , , ,3176477,8702,4, ,7526, , , , ,8957,619219173376,29,29,29,29, , , , , , , , , , , , , , , , , , , , , , , , , , , , , , , , ,8957,1766779643104,,, , , , , , , , , ,3145728,8928,9,9,3,9, , , , , , , , ,3,3, , ,1, , , , , , , , , , , , , , , , , , , ,187905216,1, , , , , , ,12, , , , , , , , , , , , , , , , , , , , , , , , , , , , , , , , , ,12, , , , , , , , , , , 
2025-12-26 20:15:23.313 UTC, , , , , , , , , ,125,3176477,29952,672, ,6, ,12, , , , , , , , , ,6,6, , , ,2,4,6, , , , , , , , , , , ,1, , , ,3176477,8702,4, ,7526, , , , ,8957,619219173376,29,29,29,29, , , , , , , , , , , , , , , , , , , , , , , , , , , , , , , , ,8957,1766779643104,,, , , , , , , , , ,3145728,8928,1,1,0,1, , , , , , , , ,3,3, , ,1, , , , , , , , , , , , , , , , , , , ,187905216, , , , , , , ,12, , , , , , , , , , , , , , , , , , , , , , , , , , , , , , , , , ,12, , , , , , , , , , , 
2025-12-26 20:16:23.316 UTC, , , , , , , , , ,125,3176477,29952,672, ,6, ,12, , , , , , , , , ,6,6, , , ,2,4,6, , , , , , , , , , , ,1, , , ,3176477,8702,4, ,7526, , , , ,8957,619219173376,29,29,29,29, , , , , , , , , , , , , , , , , , , , , , , , , , , , , , , , ,8957,1766779643104,,, , , , , , , , , ,3145728,8928,1,1,0,1, , , , , , , , ,3,3, , ,1, , , , , , , , , , , , , , , , , , , ,187905216, , , , , , , ,12, , , , , , , , , , , , , , , , , , , , , , , , , , , , , , , , , ,12, , , , , , , , , , , 
2025-12-26 20:17:23.316 UTC, , , , , , , , , ,125,3176477,29952,672, ,6, ,12, , , , , , , , , ,6,6, , , ,2,4,6, , , , , , , , , , , ,1, , , ,3176477,8702,4, ,7526, , , , ,8957,619219173376,29,29,29,29, , , , , , , , , , , , , , , , , , , , , , , , , , , , , , , , ,8957,1766779643104,,, , , , , , , , , ,3145728,8928,1,1,1,1, , , , , , , , ,3,3, , ,1, , , , , , , , , , , , , , , , , , , ,187905216,1, , , , , , ,12, , , , , , , , , , , , , , , , , , , , , , , , , , , , , , , , , ,12, , , , , , , , , , , 
2025-12-26 20:18:23.316 UTC, , , , , , , , , ,125,3176477,29952,672, ,6, ,12, , , , , , , , , ,6,6, , , ,2,4,6, , , , , , , , , , , ,1, , , ,3176477,8702,4, ,7526, , , , ,8957,619219173376,29,29,29,29, , , , , , , , , , , , , , , , , , , , , , , , , , , , , , , , ,8957,1766779643104,,, , , , , , , , , ,3145728,8928,1,1,0,1, , , , , , , , ,3,3, , ,1, , , , , , , , , , , , , , , , , , , ,187905216, , , , , , , ,12, , , , , , , , , , , , , , , , , , , , , , , , , , , , , , , , , ,12, , , , , , , , , , , 
2025-12-26 20:19:23.317 UTC, , , , , , , , , ,125,3176477,29952,672, ,6, ,12, , , , , , , , , ,6,6, , , ,2,4,6, , , , , , , , , , , ,1, , , ,3176477,8702,4, ,7526, , , , ,8957,619219173376,29,29,29,29, , , , , , , , , , , , , , , , , , , , , , , , , , , , , , , , ,8957,1766779643104,,, , , , , , , , , ,3145728,8928,1,1,0,1, , , , , , , , ,3,3, , ,1, , , , , , , , , , , , , , , , , , , ,190002368,1, , , , , , ,12, , , , , , , , , , , , , , , , , , , , , , , , , , , , , , , , , ,12, , , , , , , , , , , 
2025-12-26 20:20:23.318 UTC, , , , , , , , , ,125,3176477,29952,672, ,6, ,12, , , , , , , , , ,6,6, , , ,2,4,6, , , , , , , , , , , ,1, , , ,3176477,8702,4, ,7526, , , , ,8957,619219169280,29,29,29,29, , , , , , , , , , , , , , , , , , , , , , , , , , , , , , , , ,8957,1766779643104,,, , , , , , , , , ,3145728,8928,1,1,0,1, , , , , , , , ,3,3, , ,1, , , , , , , , , , , , , , , , , , , ,190002368, , , , , , , ,12, , , , , , , , , , , , , , , , , , , , , , , , , , , , , , , , , ,12, , , , , , , , , , , 
2025-12-26 20:21:23.322 UTC, , , , , , , , , ,125,3176477,29952,672, ,6, ,12, , , , , , , , , ,6,6, , , ,2,4,6, , , , , , , , , , , ,1, , , ,3176477,8702,4, ,7526, , , , ,8957,619219169280,29,29,29,29, , , , , , , , , , , , , , , , , , , , , , , , , , , , , , , , ,8957,1766779643104,,, , , , , , , , , ,3145728,8928,1,1,0,1, , , , , , , , ,3,3, , ,1, , , , , , , , , , , , , , , , , , , ,190002368, , , , , , , ,12, , , , , , , , , , , , , , , , , , , , , , , , , , , , , , , , , ,12, , , , , , , , , , , 
2025-12-26 20:22:23.323 UTC, , , , , , , , , ,125,3176477,29952,672, ,6, ,12, , , , , , , , , ,6,6, , , ,2,4,6, , , , , , , , , , , ,1, , , ,3176477,8702,4, ,7526, , , , ,8957,619219169280,29,29,29,29, , , , , , , , , , , , , , , , , , , , , , , , , , , , , , , , ,8957,1766779643104,,, , , , , , , , , ,3145728,8928,1,1,1,1, , , , , , , , ,3,3, , ,1, , , , , , , , , , , , , , , , , , , ,190002368,1, , , , , , ,12, , , , , , , , , , , , , , , , , , , , , , , , , , , , , , , , , ,12, , , , , , , , , , , 
2025-12-26 20:23:23.323 UTC, , , , , , , , , ,125,3176477,29952,672, ,6, ,12, , , , , , , , , ,6,6, , , ,2,4,6, , , , , , , , , , , ,1, , , ,3176477,8702,4, ,7526, , , , ,8957,619219169280,29,29,29,29, , , , , , , , , , , , , , , , , , , , , , , , , , , , , , , , ,8957,1766779643104,,, , , , , , , , , ,3145728,8928,1,1,0,1, , , , , , , , ,3,3, , ,1, , , , , , , , , , , , , , , , , , , ,190002368,1, , , , , , ,12, , , , , , , , , , , , , , , , , , , , , , , , , , , , , , , , , ,12, , , , , , , , , , , 
2025-12-26 20:24:23.323 UTC, , , , , , , , , ,125,3176477,29952,672, ,6, ,12, , , , , , , , , ,6,6, , , ,2,4,6, , , , , , , , , , , ,1, , , ,3176477,8702,4, ,7526, , , , ,8957,619219169280,29,29,29,29, , , , , , , , , , , , , , , , , , , , , , , , , , , , , , , , ,8957,1766779643104,,, , , , , , , , , ,3145728,8928,1,1,0,1, , , , , , , , ,3,3, , ,1, , , , , , , , , , , , , , , , , , , ,190002368,1, , , , , , ,12, , , , , , , , , , , , , , , , , , , , , , , , , , , , , , , , , ,12, , , , , , , , , , , 
2025-12-26 20:25:23.323 UTC, , , , , , , , , ,125,3176477,29952,672, ,6, ,12, , , , , , , , , ,6,6, , , ,2,4,6, , , , , , , , , , , ,1, , , ,3176477,8702,4, ,7526, , , , ,8957,619219169280,29,29,29,29, , , , , , , , , , , , , , , , , , , , , , , , , , , , , , , , ,8957,1766779643104,,, , , , , , , , , ,3145728,8928,1,1,0,1, , , , , , , , ,3,3, , ,1, , , , , , , , , , , , , , , , , , , ,190002368,1, , , , , , ,12, , , , , , , , , , , , , , , , , , , , , , , , , , , , , , , , , ,12, , , , , , , , , , , 
2025-12-26 20:26:23.324 UTC, , , , , , , , , ,125,3176477,29952,672, ,6, ,12, , , , , , , , , ,6,6, , , ,2,4,6, , , , , , , , , , , ,1, , , ,3176477,8702,4, ,7526, , , , ,8957,619219169280,29,29,29,29, , , , , , , , , , , , , , , , , , , , , , , , , , , , , , , , ,8957,1766779643104,,, , , , , , , , , ,3145728,8928,1,1,0,1, , , , , , , , ,3,3, , ,1, , , , , , , , , , , , , , , , , , , ,192099520,1, , , , , , ,12, , , , , , , , , , , , , , , , , , , , , , , , , , , , , , , , , ,12, , , , , , , , , , , 
2025-12-26 20:27:23.324 UTC, , , , , , , , , ,125,3176477,29952,672, ,6, ,12, , , , , , , , , ,6,6, , , ,2,4,6, , , , , , , , , , , ,1, , , ,3176477,8702,4, ,7526, , , , ,8957,619219169280,29,29,29,29, , , , , , , , , , , , , , , , , , , , , , , , , , , , , , , , ,8957,1766779643104,,, , , , , , , , , ,3145728,8928,1,1,0,1, , , , , , , , ,3,3, , ,1, , , , , , , , , , , , , , , , , , , ,192099520,1, , , , , , ,12, , , , , , , , , , , , , , , , , , , , , , , , , , , , , , , , , ,12, , , , , , , , , , , 
2025-12-26 20:28:23.325 UTC, , , , , , , , , ,125,3176477,29952,672, ,6, ,12, , , , , , , , , ,6,6, , , ,2,4,6, , , , , , , , , , , ,1, , , ,3176477,8702,4, ,7526, , , , ,8957,619219165184,29,29,29,29, , , , , , , , , , , , , , , , , , , , , , , , , , , , , , , , ,8957,1766779643104,,, , , , , , , , , ,3145728,8928,1,1,0,1, , , , , , , , ,3,3, , ,1, , , , , , , , , , , , , , , , , , , ,192099520,1, , , , , , ,12, , , , , , , , , , , , , , , , , , , , , , , , , , , , , , , , , ,12, , , , , , , , , , , 
2025-12-26 20:29:23.325 UTC, , , , , , , , , ,125,3176477,29952,672, ,6, ,12, , , , , , , , , ,6,6, , , ,2,4,6, , , , , , , , , , , ,1, , , ,3176477,8702,4, ,7526, , , , ,8957,619219165184,29,29,29,29, , , , , , , , , , , , , , , , , , , , , , , , , , , , , , , , ,8957,1766779643104,,, , , , , , , , , ,3145728,8928,1,1,0,1, , , , , , , , ,3,3, , ,1, , , , , , , , , , , , , , , , , , , ,192099520, , , , , , , ,12, , , , , , , , , , , , , , , , , , , , , , , , , , , , , , , , , ,12, , , , , , , , , , , 
2025-12-26 20:30:23.326 UTC, , , , , , , , , ,125,3176477,29952,672, ,6, ,12, , , , , , , , , ,6,6, , , ,2,4,6, , , , , , , , , , , ,1, , , ,3176477,8702,4, ,7526, , , , ,8957,619219165184,29,29,29,29, , , , , , , , , , , , , , , , , , , , , , , , , , , , , , , , ,8957,1766779643104,,, , , , , , , , , ,3145728,8928,0,0,0,0, , , , , , , , ,3,3, , ,1, , , , , , , , , , , , , , , , , , , ,192099520,1, , , , , , ,12, , , , , , , , , , , , , , , , , , , , , , , , , , , , , , , , , ,12, , , , , , , , , , , 
2025-12-26 20:31:23.327 UTC, , , , , , , , , ,125,3176477,29952,672, ,6, ,12, , , , , , , , , ,6,6, , , ,2,4,6, , , , , , , , , , , ,1, , , ,3176477,8702,4, ,7526, , , , ,8957,619219165184,29,29,29,29, , , , , , , , , , , , , , , , , , , , , , , , , , , , , , , , ,8957,1766779643104,,, , , , , , , , , ,3145728,8928,1,1,1,1, , , , , , , , ,3,3, , ,1, , , , , , , , , , , , , , , , , , , ,194196672,1, , , , , , ,12, , , , , , , , , , , , , , , , , , , , , , , , , , , , , , , , , ,12, , , , , , , , , , , 
2025-12-26 20:32:23.327 UTC, , , , , , , , , ,125,3176477,29952,672, ,6, ,12, , , , , , , , , ,6,6, , , ,2,4,6, , , , , , , , , , , ,1, , , ,3176477,8702,4, ,7526, , , , ,8957,619219165184,29,29,29,29, , , , , , , , , , , , , , , , , , , , , , , , , , , , , , , , ,8957,1766779643104,,, , , , , , , , , ,3145728,8928,19,19,7,19, , , , , , , , ,3,3, , ,1, , , , , , , , , , , , , , , , , , , ,194196672,1, , , , , , ,12, , , , , , , , , , , , , , , , , , , , , , , , , , , , , , , , , ,12, , , , , , , , , , , 
2025-12-26 20:33:23.332 UTC, , , , , , , , , ,125,3176477,29952,672, ,6, ,12, , , , , , , , , ,6,6, , , ,2,4,6, , , , , , , , , , , ,1, , , ,3176477,8702,4, ,7526, , , , ,8957,619235606528,29,29,29,29, , , , , , , , , , , , , , , , , , , , , , , , , , , , , , , , ,8957,1766779643104,,, , , , , , , , , ,3145728,8928,85,85,37,85, , , , , , , , ,3,3, , ,1, , , , , , , , , , , , , , , , , , , ,194196672, , , , , , , ,12, , , , , , , , , , , , , , , , , , , , , , , , , , , , , , , , , ,12, , , , , , , , , , , 
2025-12-26 20:34:23.333 UTC, , , , , , , , , ,125,3176477,29952,672, ,6, ,12, , , , , , , , , ,6,6, , , ,2,4,6, , , , , , , , , , , ,1, , , ,3176477,8702,4, ,7526, , , , ,8957,619234983936,29,29,29,29, , , , , , , , , , , , , , , , , , , , , , , , , , , , , , , , ,8957,1766779643104,,, , , , , , , , , ,3145728,8928,13,13,7,13, , , , , , , , ,3,3, , ,1, , , , , , , , , , , , , , , , , , , ,194196672, , , , , , , ,12, , , , , , , , , , , , , , , , , , , , , , , , , , , , , , , , , ,12, , , , , , , , , , , 
2025-12-26 20:35:23.335 UTC, , , , , , , , , ,125,3176477,29952,672, ,6, ,12, , , , , , , , , ,6,6, , , ,2,4,6, , , , , , , , , , , ,1, , , ,3176477,8702,4, ,7526, , , , ,8957,619234250752,29,29,29,29, , , , , , , , , , , , , , , , , , , , , , , , , , , , , , , , ,8957,1766779643104,,, , , , , , , , , ,3145728,8928,16,16,9,16, , , , , , , , ,3,3, , ,1, , , , , , , , , , , , , , , , , , , ,194196672, , , , , , , ,12, , , , , , , , , , , , , , , , , , , , , , , , , , , , , , , , , ,12, , , , , , , , , , , 
2025-12-26 20:36:23.336 UTC, , , , , , , , , ,125,3176477,29952,672, ,6, ,12, , , , , , , , , ,6,6, , , ,2,4,6, , , , , , , , , , , ,1, , , ,3176477,8702,4, ,7526, , , , ,8957,619233845248,29,29,29,29, , , , , , , , , , , , , , , , , , , , , , , , , , , , , , , , ,8957,1766779643104,,, , , , , , , , , ,3145728,8928,42,42,24,42, , , , , , , , ,3,3, , ,1, , , , , , , , , , , , , , , , , , , ,194196672, , , , , , , ,12, , , , , , , , , , , , , , , , , , , , , , , , , , , , , , , , , ,12, , , , , , , , , , , 
2025-12-26 20:37:23.338 UTC, , , , , , , , , ,125,3176477,29952,672, ,6, ,12, , , , , , , , , ,6,6, , , ,2,4,6, , , , , , , , , , , ,1, , , ,3176477,8702,4, ,7526, , , , ,8957,619233845248,29,29,29,29, , , , , , , , , , , , , , , , , , , , , , , , , , , , , , , , ,8957,1766779643104,,, , , , , , , , , ,3145728,8928,19,19,9,19, , , , , , , , ,3,3, , ,1, , , , , , , , , , , , , , , , , , , ,196293824,1, , , , , , ,12, , , , , , , , , , , , , , , , , , , , , , , , , , , , , , , , , ,12, , , , , , , , , , , 
2025-12-26 20:38:23.339 UTC, , , , , , , , , ,125,3176477,29952,672, ,6, ,12, , , , , , , , , ,6,6, , , ,2,4,6, , , , , , , , , , , ,1, , , ,3176477,8702,4, ,7526, , , , ,8957,619233841152,29,29,29,29, , , , , , , , , , , , , , , , , , , , , , , , , , , , , , , , ,8957,1766779643104,,, , , , , , , , , ,3145728,8928,11,11,6,11, , , , , , , , ,3,3, , ,1, , , , , , , , , , , , , , , , , , , ,196293824,1, , , , , , ,12, , , , , , , , , , , , , , , , , , , , , , , , , , , , , , , , , ,12, , , , , , , , , , , 
2025-12-26 20:39:23.340 UTC, , , , , , , , , ,125,3176477,29952,672, ,6, ,12, , , , , , , , , ,6,6, , , ,2,4,6, , , , , , , , , , , ,1, , , ,3176477,8702,4, ,7526, , , , ,8957,619233828864,29,29,29,29, , , , , , , , , , , , , , , , , , , , , , , , , , , , , , , , ,8957,1766779643104,,, , , , , , , , , ,3145728,8928,12,12,8,12, , , , , , , , ,3,3, , ,1, , , , , , , , , , , , , , , , , , , ,196293824,1, , , , , , ,12, , , , , , , , , , , , , , , , , , , , , , , , , , , , , , , , , ,12, , , , , , , , , , , 
2025-12-26 20:40:23.343 UTC, , , , , , , , , ,125,3176477,29952,672, ,6, ,12, , , , , , , , , ,6,6, , , ,2,4,6, , , , , , , , , , , ,1, , , ,3176477,8702,4, ,7526, , , , ,8957,619233828864,29,29,29,29, , , , , , , , , , , , , , , , , , , , , , , , , , , , , , , , ,8957,1766779643104,,, , , , , , , , , ,3145728,8928,13,13,7,13, , , , , , , , ,3,3, , ,1, , , , , , , , , , , , , , , , , , , ,198390976,1, , , , , , ,12, , , , , , , , , , , , , , , , , , , , , , , , , , , , , , , , , ,12, , , , , , , , , , , 
2025-12-26 20:41:23.349 UTC, , , , , , , , , ,125,3176477,29952,672, ,6, ,12, , , , , , , , , ,6,6, , , ,2,4,6, , , , , , , , , , , ,1, , , ,3176477,8702,4, ,7526, , , , ,8957,619233828864,29,29,29,29, , , , , , , , , , , , , , , , , , , , , , , , , , , , , , , , ,8957,1766779643104,,, , , , , , , , , ,3145728,8928,18,18,11,18, , , , , , , , ,3,3, , ,1, , , , , , , , , , , , , , , , , , , ,198390976,1, , , , , , ,12, , , , , , , , , , , , , , , , , , , , , , , , , , , , , , , , , ,12, , , , , , , , , , , 
2025-12-26 20:42:23.353 UTC, , , , , , , , , ,125,3176477,29952,672, ,6, ,12, , , , , , , , , ,6,6, , , ,2,4,6, , , , , , , , , , , ,1, , , ,3176477,8702,4, ,7526, , , , ,8957,619233828864,29,29,29,29, , , , , , , , , , , , , , , , , , , , , , , , , , , , , , , , ,8957,1766779643104,,, , , , , , , , , ,3145728,8928,13,13,8,13, , , , , , , , ,3,3, , ,1, , , , , , , , , , , , , , , , , , , ,198390976,1, , , , , , ,12, , , , , , , , , , , , , , , , , , , , , , , , , , , , , , , , , ,12, , , , , , , , , , , 
2025-12-26 20:43:23.354 UTC, , , , , , , , , ,125,3176477,29952,672, ,6, ,12, , , , , , , , , ,6,6, , , ,2,4,6, , , , , , , , , , , ,1, , , ,3176477,8702,4, ,7526, , , , ,8957,619233828864,29,29,29,29, , , , , , , , , , , , , , , , , , , , , , , , , , , , , , , , ,8957,1766779643104,,, , , , , , , , , ,3145728,8928,7,7,3,7, , , , , , , , ,3,3, , ,1, , , , , , , , , , , , , , , , , , , ,198390976,1, , , , , , ,12, , , , , , , , , , , , , , , , , , , , , , , , , , , , , , , , , ,12, , , , , , , , , , , 
2025-12-26 20:44:08.623 UTC, , , , , , , , , ,125,3175805,29952, , ,6, ,12, , , , , , , , , ,6,6, , , ,2,4,6, , , , , , , , , , , ,1, , , ,3175805,8702,4, ,7526, , , , ,8957,619233816576,29,29,29,29, , , , , , , , , , , , , , , , , , , , , , , , , , , , , , , , ,8957,1766779643104,,, , , , , , , , , ,3145728,9252,33,33,20,33, , , ,3,3, ,3, ,3,5, , ,1, , , , , , , , , ,324,3, , , , , , , , ,204682432, , , , , , , ,12, , , , , , , , , , , , , , , , , , , , , , , , , , , , ,1, ,2, , ,9, , , , , , , , , , , 
2025-12-27 11:53:48.841 UTC, , , , , , , , , ,125,3162973,17120, , ,3,1,35,3,0.09, , , , , , , ,3,3, ,2,1,2,1,4, ,37,17, , , , , , , , ,1, , , ,3162973,10929,5, ,9370, , , , ,10978,619213479936,-1,-1,-1,-1, , , , , ,2,120, , , , , , , , , , , , , , , , , , , , , , , , , ,10978,1766836428254,,, , , , , , , , , ,3145728,10929, , , , , , ,26, , ,2, , ,3, , ,26, ,2048,1, , , , , ,119865,39, , , , , , , , ,1,26,98973696, , , , , , , ,25, , , , , , , , , , , , , , , , , , , , , , , , , , , , , , , , , , , , , , , , , , , , , 
2025-12-27 11:53:49.011 UTC, , , , , , , , , ,125,3166669,20816, , ,4,1,11,1,0.09, , , , , , , ,4,4, , ,1,2,1,5, ,5,2, , , , , , , , ,1, , , ,3166669,10929,5, ,9370, , , , ,10978,619213479936,26,26,26,26, , , , , , , , , , , , , , , , , , , , , , , , , , , , , , , , ,10978,1766836428254,,, , , , , , , , , ,3145728,10929, , , , , , ,5, , ,1, , ,3, , ,5,1, , , , , , , ,8332,6, , , , , , , , , , ,105265152, , , , , , , ,23, , , , , , , , , , , , , , , , , , , , , , , , , , , , , , , , ,10,8, , , , , , , , , , , 
2025-12-27 11:53:49.209 UTC, , , , , , , , , ,125,3162973,17120, , ,3,1,35,3,0.09, , , , , , , ,3,3, ,2,1,2,1,4, ,37,17, , , , , , , , ,1, , , ,3162973,10929,5, ,9370, , , , , , ,-1,-1,-1,-1, , , , , ,2,120, , , , , , , , , , , , , , , , , , , , , , , , , , ,1766836429091,,, , , , , , , , , ,3145728,10929, , , , , , ,26, , ,2, , ,3, , ,26, ,2048,1, , , , , ,119865,39, , , , , , , , ,1,26,122042368, , , , , , , ,25, , , , , , , , , , , , , , , , , , , , , , , , , , , , , , , , , , , , , , , , , , , , , 
2025-12-27 11:54:49.211 UTC, , , , , , , , , ,125,3176717,30192,672, ,6,1,27,3,0.11, , , , , , , ,6,6, , ,1,2,4,6, ,12,9, , , , , , , , ,1, , , ,3176717,10929,5, ,9370, , , , ,11184,619213479936,25,25,25,25, , , , , , , , , , , , , , , , , , , , , , , , , , , , , , , , ,11184,1766836429091,,, , , , , , , , , ,3145728,11155,32,32,8,32, , ,16,1,1,3,1, ,3,4, ,16,1, , , , , , , ,20847,19,206,1, , , , , , ,2,23,183734864,1, , , , , , ,30, , , , , , , , , , , , , , , , , , , , , , , , , , , , , , ,1, , ,11,3, , , , , , , , , , 
2025-12-27 11:54:57.443 UTC, , , , , , , , , ,125,3176045,30192, , ,6, ,5, , , , , , , , , ,6,6, , , ,2,4,6, , , , , , , , , , , ,1, , , ,3176045,10929,5, ,9370, , , , ,11184,619213479936,25,25,25,25, , , , , , , , , , , , , , , , , , , , , , , , , , , , , , , , ,11184,1766836429091,,, , , , , , , , , ,3145728,11479,28,28,25,28, , , ,3,3, ,3, ,3,3, , ,1, , , , , , , , , ,324,3, , , , , , , , ,187929168,1, , , , , , ,5, , , ,1, , , , , , , , , , , , , , , , , , , , , , , , ,1, ,2, , ,2, , , , , , , , , , , 
2025-12-27 11:55:05.140 UTC, , , , , , , , , ,125,3162997,17144, , ,3, ,35,3,0.09, , , , , , , ,3,3, ,2, ,2,1,4, ,39,18, , , , , , , , ,1, , , ,3162997,13164,6, ,11597, , , , ,13213,619213475840,21,21,21,21, , , , , ,2,137, , , , , , , , , , , , , , , , , , , , , , , , , ,13213,1766836504725,,, , , , , , , , , ,3145728,13164, , , , , , ,26, , ,2, , ,3, , ,26, ,2048,1, , , , , ,117919,39, , , , , , , , ,1,13,98989088,1, , , , , , ,25, , , , , , , , , , , , , , , , , , , , , , , , , , , , , , , , , , , , , , , , , , , , , 
2025-12-27 11:55:05.245 UTC, , , , , , , , , ,125,3166485,20632, , ,4, ,11,1,0.09, , , , , , , ,4,4, , , ,2,1,5, ,5,2, , , , , , , , ,1, , , ,3166485,13164,6, ,11597, , , , ,13213,619213475840,21,21,21,21, , , , , , , , , , , , , , , , , , , , , , , , , , , , , , , , ,13213,1766836504725,,, , , , , , , , , ,3145728,13164, , , , , , ,4, , ,1, , ,3, , ,4,1, , , , , , , ,6284,5, , , , , , , , , , ,103183392,1, , , , , , ,21, , , , , , , , , , , , , , , , , , , , , , , , , , , , , , , , ,10,8, , , , , , , , , , , 
2025-12-27 11:55:05.363 UTC, , , , , , , , , ,125,3162997,17144, , ,3, ,35,3,0.09, , , , , , , ,3,3, ,2, ,2,1,4, ,39,18, , , , , , , , ,1, , , ,3162997,13164,6, ,11597, , , , , , ,-1,-1,-1,-1, , , , , ,2,137, , , , , , , , , , , , , , , , , , , , , , , , , , ,1766836505288,,, , , , , , , , , ,3145728,13164, , , , , , ,26, , ,2, , ,3, , ,26, ,2048,1, , , , , ,117919,39, , , , , , , , ,1,13,119960608,1, , , , , , ,25, , , , , , , , , , , , , , , , , , , , , , , , , , , , , , , , , , , , , , , , , , , , , 
2025-12-27 11:56:05.364 UTC, , , , , , , , , ,125,3176645,30120,672, ,6, ,29,3,0.10, , , , , , , ,6,6, , , ,2,4,6, ,12,9, , , , , , , , ,1, , , ,3176645,13164,6, ,11597, , , , ,13419,619213471744,21,21,21,21, , , , , , , , , , , , , , , , , , , , , , , , , , , , , , , , ,13419,1766836505288,,, , , , , , , , , ,3145728,13390,22,22,6,22, , ,15,1,1,3,1, ,3,4, ,15,1, , , , , , , ,18799,18,206,1, , , , , , ,2,22,181631296,1, , , , , , ,32, , , , , , , , , , , , , , , , , , , , , , , , , , , , , , ,1, , ,13,1, , , , , , , , , , 
2025-12-27 11:56:23.156 UTC, , , , , , , , , ,125,3175973,30120, , ,6, ,7, , , , , , , , , ,6,6, , , ,2,4,6, , , , , , , , , , , ,1, , , ,3175973,13164,6, ,11597, , , , ,13419,619213471744,21,21,21,21, , , , , , , , , , , , , , , , , , , , , , , , , , , , , , , , ,13419,1766836505288,,, , , , , , , , , ,3145728,13742,43,43,28,43, , , ,3,3, ,3, ,3,3, , ,1, , , , , , , , , ,352,3, , , , , , , , ,187922752, , , , , , , ,7, , , , , , , , , , , , , , , , , , , , , , , , , , , , ,1, , , , ,4, ,2, , , , , , , , , 
2025-12-27 11:57:47.326 UTC, , , , , , , , , ,125,3163021,17168, , ,3,1,35,3,0.09, , , , , , , ,3,3, ,2,1,2,1,4, ,41,19, , , , , , , , ,1, , , ,3163021,15418,7, ,13860, , , , , , ,-1,-1,-1,-1, , , , , ,2,157, , , , , , , , , , , , , , , , , , , , , , , , , , ,1766836666944,,, , , , , , , , , ,3145728,15418, , , , , , ,28, , ,2, , ,3, , ,28, ,2048,1, , , , , ,120059,41, , , , , , , , ,1,16,96907432, , , , , , , ,25, , , , , , , , , , , , , , , , , , , , , , , , , , , , , , , , , , , , , , , , , , , , , 
2025-12-27 11:57:47.441 UTC, , , , , , , , , ,125,3166613,20760, , ,4,1,11,1,0.09, , , , , , , ,4,4, , ,1,2,1,5, ,5,2, , , , , , , , ,1, , , ,3166613,15418,7, ,13860, , , , ,15467,619213471744,20,20,20,20, , , , , , , , , , , , , , , , , , , , , , , , , , , , , , , , ,15467,1766836666944,,, , , , , , , , , ,3145728,15418, , , , , , ,5, , ,1, , ,3, , ,5,1, , , , , , , ,8332,6, , , , , , , , , , ,101101736, , , , , , , ,22, , , , , , , , , , , , , , , , , , , , , , , , , , , , , , , , ,10,8, , , , , , , , , , , 
2025-12-27 11:57:47.561 UTC, , , , , , , , , ,125,3163021,17168, , ,3,1,35,3,0.09, , , , , , , ,3,3, ,2,1,2,1,4, ,41,19, , , , , , , , ,1, , , ,3163021,15418,7, ,13860, , , , , , ,-1,-1,-1,-1, , , , , ,2,157, , , , , , , , , , , , , , , , , , , , , , , , , , ,1766836667482,,, , , , , , , , , ,3145728,15418, , , , , , ,28, , ,2, , ,3, , ,28, ,2048,1, , , , , ,120059,41, , , , , , , , ,1,16,119976104, , , , , , , ,25, , , , , , , , , , , , , , , , , , , , , , , , , , , , , , , , , , , , , , , , , , , , , 
2025-12-27 11:58:47.563 UTC, , , , , , , , , ,125,3176773,30248,672, ,6,1,30,3,0.10, , , , , , , ,6,6, , ,1,2,4,6, ,12,9, , , , , , , , ,1, , , ,3176773,15418,7, ,13860, , , , ,15691,619213471744,20,20,20,20, , , , , , , , , , , , , , , , , , , , , , , , , , , , , , , , ,15691,1766836667482,,, , , , , , , , , ,3145728,15662,27,27,8,27, , ,16,1,1,3,1, ,3,4, ,16,1, , , , , , , ,20847,19,224,1, , , , , , ,2,20,184290864,1, , , , , , ,33, , , , , , , , , , , , , , , , , , , , , , , , , , , , , , ,1, , ,13,1, , , , , , , , , , 
2025-12-27 11:59:47.565 UTC, , , , , , , , , ,125,3176773,30248,672, ,6, ,12, , , , , , , , , ,6,6, , , ,2,4,6, , , , , , , , , , , ,1, , , ,3176773,15418,7, ,13860, , , , ,15691,619213471744,20,20,20,20, , , , , , , , , , , , , , , , , , , , , , , , , , , , , , , , ,15691,1766836667482,,, , , , , , , , , ,3145728,15662,1,1,1,1, , , , , , , , ,3,3, , ,1, , , , , , , , , , , , , , , , , , , ,184290864,1, , , , , , ,12, , , , , , , , , , , , , , , , , , , , , , , , , , , , , , , , , ,12, , , , , , , , , , , 
2025-12-27 12:00:47.566 UTC, , , , , , , , , ,125,3176773,30248,672, ,6, ,12, , , , , , , , , ,6,6, , , ,2,4,6, , , , , , , , , , , ,1, , , ,3176773,15418,7, ,13860, , , , ,15691,619213467648,20,20,20,20, , , , , , , , , , , , , , , , , , , , , , , , , , , , , , , , ,15691,1766836667482,,, , , , , , , , , ,3145728,15662,1,1,0,1, , , , , , , , ,3,3, , ,1, , , , , , , , , , , , , , , , , , , ,184290864,1, , , , , , ,12, , , , , , , , , , , , , , , , , , , , , , , , , , , , , , , , , ,12, , , , , , , , , , , 
2025-12-27 12:01:47.567 UTC, , , , , , , , , ,125,3176773,30248,672, ,6, ,12, , , , , , , , , ,6,6, , , ,2,4,6, , , , , , , , , , , ,1, , , ,3176773,15418,7, ,13860, , , , ,15691,619213467648,20,20,20,20, , , , , , , , , , , , , , , , , , , , , , , , , , , , , , , , ,15691,1766836667482,,, , , , , , , , , ,3145728,15662,1,1,0,1, , , , , , , , ,3,3, , ,1, , , , , , , , , , , , , , , , , , , ,184290864,1, , , , , , ,12, , , , , , , , , , , , , , , , , , , , , , , , , , , , , , , , , ,12, , , , , , , , , , , 
2025-12-27 12:02:47.567 UTC, , , , , , , , , ,125,3176773,30248,672, ,6, ,12, , , , , , , , , ,6,6, , , ,2,4,6, , , , , , , , , , , ,1, , , ,3176773,15418,7, ,13860, , , , ,15691,619213467648,20,20,20,20, , , , , , , , , , , , , , , , , , , , , , , , , , , , , , , , ,15691,1766836667482,,, , , , , , , , , ,3145728,15662,1,1,0,1, , , , , , , , ,3,3, , ,1, , , , , , , , , , , , , , , , , , , ,184290864,1, , , , , , ,12, , , , , , , , , , , , , , , , , , , , , , , , , , , , , , , , , ,12, , , , , , , , , , , 
2025-12-27 12:03:47.568 UTC, , , , , , , , , ,125,3176773,30248,672, ,6, ,12, , , , , , , , , ,6,6, , , ,2,4,6, , , , , , , , , , , ,1, , , ,3176773,15418,7, ,13860, , , , ,15691,619213467648,20,20,20,20, , , , , , , , , , , , , , , , , , , , , , , , , , , , , , , , ,15691,1766836667482,,, , , , , , , , , ,3145728,15662,1,1,0,1, , , , , , , , ,3,3, , ,1, , , , , , , , , , , , , , , , , , , ,186388016,1, , , , , , ,12, , , , , , , , , , , , , , , , , , , , , , , , , , , , , , , , , ,12, , , , , , , , , , , 
2025-12-27 12:04:47.569 UTC, , , , , , , , , ,125,3176773,30248,672, ,6, ,12, , , , , , , , , ,6,6, , , ,2,4,6, , , , , , , , , , , ,1, , , ,3176773,15418,7, ,13860, , , , ,15691,619213467648,20,20,20,20, , , , , , , , , , , , , , , , , , , , , , , , , , , , , , , , ,15691,1766836667482,,, , , , , , , , , ,3145728,15662,1,1,1,1, , , , , , , , ,3,3, , ,1, , , , , , , , , , , , , , , , , , , ,186388016,1, , , , , , ,12, , , , , , , , , , , , , , , , , , , , , , , , , , , , , , , , , ,12, , , , , , , , , , , 
2025-12-27 12:05:47.569 UTC, , , , , , , , , ,125,3176773,30248,672, ,6, ,12, , , , , , , , , ,6,6, , , ,2,4,6, , , , , , , , , , , ,1, , , ,3176773,15418,7, ,13860, , , , ,15691,619213467648,20,20,20,20, , , , , , , , , , , , , , , , , , , , , , , , , , , , , , , , ,15691,1766836667482,,, , , , , , , , , ,3145728,15662,1,1,0,1, , , , , , , , ,3,3, , ,1, , , , , , , , , , , , , , , , , , , ,186388016,1, , , , , , ,12, , , , , , , , , , , , , , , , , , , , , , , , , , , , , , , , , ,12, , , , , , , , , , , 
2025-12-27 12:06:47.570 UTC, , , , , , , , , ,125,3176773,30248,672, ,6, ,12, , , , , , , , , ,6,6, , , ,2,4,6, , , , , , , , , , , ,1, , , ,3176773,15418,7, ,13860, , , , ,15691,619213467648,20,20,20,20, , , , , , , , , , , , , , , , , , , , , , , , , , , , , , , , ,15691,1766836667482,,, , , , , , , , , ,3145728,15662,2,2,1,2, , , , , , , , ,3,2, , ,1, , , , , , , , , , , , , , , , , , , ,186388016,1, , , , , , ,12, , , , , , , , , , , , , , , , , , , , , , , , , , , , , , , , , ,12, , , , , , , , , , , 
2025-12-27 12:07:47.573 UTC, , , , , , , , , ,125,3176773,30248,672, ,6, ,12, , , , , , , , , ,6,6, , , ,2,4,6, , , , , , , , , , , ,1, , , ,3176773,15418,7, ,13860, , , , ,15691,619213467648,20,20,20,20, , , , , , , , , , , , , , , , , , , , , , , , , , , , , , , , ,15691,1766836667482,,, , , , , , , , , ,3145728,15662,37,37,9,37, , , , , , , , ,3,4, , ,1, , , , , , , , , , , , , , , , , , , ,186388016, , , , , , , ,12, , , , , , , , , , , , , , , , , , , , , , , , , , , , , , , , , ,12, , , , , , , , , , , 
2025-12-27 12:08:47.576 UTC, , , , , , , , , ,125,3176773,30248,672, ,6, ,12, , , , , , , , , ,6,6, , , ,2,4,6, , , , , , , , , , , ,1, , , ,3176773,15418,7, ,13860, , , , ,15691,619213463552,20,20,20,20, , , , , , , , , , , , , , , , , , , , , , , , , , , , , , , , ,15691,1766836667482,,, , , , , , , , , ,3145728,15662,1,1,0,1, , , , , , , , ,3,3, , ,1, , , , , , , , , , , , , , , , , , , ,186388016,1, , , , , , ,12, , , , , , , , , , , , , , , , , , , , , , , , , , , , , , , , , ,12, , , , , , , , , , , 
2025-12-27 12:09:47.577 UTC, , , , , , , , , ,125,3176773,30248,672, ,6, ,12, , , , , , , , , ,6,6, , , ,2,4,6, , , , , , , , , , , ,1, , , ,3176773,15418,7, ,13860, , , , ,15691,619213463552,20,20,20,20, , , , , , , , , , , , , , , , , , , , , , , , , , , , , , , , ,15691,1766836667482,,, , , , , , , , , ,3145728,15662,12,12,4,12, , , , , , , , ,3,3, , ,1, , , , , , , , , , , , , , , , , , , ,188485168,1, , , , , , ,12, , , , , , , , , , , , , , , , , , , , , , , , , , , , , , , , , ,12, , , , , , , , , , , 
2025-12-27 12:10:47.579 UTC, , , , , , , , , ,125,3176773,30248,672, ,6, ,12, , , , , , , , , ,6,6, , , ,2,4,6, , , , , , , , , , , ,1, , , ,3176773,15418,7, ,13860, , , , ,15691,619213463552,20,20,20,20, , , , , , , , , , , , , , , , , , , , , , , , , , , , , , , , ,15691,1766836667482,,, , , , , , , , , ,3145728,15662,0,0,0,0, , , , , , , , ,3,3, , ,1, , , , , , , , , , , , , , , , , , , ,188485168,1, , , , , , ,12, , , , , , , , , , , , , , , , , , , , , , , , , , , , , , , , , ,12, , , , , , , , , , , 
2025-12-27 12:11:47.580 UTC, , , , , , , , , ,125,3176773,30248,672, ,6, ,12, , , , , , , , , ,6,6, , , ,2,4,6, , , , , , , , , , , ,1, , , ,3176773,15418,7, ,13860, , , , ,15691,619213463552,20,20,20,20, , , , , , , , , , , , , , , , , , , , , , , , , , , , , , , , ,15691,1766836667482,,, , , , , , , , , ,3145728,15662,1,1,0,1, , , , , , , , ,3,3, , ,1, , , , , , , , , , , , , , , , , , , ,188485168, , , , , , , ,12, , , , , , , , , , , , , , , , , , , , , , , , , , , , , , , , , ,12, , , , , , , , , , , 
2025-12-27 12:12:47.580 UTC, , , , , , , , , ,125,3176773,30248,672, ,6, ,12, , , , , , , , , ,6,6, , , ,2,4,6, , , , , , , , , , , ,1, , , ,3176773,15418,7, ,13860, , , , ,15691,619213463552,20,20,20,20, , , , , , , , , , , , , , , , , , , , , , , , , , , , , , , , ,15691,1766836667482,,, , , , , , , , , ,3145728,15662,1,1,0,1, , , , , , , , ,3,3, , ,1, , , , , , , , , , , , , , , , , , , ,188485168,1, , , , , , ,12, , , , , , , , , , , , , , , , , , , , , , , , , , , , , , , , , ,12, , , , , , , , , , , 
2025-12-27 12:13:47.581 UTC, , , , , , , , , ,125,3176773,30248,672, ,6, ,12, , , , , , , , , ,6,6, , , ,2,4,6, , , , , , , , , , , ,1, , , ,3176773,15418,7, ,13860, , , , ,15691,619213463552,20,20,20,20, , , , , , , , , , , , , , , , , , , , , , , , , , , , , , , , ,15691,1766836667482,,, , , , , , , , , ,3145728,15662,1,1,0,1, , , , , , , , ,3,3, , ,1, , , , , , , , , , , , , , , , , , , ,188485168, , , , , , , ,12, , , , , , , , , , , , , , , , , , , , , , , , , , , , , , , , , ,12, , , , , , , , , , , 
2025-12-27 12:14:49.881 UTC, , , , , , , , , ,125,3176773,30248,672, ,6, ,12, , , , , , , , , ,6,6, , , ,2,4,6, , , , , , , , , , , ,1, , , ,3176773,15418,7, ,13860, , , , ,15691,619213463552,20,20,20,20, , , , , , , , , , , , , , , , , , , , , , , , , , , , , , , , ,15691,1766836667482,,, , , , , , , , , ,3145728,15662,1,1,0,1, , , , , , , , ,3,3, , ,1, , , , , , , , , , , , , , , , , , , ,188485168,1, , , , , , ,12, , , , , , , , , , , , , , , , , , , , , , , , , , , , , , , , , ,12, , , , , , , , , , , 
2025-12-27 12:15:49.881 UTC, , , , , , , , , ,125,3176773,30248,672, ,6, ,12, , , , , , , , , ,6,6, , , ,2,4,6, , , , , , , , , , , ,1, , , ,3176773,15418,7, ,13860, , , , ,15691,619213463552,20,20,20,20, , , , , , , , , , , , , , , , , , , , , , , , , , , , , , , , ,15691,1766836667482,,, , , , , , , , , ,3145728,15662,0,0,0,0, , , , , , , , ,3,3, , ,1, , , , , , , , , , , , , , , , , , , ,190582320,1, , , , , , ,12, , , , , , , , , , , , , , , , , , , , , , , , , , , , , , , , , ,12, , , , , , , , , , , 
2025-12-27 12:16:49.881 UTC, , , , , , , , , ,125,3176773,30248,672, ,6, ,12, , , , , , , , , ,6,6, , , ,2,4,6, , , , , , , , , , , ,1, , , ,3176773,15418,7, ,13860, , , , ,15691,619213459456,20,20,20,20, , , , , , , , , , , , , , , , , , , , , , , , , , , , , , , , ,15691,1766836667482,,, , , , , , , , , ,3145728,15662,1,1,1,1, , , , , , , , ,3,3, , ,1, , , , , , , , , , , , , , , , , , , ,190582320,1, , , , , , ,12, , , , , , , , , , , , , , , , , , , , , , , , , , , , , , , , , ,12, , , , , , , , , , , 
2025-12-27 12:17:49.882 UTC, , , , , , , , , ,125,3176773,30248,672, ,6, ,12, , , , , , , , , ,6,6, , , ,2,4,6, , , , , , , , , , , ,1, , , ,3176773,15418,7, ,13860, , , , ,15691,619213459456,20,20,20,20, , , , , , , , , , , , , , , , , , , , , , , , , , , , , , , , ,15691,1766836667482,,, , , , , , , , , ,3145728,15662,9,9,3,9, , , , , , , , ,3,3, , ,1, , , , , , , , , , , , , , , , , , , ,190582320,1, , , , , , ,12, , , , , , , , , , , , , , , , , , , , , , , , , , , , , , , , , ,12, , , , , , , , , , , 
2025-12-27 12:18:49.882 UTC, , , , , , , , , ,125,3176773,30248,672, ,6, ,12, , , , , , , , , ,6,6, , , ,2,4,6, , , , , , , , , , , ,1, , , ,3176773,15418,7, ,13860, , , , ,15691,619213459456,20,20,20,20, , , , , , , , , , , , , , , , , , , , , , , , , , , , , , , , ,15691,1766836667482,,, , , , , , , , , ,3145728,15662,5,5,2,5, , , , , , , , ,3,3, , ,1, , , , , , , , , , , , , , , , , , , ,190582320,1, , , , , , ,12, , , , , , , , , , , , , , , , , , , , , , , , , , , , , , , , , ,12, , , , , , , , , , , 
2025-12-27 12:19:49.882 UTC, , , , , , , , , ,125,3176773,30248,672, ,6, ,12, , , , , , , , , ,6,6, , , ,2,4,6, , , , , , , , , , , ,1, , , ,3176773,15418,7, ,13860, , , , ,15691,619213459456,20,20,20,20, , , , , , , , , , , , , , , , , , , , , , , , , , , , , , , , ,15691,1766836667482,,, , , , , , , , , ,3145728,15662,2,2,1,2, , , , , , , , ,3,3, , ,1, , , , , , , , , , , , , , , , , , , ,190582320,1, , , , , , ,12, , , , , , , , , , , , , , , , , , , , , , , , , , , , , , , , , ,12, , , , , , , , , , , 
2025-12-27 12:20:49.882 UTC, , , , , , , , , ,125,3176773,30248,672, ,6, ,12, , , , , , , , , ,6,6, , , ,2,4,6, , , , , , , , , , , ,1, , , ,3176773,15418,7, ,13860, , , , ,15691,619213459456,20,20,20,20, , , , , , , , , , , , , , , , , , , , , , , , , , , , , , , , ,15691,1766836667482,,, , , , , , , , , ,3145728,15662,0,0,0,0, , , , , , , , ,3,3, , ,1, , , , , , , , , , , , , , , , , , , ,190582320,1, , , , , , ,12, , , , , , , , , , , , , , , , , , , , , , , , , , , , , , , , , ,12, , , , , , , , , , , 
2025-12-27 12:21:49.883 UTC, , , , , , , , , ,125,3176773,30248,672, ,6, ,12, , , , , , , , , ,6,6, , , ,2,4,6, , , , , , , , , , , ,1, , , ,3176773,15418,7, ,13860, , , , ,15691,619213459456,20,20,20,20, , , , , , , , , , , , , , , , , , , , , , , , , , , , , , , , ,15691,1766836667482,,, , , , , , , , , ,3145728,15662,5,5,2,5, , , , , , , , ,3,3, , ,1, , , , , , , , , , , , , , , , , , , ,192679472,1, , , , , , ,12, , , , , , , , , , , , , , , , , , , , , , , , , , , , , , , , , ,12, , , , , , , , , , , 
2025-12-27 12:22:49.883 UTC, , , , , , , , , ,125,3176773,30248,672, ,6, ,12, , , , , , , , , ,6,6, , , ,2,4,6, , , , , , , , , , , ,1, , , ,3176773,15418,7, ,13860, , , , ,15691,619213459456,20,20,20,20, , , , , , , , , , , , , , , , , , , , , , , , , , , , , , , , ,15691,1766836667482,,, , , , , , , , , ,3145728,15662,1,1,0,1, , , , , , , , ,3,3, , ,1, , , , , , , , , , , , , , , , , , , ,192679472,1, , , , , , ,12, , , , , , , , , , , , , , , , , , , , , , , , , , , , , , , , , ,12, , , , , , , , , , , 
2025-12-27 12:23:49.883 UTC, , , , , , , , , ,125,3176773,30248,672, ,6, ,12, , , , , , , , , ,6,6, , , ,2,4,6, , , , , , , , , , , ,1, , , ,3176773,15418,7, ,13860, , , , ,15691,619213459456,20,20,20,20, , , , , , , , , , , , , , , , , , , , , , , , , , , , , , , , ,15691,1766836667482,,, , , , , , , , , ,3145728,15662,1,1,0,1, , , , , , , , ,3,3, , ,1, , , , , , , , , , , , , , , , , , , ,192679472,1, , , , , , ,12, , , , , , , , , , , , , , , , , , , , , , , , , , , , , , , , , ,12, , , , , , , , , , , 
2025-12-27 12:24:49.884 UTC, , , , , , , , , ,125,3176773,30248,672, ,6, ,12, , , , , , , , , ,6,6, , , ,2,4,6, , , , , , , , , , , ,1, , , ,3176773,15418,7, ,13860, , , , ,15691,619213455360,20,20,20,20, , , , , , , , , , , , , , , , , , , , , , , , , , , , , , , , ,15691,1766836667482,,, , , , , , , , , ,3145728,15662,1,1,0,1, , , , , , , , ,3,3, , ,1, , , , , , , , , , , , , , , , , , , ,192679472,1, , , , , , ,12, , , , , , , , , , , , , , , , , , , , , , , , , , , , , , , , , ,12, , , , , , , , , , , 
2025-12-27 12:25:49.884 UTC, , , , , , , , , ,125,3176773,30248,672, ,6, ,12, , , , , , , , , ,6,6, , , ,2,4,6, , , , , , , , , , , ,1, , , ,3176773,15418,7, ,13860, , , , ,15691,619213455360,20,20,20,20, , , , , , , , , , , , , , , , , , , , , , , , , , , , , , , , ,15691,1766836667482,,, , , , , , , , , ,3145728,15662,9,9,3,9, , , , , , , , ,3,3, , ,1, , , , , , , , , , , , , , , , , , , ,192679472,1, , , , , , ,12, , , , , , , , , , , , , , , , , , , , , , , , , , , , , , , , , ,12, , , , , , , , , , , 
2025-12-27 12:26:49.884 UTC, , , , , , , , , ,125,3176773,30248,672, ,6, ,12, , , , , , , , , ,6,6, , , ,2,4,6, , , , , , , , , , , ,1, , , ,3176773,15418,7, ,13860, , , , ,15691,619213455360,20,20,20,20, , , , , , , , , , , , , , , , , , , , , , , , , , , , , , , , ,15691,1766836667482,,, , , , , , , , , ,3145728,15662,1,1,1,1, , , , , , , , ,3,3, , ,1, , , , , , , , , , , , , , , , , , , ,192679472,1, , , , , , ,12, , , , , , , , , , , , , , , , , , , , , , , , , , , , , , , , , ,12, , , , , , , , , , , 
2025-12-27 12:27:49.886 UTC, , , , , , , , , ,125,3176773,30248,672, ,6, ,12, , , , , , , , , ,6,6, , , ,2,4,6, , , , , , , , , , , ,1, , , ,3176773,15418,7, ,13860, , , , ,15691,619213455360,20,20,20,20, , , , , , , , , , , , , , , , , , , , , , , , , , , , , , , , ,15691,1766836667482,,, , , , , , , , , ,3145728,15662,1,1,1,1, , , , , , , , ,3,3, , ,1, , , , , , , , , , , , , , , , , , , ,194776624,2, , , , , , ,12, , , , , , , , , , , , , , , , , , , , , , , , , , , , , , , , , ,12, , , , , , , , , , , 
2025-12-27 12:28:49.888 UTC, , , , , , , , , ,125,3176773,30248,672, ,6, ,12, , , , , , , , , ,6,6, , , ,2,4,6, , , , , , , , , , , ,1, , , ,3176773,15418,7, ,13860, , , , ,15691,619213455360,20,20,20,20, , , , , , , , , , , , , , , , , , , , , , , , , , , , , , , , ,15691,1766836667482,,, , , , , , , , , ,3145728,15662,1,1,0,1, , , , , , , , ,3,3, , ,1, , , , , , , , , , , , , , , , , , , ,194776624,2, , , , , , ,12, , , , , , , , , , , , , , , , , , , , , , , , , , , , , , , , , ,12, , , , , , , , , , , 
2025-12-27 12:29:49.891 UTC, , , , , , , , , ,125,3176773,30248,672, ,6, ,12, , , , , , , , , ,6,6, , , ,2,4,6, , , , , , , , , , , ,1, , , ,3176773,15418,7, ,13860, , , , ,15691,619213455360,20,20,20,20, , , , , , , , , , , , , , , , , , , , , , , , , , , , , , , , ,15691,1766836667482,,, , , , , , , , , ,3145728,15662,1,1,0,1, , , , , , , , ,3,3, , ,1, , , , , , , , , , , , , , , , , , , ,194776624,2, , , , , , ,12, , , , , , , , , , , , , , , , , , , , , , , , , , , , , , , , , ,12, , , , , , , , , , , 
2025-12-27 12:30:49.890 UTC, , , , , , , , , ,125,3176773,30248,672, ,6, ,12, , , , , , , , , ,6,6, , , ,2,4,6, , , , , , , , , , , ,1, , , ,3176773,15418,7, ,13860, , , , ,15691,619213455360,20,20,20,20, , , , , , , , , , , , , , , , , , , , , , , , , , , , , , , , ,15691,1766836667482,,, , , , , , , , , ,3145728,15662,1,1,0,1, , , , , , , , ,3,3, , ,1, , , , , , , , , , , , , , , , , , , ,194776624,1, , , , , , ,12, , , , , , , , , , , , , , , , , , , , , , , , , , , , , , , , , ,12, , , , , , , , , , , 
2025-12-27 12:31:49.891 UTC, , , , , , , , , ,125,3176773,30248,672, ,6, ,12, , , , , , , , , ,6,6, , , ,2,4,6, , , , , , , , , , , ,1, , , ,3176773,15418,7, ,13860, , , , ,15691,619213455360,20,20,20,20, , , , , , , , , , , , , , , , , , , , , , , , , , , , , , , , ,15691,1766836667482,,, , , , , , , , , ,3145728,15662,1,1,1,1, , , , , , , , ,3,3, , ,1, , , , , , , , , , , , , , , , , , , ,194776624,1, , , , , , ,12, , , , , , , , , , , , , , , , , , , , , , , , , , , , , , , , , ,12, , , , , , , , , , , 
2025-12-27 12:32:49.894 UTC, , , , , , , , , ,125,3176773,30248,672, ,6, ,12, , , , , , , , , ,6,6, , , ,2,4,6, , , , , , , , , , , ,1, , , ,3176773,15418,7, ,13860, , , , ,15691,619213451264,20,20,20,20, , , , , , , , , , , , , , , , , , , , , , , , , , , , , , , , ,15691,1766836667482,,, , , , , , , , , ,3145728,15662,0,0,0,0, , , , , , , , ,3,3, , ,1, , , , , , , , , , , , , , , , , , , ,194776624, , , , , , , ,12, , , , , , , , , , , , , , , , , , , , , , , , , , , , , , , , , ,12, , , , , , , , , , , 
2025-12-27 12:33:49.896 UTC, , , , , , , , , ,125,3176773,30248,672, ,6, ,12, , , , , , , , , ,6,6, , , ,2,4,6, , , , , , , , , , , ,1, , , ,3176773,15418,7, ,13860, , , , ,15691,619213451264,20,20,20,20, , , , , , , , , , , , , , , , , , , , , , , , , , , , , , , , ,15691,1766836667482,,, , , , , , , , , ,3145728,15662,1,1,0,1, , , , , , , , ,3,3, , ,1, , , , , , , , , , , , , , , , , , , ,196873776, , , , , , , ,12, , , , , , , , , , , , , , , , , , , , , , , , , , , , , , , , , ,12, , , , , , , , , , , 
2025-12-27 12:34:49.898 UTC, , , , , , , , , ,125,3176773,30248,672, ,6, ,12, , , , , , , , , ,6,6, , , ,2,4,6, , , , , , , , , , , ,1, , , ,3176773,15418,7, ,13860, , , , ,15691,619213451264,20,20,20,20, , , , , , , , , , , , , , , , , , , , , , , , , , , , , , , , ,15691,1766836667482,,, , , , , , , , , ,3145728,15662,1,1,1,1, , , , , , , , ,3,3, , ,1, , , , , , , , , , , , , , , , , , , ,196873776, , , , , , , ,12, , , , , , , , , , , , , , , , , , , , , , , , , , , , , , , , , ,12, , , , , , , , , , , 
2025-12-27 12:34:54.215 UTC, , , , , , , , , ,125,3176101,30248, , ,6, ,4, , , , , , , , , ,6,6, , , ,2,4,6, , , , , , , , , , , ,1, , , ,3176101,15418,7, ,13860, , , , ,15691,619213451264,20,20,20,20, , , , , , , , , , , , , , , , , , , , , , , , , , , , , , , , ,15691,1766836667482,,, , , , , , , , , ,3145728,16014,45,45,33,45, , , ,3,3, ,3, ,3,3, , ,1, , , , , , , , , ,352,3, , , , , , , , ,201068080, , , , , , , ,4, , , , , , , , , , , , , , , , , , , , , , , , , , , , ,1, , , , ,1, ,2, , , , , , , , , 
2025-12-27 12:35:20.063 UTC, , , , , , , , , ,125,3163045,17192, , ,3, ,35,3,0.09, , , , , , , ,3,3, ,2, ,2,1,4, ,43,20, , , , , , , , ,1, , , ,3163045,17558,8, ,16132, , , , , , ,-1,-1,-1,-1, , , , , ,3,174, , , , , , , , , , , , , , , , , , , , , , , , , , ,1766838919663,,, , , , , , , , , ,3145728,17558, , , , , , ,28, , ,2, , ,3, , ,28, ,2048,1, , , , , ,134495,43, , , , , , , , ,1,19,96562888,1, , , , , , ,25, , , , , , , , , , , , , , , , , , , , , , , , , , , , , , , , , , , , , , , , , , , , , 
2025-12-27 12:35:20.180 UTC, , , , , , , , , ,125,3166637,20784, , ,4,1,11,1,0.09, , , , , , , ,4,4, , ,1,2,1,5, ,5,2, , , , , , , , ,1, , , ,3166637,17558,8, ,16132, , , , ,17607,619213447168,18,18,18,18, , , , , , , , , , , , , , , , , , , , , , , , , , , , , , , , ,17607,1766838919663,,, , , , , , , , , ,3145728,17558, , , , , , ,5, , ,1, , ,3, , ,5,1, , , , , , , ,8332,6, , , , , , , , , , ,102854344,1, , , , , , ,22, , , , , , , , , , , , , , , , , , , , , , , , , , , , , , , , ,10,8, , , , , , , , , , , 
2025-12-27 12:35:20.308 UTC, , , , , , , , , ,125,3163045,17192, , ,3, ,35,3,0.09, , , , , , , ,3,3, ,2, ,2,1,4, ,43,20, , , , , , , , ,1, , , ,3163045,17558,8, ,16132, , , , , , ,-1,-1,-1,-1, , , , , ,3,174, , , , , , , , , , , , , , , , , , , , , , , , , , ,1766838920223,,, , , , , , , , , ,3145728,17558, , , , , , ,28, , ,2, , ,3, , ,28, ,2048,1, , , , , ,134495,43, , , , , , , , ,1,19,119631560,1, , , , , , ,25, , , , , , , , , , , , , , , , , , , , , , , , , , , , , , , , , , , , , , , , , , , , , 
2025-12-27 12:36:20.311 UTC, , , , , , , , , ,125,3176797,30272,672, ,6,1,27,3,0.11, , , , , , , ,6,6, , ,1,2,4,6, ,12,9, , , , , , , , ,1, , , ,3176797,17558,8, ,16132, , , , ,17813,619213447168,18,18,18,18, , , , , , , , , , , , , , , , , , , , , , , , , , , , , , , , ,17813,1766838920223,,, , , , , , , , , ,3145728,17784,23,23,6,23, , ,16,1,1,3,1, ,3,4, ,16,1, , , , , , , ,20847,19,206,1, , , , , , ,2,21,188387344,1, , , , , , ,30, , , , , , , , , , , , , , , , , , , , , , , , , , , , , , ,1, , ,11,3, , , , , , , , , , 
2025-12-27 12:37:20.315 UTC, , , , , , , , , ,125,3176797,30272,672, ,6, ,12, , , , , , , , , ,6,6, , , ,2,4,6, , , , , , , , , , , ,1, , , ,3176797,17558,8, ,16132, , , , ,17813,619213443072,18,18,18,18, , , , , , , , , , , , , , , , , , , , , , , , , , , , , , , , ,17813,1766838920223,,, , , , , , , , , ,3145728,17784,1,1,0,1, , , , , , , , ,3,3, , ,1, , , , , , , , , , , , , , , , , , , ,188387344,1, , , , , , ,12, , , , , , , , , , , , , , , , , , , , , , , , , , , , , , , , , ,12, , , , , , , , , , , 
2025-12-27 12:38:20.317 UTC, , , , , , , , , ,125,3176797,30272,672, ,6, ,12, , , , , , , , , ,6,6, , , ,2,4,6, , , , , , , , , , , ,1, , , ,3176797,17558,8, ,16132, , , , ,17813,619213443072,18,18,18,18, , , , , , , , , , , , , , , , , , , , , , , , , , , , , , , , ,17813,1766838920223,,, , , , , , , , , ,3145728,17784,1,1,0,1, , , , , , , , ,3,3, , ,1, , , , , , , , , , , , , , , , , , , ,188387344,1, , , , , , ,12, , , , , , , , , , , , , , , , , , , , , , , , , , , , , , , , , ,12, , , , , , , , , , , 
2025-12-27 12:39:20.317 UTC, , , , , , , , , ,125,3176797,30272,672, ,6, ,12, , , , , , , , , ,6,6, , , ,2,4,6, , , , , , , , , , , ,1, , , ,3176797,17558,8, ,16132, , , , ,17813,619213443072,18,18,18,18, , , , , , , , , , , , , , , , , , , , , , , , , , , , , , , , ,17813,1766838920223,,, , , , , , , , , ,3145728,17784,1,1,0,1, , , , , , , , ,3,3, , ,1, , , , , , , , , , , , , , , , , , , ,188387344,1, , , , , , ,12, , , , , , , , , , , , , , , , , , , , , , , , , , , , , , , , , ,12, , , , , , , , , , , 
2025-12-27 12:40:20.317 UTC, , , , , , , , , ,125,3176797,30272,672, ,6, ,12, , , , , , , , , ,6,6, , , ,2,4,6, , , , , , , , , , , ,1, , , ,3176797,17558,8, ,16132, , , , ,17813,619213443072,18,18,18,18, , , , , , , , , , , , , , , , , , , , , , , , , , , , , , , , ,17813,1766838920223,,, , , , , , , , , ,3145728,17784,1,1,0,1, , , , , , , , ,3,3, , ,1, , , , , , , , , , , , , , , , , , , ,188387344,1, , , , , , ,12, , , , , , , , , , , , , , , , , , , , , , , , , , , , , , , , , ,12, , , , , , , , , , , 
2025-12-27 12:41:20.318 UTC, , , , , , , , , ,125,3176797,30272,672, ,6, ,12, , , , , , , , , ,6,6, , , ,2,4,6, , , , , , , , , , , ,1, , , ,3176797,17558,8, ,16132, , , , ,17813,619213443072,18,18,18,18, , , , , , , , , , , , , , , , , , , , , , , , , , , , , , , , ,17813,1766838920223,,, , , , , , , , , ,3145728,17784,0,0,0,0, , , , , , , , ,3,3, , ,1, , , , , , , , , , , , , , , , , , , ,188387344, , , , , , , ,12, , , , , , , , , , , , , , , , , , , , , , , , , , , , , , , , , ,12, , , , , , , , , , , 
2025-12-27 12:42:20.320 UTC, , , , , , , , , ,125,3176797,30272,672, ,6, ,12, , , , , , , , , ,6,6, , , ,2,4,6, , , , , , , , , , , ,1, , , ,3176797,17558,8, ,16132, , , , ,17813,619213443072,18,18,18,18, , , , , , , , , , , , , , , , , , , , , , , , , , , , , , , , ,17813,1766838920223,,, , , , , , , , , ,3145728,17784,1,1,0,1, , , , , , , , ,3,2, , ,1, , , , , , , , , , , , , , , , , , , ,188387344,1, , , , , , ,12, , , , , , , , , , , , , , , , , , , , , , , , , , , , , , , , , ,12, , , , , , , , , , , 
2025-12-27 12:43:20.321 UTC, , , , , , , , , ,125,3176797,30272,672, ,6, ,12, , , , , , , , , ,6,6, , , ,2,4,6, , , , , , , , , , , ,1, , , ,3176797,17558,8, ,16132, , , , ,17813,619213443072,18,18,18,18, , , , , , , , , , , , , , , , , , , , , , , , , , , , , , , , ,17813,1766838920223,,, , , , , , , , , ,3145728,17784,46,46,12,46, , , , , , , , ,3,4, , ,1, , , , , , , , , , , , , , , , , , , ,190484496,1, , , , , , ,12, , , , , , , , , , , , , , , , , , , , , , , , , , , , , , , , , ,12, , , , , , , , , , , 
2025-12-27 12:44:20.326 UTC, , , , , , , , , ,125,3176797,30272,672, ,6, ,12, , , , , , , , , ,6,6, , , ,2,4,6, , , , , , , , , , , ,1, , , ,3176797,17558,8, ,16132, , , , ,17813,619213443072,18,18,18,18, , , , , , , , , , , , , , , , , , , , , , , , , , , , , , , , ,17813,1766838920223,,, , , , , , , , , ,3145728,17784,9,9,3,9, , , , , , , , ,3,3, , ,1, , , , , , , , , , , , , , , , , , , ,190484496, , , , , , , ,12, , , , , , , , , , , , , , , , , , , , , , , , , , , , , , , , , ,12, , , , , , , , , , , 
2025-12-27 12:45:20.327 UTC, , , , , , , , , ,125,3176797,30272,672, ,6, ,12, , , , , , , , , ,6,6, , , ,2,4,6, , , , , , , , , , , ,1, , , ,3176797,17558,8, ,16132, , , , ,17813,619213438976,18,18,18,18, , , , , , , , , , , , , , , , , , , , , , , , , , , , , , , , ,17813,1766838920223,,, , , , , , , , , ,3145728,17784,9,9,3,9, , , , , , , , ,3,3, , ,1, , , , , , , , , , , , , , , , , , , ,190484496, , , , , , , ,12, , , , , , , , , , , , , , , , , , , , , , , , , , , , , , , , , ,12, , , , , , , , , , , 
2025-12-27 12:46:20.328 UTC, , , , , , , , , ,125,3176797,30272,672, ,6, ,12, , , , , , , , , ,6,6, , , ,2,4,6, , , , , , , , , , , ,1, , , ,3176797,17558,8, ,16132, , , , ,17813,619213438976,18,18,18,18, , , , , , , , , , , , , , , , , , , , , , , , , , , , , , , , ,17813,1766838920223,,, , , , , , , , , ,3145728,17784,1,1,0,1, , , , , , , , ,3,3, , ,1, , , , , , , , , , , , , , , , , , , ,190484496, , , , , , , ,12, , , , , , , , , , , , , , , , , , , , , , , , , , , , , , , , , ,12, , , , , , , , , , , 
2025-12-27 12:47:20.329 UTC, , , , , , , , , ,125,3176797,30272,672, ,6, ,12, , , , , , , , , ,6,6, , , ,2,4,6, , , , , , , , , , , ,1, , , ,3176797,17558,8, ,16132, , , , ,17813,619213438976,18,18,18,18, , , , , , , , , , , , , , , , , , , , , , , , , , , , , , , , ,17813,1766838920223,,, , , , , , , , , ,3145728,17784,1,1,0,1, , , , , , , , ,3,3, , ,1, , , , , , , , , , , , , , , , , , , ,190484496, , , , , , , ,12, , , , , , , , , , , , , , , , , , , , , , , , , , , , , , , , , ,12, , , , , , , , , , , 
2025-12-27 12:48:20.330 UTC, , , , , , , , , ,125,3176797,30272,672, ,6, ,12, , , , , , , , , ,6,6, , , ,2,4,6, , , , , , , , , , , ,1, , , ,3176797,17558,8, ,16132, , , , ,17813,619213438976,18,18,18,18, , , , , , , , , , , , , , , , , , , , , , , , , , , , , , , , ,17813,1766838920223,,, , , , , , , , , ,3145728,17784,1,1,0,1, , , , , , , , ,3,3, , ,1, , , , , , , , , , , , , , , , , , , ,190484496, , , , , , , ,12, , , , , , , , , , , , , , , , , , , , , , , , , , , , , , , , , ,12, , , , , , , , , , , 
2025-12-27 12:49:20.332 UTC, , , , , , , , , ,125,3176797,30272,672, ,6, ,12, , , , , , , , , ,6,6, , , ,2,4,6, , , , , , , , , , , ,1, , , ,3176797,17558,8, ,16132, , , , ,17813,619213438976,18,18,18,18, , , , , , , , , , , , , , , , , , , , , , , , , , , , , , , , ,17813,1766838920223,,, , , , , , , , , ,3145728,17784,1,1,1,1, , , , , , , , ,3,3, , ,1, , , , , , , , , , , , , , , , , , , ,192581648,1, , , , , , ,12, , , , , , , , , , , , , , , , , , , , , , , , , , , , , , , , , ,12, , , , , , , , , , , 
2025-12-27 12:50:20.332 UTC, , , , , , , , , ,125,3176797,30272,672, ,6, ,12, , , , , , , , , ,6,6, , , ,2,4,6, , , , , , , , , , , ,1, , , ,3176797,17558,8, ,16132, , , , ,17813,619213438976,18,18,18,18, , , , , , , , , , , , , , , , , , , , , , , , , , , , , , , , ,17813,1766838920223,,, , , , , , , , , ,3145728,17784,1,1,0,1, , , , , , , , ,3,3, , ,1, , , , , , , , , , , , , , , , , , , ,192581648,1, , , , , , ,12, , , , , , , , , , , , , , , , , , , , , , , , , , , , , , , , , ,12, , , , , , , , , , , 
2025-12-27 12:50:46.929 UTC, , , , , , , , , ,125,3176125,30272, , ,6, ,9, , , , , , , , , ,6,6, , , ,2,4,6, , , , , , , , , , , ,1, , , ,3176125,17558,8, ,16132, , , , ,17813,619213438976,18,18,18,18, , , , , , , , , , , , , , , , , , , , , , , , , , , , , , , , ,17813,1766838920223,,, , , , , , , , , ,3145728,18108,44,44,24,44, , , ,3,3, ,3, ,3,4, , ,1, , , , , , , , , ,324,3, , , , , , , , ,196775952,1, , , , , , ,9, , , , , , , , , , , , , , , , , , , , , , , , , , , , ,1, ,2, , ,6, , , , , , , , , , , 
2025-12-27 12:53:43.494 UTC, , , , , , , , , ,125,3163093,17240, , ,3,1,35,3,0.09,1, , , , , , ,3,3, ,2,1,2,1,4, ,45,21, , , , , , , , ,1, , , ,3163093,19704,9, ,18226, , , , ,19753,619213438976,18,18,18,18, , , , , ,3,194, , , , , , , , , , , , , , , , , , , , , , , , , ,19753,1766840023054,,, , , , , , , , , ,3145728,19704, , , , , , ,30, , ,2, , ,3, , ,30, ,2048,1, , , , , ,136633,45, , , , , , , , ,1,17,96894696,2, , , , , , ,25, , , , , , , , , , , , , , , , , , , , , , , , , , , , , , , , , , , , , , , , , , , , , 
2025-12-27 12:53:43.666 UTC, , , , , , , , , ,125,3166789,20936, , ,4,1,11,1,0.09, , , , , , , ,4,4, , ,1,2,1,5, ,5,2, , , , , , , , ,1, , , ,3166789,19704,9, ,18226, , , , ,19753,619213438976,18,18,18,18, , , , , , , , , , , , , , , , , , , , , , , , , , , , , , , , ,19753,1766840023054,,, , , , , , , , , ,3145728,19704, , , , , , ,5, , ,1, , ,3, , ,5,1, , , , , , , ,8332,6, , , , , , , , , , ,101089000,2, , , , , , ,23, , , , , , , , , , , , , , , , , , , , , , , , , , , , , , , , ,10,8, , , , , , , , , , , 
2025-12-27 12:53:43.816 UTC, , , , , , , , , ,125,3163093,17240, , ,3,1,35,3,0.09,1, , , , , , ,3,3, ,2,1,2,1,4, ,45,21, , , , , , , , ,1, , , ,3163093,19704,9, ,18226, , , , , , ,-1,-1,-1,-1, , , , , ,3,194, , , , , , , , , , , , , , , , , , , , , , , , , , ,1766840023724,,, , , , , , , , , ,3145728,19704, , , , , , ,30, , ,2, , ,3, , ,30, ,2048,1, , , , , ,136633,45, , , , , , , , ,1,17,117866216,2, , , , , , ,25, , , , , , , , , , , , , , , , , , , , , , , , , , , , , , , , , , , , , , , , , , , , , 
2025-12-27 12:54:43.817 UTC, , , , , , , , , ,125,3177061,30536,672, ,6,3,28,3,0.11, , , , , , , ,6,6, , ,3,2,4,6, ,12,9, , , , , , , , ,1, , , ,3177061,19704,9, ,18226, , , , ,19959,619213434880,18,18,18,18, , , , , , , , , , , , , , , , , , , , , , , , , , , , , , , , ,19959,1766840023724,,, , , , , , , , , ,3145728,19930,22,22,5,22, , ,18,1,1,3,1, ,3,4, ,18,1, , , , , , , ,24943,21,206,1, , , , , , ,2,28,186319720,1, , , , , , ,33, , , , , , , , , , , , , , , , , , , , , , , , , , , , , , ,1, , ,13,1, , , , , , , , , , 
2025-12-27 12:55:43.817 UTC, , , , , , , , , ,125,3177061,30536,672, ,6, ,12, , , , , , , , , ,6,6, , , ,2,4,6, , , , , , , , , , , ,1, , , ,3177061,19704,9, ,18226, , , , ,19959,619213434880,18,18,18,18, , , , , , , , , , , , , , , , , , , , , , , , , , , , , , , , ,19959,1766840023724,,, , , , , , , , , ,3145728,19930,20,20,9,20, , , , , , , , ,3,3, , ,1, , , , , , , , , , , , , , , , , , , ,186319720,1, , , , , , ,12, , , , , , , , , , , , , , , , , , , , , , , , , , , , , , , , , ,12, , , , , , , , , , , 
2025-12-27 12:56:43.818 UTC, , , , , , , , , ,125,3177061,30536,672, ,6, ,12, , , , , , , , , ,6,6, , , ,2,4,6, , , , , , , , , , , ,1, , , ,3177061,19704,9, ,18226, , , , ,19959,619213434880,18,18,18,18, , , , , , , , , , , , , , , , , , , , , , , , , , , , , , , , ,19959,1766840023724,,, , , , , , , , , ,3145728,19930,1,1,1,1, , , , , , , , ,3,2, , ,1, , , , , , , , , , , , , , , , , , , ,186319720,1, , , , , , ,12, , , , , , , , , , , , , , , , , , , , , , , , , , , , , , , , , ,12, , , , , , , , , , , 
2025-12-27 12:57:43.818 UTC, , , , , , , , , ,125,3177061,30536,672, ,6, ,12, , , , , , , , , ,6,6, , , ,2,4,6, , , , , , , , , , , ,1, , , ,3177061,19704,9, ,18226, , , , ,19959,619213434880,18,18,18,18, , , , , , , , , , , , , , , , , , , , , , , , , , , , , , , , ,19959,1766840023724,,, , , , , , , , , ,3145728,19930,17,17,4,17, , , , , , , , ,3,4, , ,1, , , , , , , , , , , , , , , , , , , ,186319720,1, , , , , , ,12, , , , , , , , , , , , , , , , , , , , , , , , , , , , , , , , , ,12, , , , , , , , , , , 
2025-12-27 12:58:43.818 UTC, , , , , , , , , ,125,3177061,30536,672, ,6, ,12, , , , , , , , , ,6,6, , , ,2,4,6, , , , , , , , , , , ,1, , , ,3177061,19704,9, ,18226, , , , ,19959,619213434880,18,18,18,18, , , , , , , , , , , , , , , , , , , , , , , , , , , , , , , , ,19959,1766840023724,,, , , , , , , , , ,3145728,19930,1,1,1,1, , , , , , , , ,3,3, , ,1, , , , , , , , , , , , , , , , , , , ,186319720,1, , , , , , ,12, , , , , , , , , , , , , , , , , , , , , , , , , , , , , , , , , ,12, , , , , , , , , , , 
2025-12-27 12:59:43.819 UTC, , , , , , , , , ,125,3177061,30536,672, ,6, ,12, , , , , , , , , ,6,6, , , ,2,4,6, , , , , , , , , , , ,1, , , ,3177061,19704,9, ,18226, , , , ,19959,619213434880,18,18,18,18, , , , , , , , , , , , , , , , , , , , , , , , , , , , , , , , ,19959,1766840023724,,, , , , , , , , , ,3145728,19930,1,1,0,1, , , , , , , , ,3,3, , ,1, , , , , , , , , , , , , , , , , , , ,186319720,1, , , , , , ,12, , , , , , , , , , , , , , , , , , , , , , , , , , , , , , , , , ,12, , , , , , , , , , , 
2025-12-27 13:00:43.821 UTC, , , , , , , , , ,125,3177061,30536,672, ,6, ,12, , , , , , , , , ,6,6, , , ,2,4,6, , , , , , , , , , , ,1, , , ,3177061,19704,9, ,18226, , , , ,19959,619213430784,18,18,18,18, , , , , , , , , , , , , , , , , , , , , , , , , , , , , , , , ,19959,1766840023724,,, , , , , , , , , ,3145728,19930,1,1,0,1, , , , , , , , ,3,3, , ,1, , , , , , , , , , , , , , , , , , , ,186319720,2, , , , , , ,12, , , , , , , , , , , , , , , , , , , , , , , , , , , , , , , , , ,12, , , , , , , , , , , 
2025-12-27 13:01:43.822 UTC, , , , , , , , , ,125,3177061,30536,672, ,6, ,12, , , , , , , , , ,6,6, , , ,2,4,6, , , , , , , , , , , ,1, , , ,3177061,19704,9, ,18226, , , , ,19959,619213430784,18,18,18,18, , , , , , , , , , , , , , , , , , , , , , , , , , , , , , , , ,19959,1766840023724,,, , , , , , , , , ,3145728,19930,1,1,0,1, , , , , , , , ,3,3, , ,1, , , , , , , , , , , , , , , , , , , ,186319720,1, , , , , , ,12, , , , , , , , , , , , , , , , , , , , , , , , , , , , , , , , , ,12, , , , , , , , , , , 
2025-12-27 13:02:43.823 UTC, , , , , , , , , ,125,3177061,30536,672, ,6, ,12, , , , , , , , , ,6,6, , , ,2,4,6, , , , , , , , , , , ,1, , , ,3177061,19704,9, ,18226, , , , ,19959,619213430784,18,18,18,18, , , , , , , , , , , , , , , , , , , , , , , , , , , , , , , , ,19959,1766840023724,,, , , , , , , , , ,3145728,19930,2,2,1,2, , , , , , , , ,3,3, , ,1, , , , , , , , , , , , , , , , , , , ,188416872,1, , , , , , ,12, , , , , , , , , , , , , , , , , , , , , , , , , , , , , , , , , ,12, , , , , , , , , , , 
2025-12-27 13:03:43.825 UTC, , , , , , , , , ,125,3177061,30536,672, ,6, ,12, , , , , , , , , ,6,6, , , ,2,4,6, , , , , , , , , , , ,1, , , ,3177061,19704,9, ,18226, , , , ,19959,619213430784,18,18,18,18, , , , , , , , , , , , , , , , , , , , , , , , , , , , , , , , ,19959,1766840023724,,, , , , , , , , , ,3145728,19930,1,1,1,1, , , , , , , , ,3,3, , ,1, , , , , , , , , , , , , , , , , , , ,188416872,1, , , , , , ,12, , , , , , , , , , , , , , , , , , , , , , , , , , , , , , , , , ,12, , , , , , , , , , , 
2025-12-27 13:04:43.826 UTC, , , , , , , , , ,125,3177061,30536,672, ,6, ,12, , , , , , , , , ,6,6, , , ,2,4,6, , , , , , , , , , , ,1, , , ,3177061,19704,9, ,18226, , , , ,19959,619213430784,18,18,18,18, , , , , , , , , , , , , , , , , , , , , , , , , , , , , , , , ,19959,1766840023724,,, , , , , , , , , ,3145728,19930,26,26,8,26, , , , , , , , ,3,3, , ,1, , , , , , , , , , , , , , , , , , , ,188416872,1, , , , , , ,12, , , , , , , , , , , , , , , , , , , , , , , , , , , , , , , , , ,12, , , , , , , , , , , 
2025-12-27 13:05:43.827 UTC, , , , , , , , , ,125,3177061,30536,672, ,6, ,12, , , , , , , , , ,6,6, , , ,2,4,6, , , , , , , , , , , ,1, , , ,3177061,19704,9, ,18226, , , , ,19959,619213430784,18,18,18,18, , , , , , , , , , , , , , , , , , , , , , , , , , , , , , , , ,19959,1766840023724,,, , , , , , , , , ,3145728,19930,1,1,0,1, , , , , , , , ,3,3, , ,1, , , , , , , , , , , , , , , , , , , ,188416872, , , , , , , ,12, , , , , , , , , , , , , , , , , , , , , , , , , , , , , , , , , ,12, , , , , , , , , , , 
2025-12-27 13:06:43.828 UTC, , , , , , , , , ,125,3177061,30536,672, ,6, ,12, , , , , , , , , ,6,6, , , ,2,4,6, , , , , , , , , , , ,1, , , ,3177061,19704,9, ,18226, , , , ,19959,619213430784,18,18,18,18, , , , , , , , , , , , , , , , , , , , , , , , , , , , , , , , ,19959,1766840023724,,, , , , , , , , , ,3145728,19930,22,22,7,22, , , , , , , , ,3,3, , ,1, , , , , , , , , , , , , , , , , , , ,188416872,1, , , , , , ,12, , , , , , , , , , , , , , , , , , , , , , , , , , , , , , , , , ,12, , , , , , , , , , , 
2025-12-27 13:07:43.829 UTC, , , , , , , , , ,125,3177061,30536,672, ,6, ,12, , , , , , , , , ,6,6, , , ,2,4,6, , , , , , , , , , , ,1, , , ,3177061,19704,9, ,18226, , , , ,19959,619213430784,18,18,18,18, , , , , , , , , , , , , , , , , , , , , , , , , , , , , , , , ,19959,1766840023724,,, , , , , , , , , ,3145728,19930,2,2,1,2, , , , , , , , ,3,3, , ,1, , , , , , , , , , , , , , , , , , , ,188416872,1, , , , , , ,12, , , , , , , , , , , , , , , , , , , , , , , , , , , , , , , , , ,12, , , , , , , , , , , 
2025-12-27 13:08:43.829 UTC, , , , , , , , , ,125,3177061,30536,672, ,6, ,12, , , , , , , , , ,6,6, , , ,2,4,6, , , , , , , , , , , ,1, , , ,3177061,19704,9, ,18226, , , , ,19959,619213426688,18,18,18,18, , , , , , , , , , , , , , , , , , , , , , , , , , , , , , , , ,19959,1766840023724,,, , , , , , , , , ,3145728,19930,7,7,2,7, , , , , , , , ,3,3, , ,1, , , , , , , , , , , , , , , , , , , ,190514024, , , , , , , ,12, , , , , , , , , , , , , , , , , , , , , , , , , , , , , , , , , ,12, , , , , , , , , , , 
2025-12-27 13:09:43.829 UTC, , , , , , , , , ,125,3177061,30536,672, ,6, ,12, , , , , , , , , ,6,6, , , ,2,4,6, , , , , , , , , , , ,1, , , ,3177061,19704,9, ,18226, , , , ,19959,619213426688,18,18,18,18, , , , , , , , , , , , , , , , , , , , , , , , , , , , , , , , ,19959,1766840023724,,, , , , , , , , , ,3145728,19930,19,19,9,19, , , , , , , , ,3,2, , ,1, , , , , , , , , , , , , , , , , , , ,190514024, , , , , , , ,12, , , , , , , , , , , , , , , , , , , , , , , , , , , , , , , , , ,12, , , , , , , , , , , 
2025-12-27 13:10:43.830 UTC, , , , , , , , , ,125,3177061,30536,672, ,6, ,12, , , , , , , , , ,6,6, , , ,2,4,6, , , , , , , , , , , ,1, , , ,3177061,19704,9, ,18226, , , , ,19959,619213426688,18,18,18,18, , , , , , , , , , , , , , , , , , , , , , , , , , , , , , , , ,19959,1766840023724,,, , , , , , , , , ,3145728,19930,17,17,6,17, , , , , , , , ,3,4, , ,1, , , , , , , , , , , , , , , , , , , ,190514024, , , , , , , ,12, , , , , , , , , , , , , , , , , , , , , , , , , , , , , , , , , ,12, , , , , , , , , , , 
2025-12-27 13:11:43.830 UTC, , , , , , , , , ,125,3177061,30536,672, ,6, ,12, , , , , , , , , ,6,6, , , ,2,4,6, , , , , , , , , , , ,1, , , ,3177061,19704,9, ,18226, , , , ,19959,619213426688,18,18,18,18, , , , , , , , , , , , , , , , , , , , , , , , , , , , , , , , ,19959,1766840023724,,, , , , , , , , , ,3145728,19930,1,1,0,1, , , , , , , , ,3,3, , ,1, , , , , , , , , , , , , , , , , , , ,190514024,1, , , , , , ,12, , , , , , , , , , , , , , , , , , , , , , , , , , , , , , , , , ,12, , , , , , , , , , , 
2025-12-27 13:12:43.830 UTC, , , , , , , , , ,125,3177061,30536,672, ,6, ,12, , , , , , , , , ,6,6, , , ,2,4,6, , , , , , , , , , , ,1, , , ,3177061,19704,9, ,18226, , , , ,19959,619213426688,18,18,18,18, , , , , , , , , , , , , , , , , , , , , , , , , , , , , , , , ,19959,1766840023724,,, , , , , , , , , ,3145728,19930,1,1,0,1, , , , , , , , ,3,3, , ,1, , , , , , , , , , , , , , , , , , , ,190514024,1, , , , , , ,12, , , , , , , , , , , , , , , , , , , , , , , , , , , , , , , , , ,12, , , , , , , , , , , 
2025-12-27 13:13:12.176 UTC, , , , , , , , , ,125,3176389,30536, , ,6, ,9, , , , , , , , , ,6,6, , , ,2,4,6, , , , , , , , , , , ,1, , , ,3176389,19704,9, ,18226, , , , ,19959,619213422592,18,18,18,18, , , , , , , , , , , , , , , , , , , , , , , , , , , , , , , , ,19959,1766840023724,,, , , , , , , , , ,3145728,20254,27,27,19,27, , , ,3,3, ,3, ,3,4, , ,1, , , , , , , , , ,324,3, , , , , , , , ,194708328,1, , , , , , ,9, , , ,1, , , , , , , , , , , , , , , , , , , , , , , , ,1, ,2, , ,6, , , , , , , , , , , 
2025-12-27 13:17:03.728 UTC, , , , , , , , , ,125,3163093,17240, , ,3,1,35,3,0.09, , , , , , , ,3,3, ,2,1,2,1,4, ,47,22, , , , , , , , ,1, , , ,3163093,22096,10, ,20372, , , , , , ,-1,-1,-1,-1, , , , , ,3,211, , , , , , , , , , , , , , , , , , , , , , , , , , ,1766841423110,,, , , , , , , , , ,3145728,22096, , , , , , ,31, , ,2, , ,3, , ,31, ,2048,1, , , , , ,136743,46, , , , , , , , ,1,16,96900384,1, , , , , , ,25, , , , , , , , , , , , , , , , , , , , , , , , , , , , , , , , , , , , , , , , , , , , , 
2025-12-27 13:17:03.888 UTC, , , , , , , , , ,125,3166581,20728, , ,4, ,11,1,0.09, , , , , , , ,4,4, , , ,2,1,5, ,5,2, , , , , , , , ,1, , , ,3166581,22096,10, ,20372, , , , ,22145,619213418496,16,16,16,16, , , , , , , , , , , , , , , , , , , , , , , , , , , , , , , , ,22145,1766841423110,,, , , , , , , , , ,3145728,22096, , , , , , ,4, , ,1, , ,3, , ,4,1, , , , , , , ,6284,5, , , , , , , , , , ,103191840,1, , , , , , ,21, , , , , , , , , , , , , , , , , , , , , , , , , , , , , , , , ,10,8, , , , , , , , , , , 
2025-12-27 13:17:04.093 UTC, , , , , , , , , ,125,3163093,17240, , ,3,1,35,3,0.09, , , , , , , ,3,3, ,2,1,2,1,4, ,47,22, , , , , , , , ,1, , , ,3163093,22096,10, ,20372, , , , , , ,-1,-1,-1,-1, , , , , ,3,211, , , , , , , , , , , , , , , , , , , , , , , , , , ,1766841423978,,, , , , , , , , , ,3145728,22096, , , , , , ,31, , ,2, , ,3, , ,31, ,2048,1, , , , , ,136743,46, , , , , , , , ,1,16,119969056,1, , , , , , ,25, , , , , , , , , , , , , , , , , , , , , , , , , , , , , , , , , , , , , , , , , , , , , 
2025-12-27 13:18:04.096 UTC, , , , , , , , , ,125,3176965,30440,672, ,6, ,27,3,0.11, , , , , , , ,6,6, , , ,2,4,6, ,12,9, , , , , , , , ,1, , , ,3176965,22096,10, ,20372, , , , ,22351,619213414400,15,15,15,15, , , , , , , , , , , , , , , , , , , , , , , , , , , , , , , , ,22351,1766841423978,,, , , , , , , , , ,3145728,22322,28,28,9,28, , ,15,1,1,3,1, ,3,3, ,15,1, , , , , , , ,18799,18,206,1, , , , , , ,2,23,186450624,1, , , , , , ,32, , , , , , , , , , , , , , , , , , , , , , , , , , , , , , ,1, , ,13,1, , , , , , , , , , 
2025-12-27 13:19:04.099 UTC, , , , , , , , , ,125,3176965,30440,672, ,6, ,12, , , , , , , , , ,6,6, , , ,2,4,6, , , , , , , , , , , ,1, , , ,3176965,22096,10, ,20372, , , , ,22351,619213414400,15,15,15,15, , , , , , , , , , , , , , , , , , , , , , , , , , , , , , , , ,22351,1766841423978,,, , , , , , , , , ,3145728,22322,191,191,64,191, , , , , , , , ,3,3, , ,1, , , , , , , , , , , , , , , , , , , ,186450624, , , , , , , ,12, , , , , , , , , , , , , , , , , , , , , , , , , , , , , , , , , ,12, , , , , , , , , , , 
2025-12-27 13:20:04.101 UTC, , , , , , , , , ,125,3176965,30440,672, ,6, ,12, , , , , , , , , ,6,6, , , ,2,4,6, , , , , , , , , , , ,1, , , ,3176965,22096,10, ,20372, , , , ,22351,619213414400,15,15,15,15, , , , , , , , , , , , , , , , , , , , , , , , , , , , , , , , ,22351,1766841423978,,, , , , , , , , , ,3145728,22322,17,17,4,17, , , , , , , , ,3,4, , ,1, , , , , , , , , , , , , , , , , , , ,186450624, , , , , , , ,12, , , , , , , , , , , , , , , , , , , , , , , , , , , , , , , , , ,12, , , , , , , , , , , 
2025-12-27 13:21:04.103 UTC, , , , , , , , , ,125,3176965,30440,672, ,6, ,12, , , , , , , , , ,6,6, , , ,2,4,6, , , , , , , , , , , ,1, , , ,3176965,22096,10, ,20372, , , , ,22351,619213414400,15,15,15,15, , , , , , , , , , , , , , , , , , , , , , , , , , , , , , , , ,22351,1766841423978,,, , , , , , , , , ,3145728,22322,1,1,0,1, , , , , , , , ,3,3, , ,1, , , , , , , , , , , , , , , , , , , ,186450624, , , , , , , ,12, , , , , , , , , , , , , , , , , , , , , , , , , , , , , , , , , ,12, , , , , , , , , , , 
2025-12-27 13:22:04.104 UTC, , , , , , , , , ,125,3176965,30440,672, ,6, ,12, , , , , , , , , ,6,6, , , ,2,4,6, , , , , , , , , , , ,1, , , ,3176965,22096,10, ,20372, , , , ,22351,619213414400,15,15,15,15, , , , , , , , , , , , , , , , , , , , , , , , , , , , , , , , ,22351,1766841423978,,, , , , , , , , , ,3145728,22322,1,1,0,1, , , , , , , , ,3,3, , ,1, , , , , , , , , , , , , , , , , , , ,186450624, , , , , , , ,12, , , , , , , , , , , , , , , , , , , , , , , , , , , , , , , , , ,12, , , , , , , , , , , 
2025-12-27 13:23:04.104 UTC, , , , , , , , , ,125,3176965,30440,672, ,6, ,12, , , , , , , , , ,6,6, , , ,2,4,6, , , , , , , , , , , ,1, , , ,3176965,22096,10, ,20372, , , , ,22351,619213414400,15,15,15,15, , , , , , , , , , , , , , , , , , , , , , , , , , , , , , , , ,22351,1766841423978,,, , , , , , , , , ,3145728,22322,1,1,0,1, , , , , , , , ,3,3, , ,1, , , , , , , , , , , , , , , , , , , ,186450624,1, , , , , , ,12, , , , , , , , , , , , , , , , , , , , , , , , , , , , , , , , , ,12, , , , , , , , , , , 
2025-12-27 13:23:54.628 UTC, , , , , , , , , ,125,3176293,30440, , ,6, ,13, , , , , , , , , ,6,6, , , ,2,4,6, , , , , , , , , , , ,1, , , ,3176293,22096,10, ,20372, , , , ,22351,619213414400,15,15,15,15, , , , , , , , , , , , , , , , , , , , , , , , , , , , , , , , ,22351,1766841423978,,, , , , , , , , , ,3145728,22646,43,43,21,43, , , ,3,3, ,3, ,3,5, , ,1, , , , , , , , , ,324,3, , , , , , , , ,192742080,1, , , , , , ,13, , , , , , , , , , , , , , , , , , , , , , , , , , , , ,1, ,2, , ,10, , , , , , , , , , , 
2025-12-27 13:26:55.350 UTC, , , , , , , , , ,125,3163117,17264, , ,3, ,35,3,0.09, , , , , , , ,3,3, ,2, ,2,1,4, ,49,23, , , , , , , , ,1, , , ,3163117,24281,11, ,22764, , , , ,24330,619213410304,-1,-1,-1,-1, , , , , ,3,231, , , , , , , , , , , , , , , , , , , , , , , , , ,24330,1766842014768,,, , , , , , , , , ,3145728,24281, , , , , , ,31, , ,2, , ,3, , ,31, ,2048,1, , , , , ,134785,46, , , , , , , , ,1,21,96875552,2, , , , , , ,25, , , , , , , , , , , , , , , , , , , , , , , , , , , , , , , , , , , , , , , , , , , , , 
2025-12-27 13:26:55.506 UTC, , , , , , , , , ,125,3166709,20856, , ,4,1,11,1,0.09, , , , , , , ,4,4, , ,1,2,1,5, ,5,2, , , , , , , , ,1, , , ,3166709,24281,11, ,22764, , , , ,24330,619213410304,15,15,15,15, , , , , , , , , , , , , , , , , , , , , , , , , , , , , , , , ,24330,1766842014768,,, , , , , , , , , ,3145728,24281, , , , , , ,5, , ,1, , ,3, , ,5,1, , , , , , , ,8332,6, , , , , , , , , , ,103167008,2, , , , , , ,22, , , , , , , , , , , , , , , , , , , , , , , , , , , , , , , , ,10,8, , , , , , , , , , , 
2025-12-27 13:26:55.693 UTC, , , , , , , , , ,125,3163117,17264, , ,3, ,35,3,0.09, , , , , , , ,3,3, ,2, ,2,1,4, ,49,23, , , , , , , , ,1, , , ,3163117,24281,11, ,22764, , , , , , ,-1,-1,-1,-1, , , , , ,3,231, , , , , , , , , , , , , , , , , , , , , , , , , , ,1766842015579,,, , , , , , , , , ,3145728,24281, , , , , , ,31, , ,2, , ,3, , ,31, ,2048,1, , , , , ,134785,46, , , , , , , , ,1,21,119944224,2, , , , , , ,25, , , , , , , , , , , , , , , , , , , , , , , , , , , , , , , , , , , , , , , , , , , , , 
2025-12-27 13:27:55.696 UTC, , , , , , , , , ,125,3177205,30680,672, ,6,3,28,3,0.11, , , , , , , ,6,6, , ,3,2,4,6, ,12,9, , , , , , , , ,1, , , ,3177205,24281,11, ,22764, , , , ,24535,619213410304,15,15,15,15, , , , , , , , , , , , , , , , , , , , , , , , , , , , , , , , ,24535,1766842015579,,, , , , , , , , , ,3145728,24506,24,24,6,24, , ,18,1,1,3,1, ,3,4, ,18,1, , , , , , , ,24943,21,205,1, , , , , , ,2,34,236516160,1, , , , , , ,33, , , , , , , , , , , , , , , , , , , , , , , , , , , , , , ,1, , ,13,1, , , , , , , , , , 
2025-12-27 13:28:55.698 UTC, , , , , , , , , ,125,3177205,30680,672, ,6, ,12, , , , , , , , , ,6,6, , , ,2,4,6, , , , , , , , , , , ,1, , , ,3177205,24281,11, ,22764, , , , ,24535,619213410304,15,15,15,15, , , , , , , , , , , , , , , , , , , , , , , , , , , , , , , , ,24535,1766842015579,,, , , , , , , , , ,3145728,24506,1,1,0,1, , , , , , , , ,3,3, , ,1, , , , , , , , , , , , , , , , , , , ,236516160,1, , , , , , ,12, , , , , , , , , , , , , , , , , , , , , , , , , , , , , , , , , ,12, , , , , , , , , , , 
2025-12-27 13:29:55.699 UTC, , , , , , , , , ,125,3177205,30680,672, ,6, ,12, , , , , , , , , ,6,6, , , ,2,4,6, , , , , , , , , , , ,1, , , ,3177205,24281,11, ,22764, , , , ,24535,619213410304,15,15,15,15, , , , , , , , , , , , , , , , , , , , , , , , , , , , , , , , ,24535,1766842015579,,, , , , , , , , , ,3145728,24506,1,1,0,1, , , , , , , , ,3,3, , ,1, , , , , , , , , , , , , , , , , , , ,236516160,1, , , , , , ,12, , , , , , , , , , , , , , , , , , , , , , , , , , , , , , , , , ,12, , , , , , , , , , , 
2025-12-27 13:30:55.700 UTC, , , , , , , , , ,125,3177205,30680,672, ,6, ,12, , , , , , , , , ,6,6, , , ,2,4,6, , , , , , , , , , , ,1, , , ,3177205,24281,11, ,22764, , , , ,24535,619213410304,15,15,15,15, , , , , , , , , , , , , , , , , , , , , , , , , , , , , , , , ,24535,1766842015579,,, , , , , , , , , ,3145728,24506,1,1,0,1, , , , , , , , ,3,3, , ,1, , , , , , , , , , , , , , , , , , , ,236516160,1, , , , , , ,12, , , , , , , , , , , , , , , , , , , , , , , , , , , , , , , , , ,12, , , , , , , , , , , 
2025-12-27 13:31:55.700 UTC, , , , , , , , , ,125,3177205,30680,672, ,6, ,12, , , , , , , , , ,6,6, , , ,2,4,6, , , , , , , , , , , ,1, , , ,3177205,24281,11, ,22764, , , , ,24535,619213410304,15,15,15,15, , , , , , , , , , , , , , , , , , , , , , , , , , , , , , , , ,24535,1766842015579,,, , , , , , , , , ,3145728,24506,1,1,0,1, , , , , , , , ,3,3, , ,1, , , , , , , , , , , , , , , , , , , ,236516160,1, , , , , , ,12, , , , , , , , , , , , , , , , , , , , , , , , , , , , , , , , , ,12, , , , , , , , , , , 
2025-12-27 13:32:55.701 UTC, , , , , , , , , ,125,3177205,30680,672, ,6, ,12, , , , , , , , , ,6,6, , , ,2,4,6, , , , , , , , , , , ,1, , , ,3177205,24281,11, ,22764, , , , ,24535,619213406208,15,15,15,15, , , , , , , , , , , , , , , , , , , , , , , , , , , , , , , , ,24535,1766842015579,,, , , , , , , , , ,3145728,24506,1,1,0,1, , , , , , , , ,3,3, , ,1, , , , , , , , , , , , , , , , , , , ,238613312,1, , , , , , ,12, , , , , , , , , , , , , , , , , , , , , , , , , , , , , , , , , ,12, , , , , , , , , , , 
2025-12-27 13:33:55.701 UTC, , , , , , , , , ,125,3177205,30680,672, ,6, ,12, , , , , , , , , ,6,6, , , ,2,4,6, , , , , , , , , , , ,1, , , ,3177205,24281,11, ,22764, , , , ,24535,619213406208,15,15,15,15, , , , , , , , , , , , , , , , , , , , , , , , , , , , , , , , ,24535,1766842015579,,, , , , , , , , , ,3145728,24506,0,0,0,0, , , , , , , , ,3,3, , ,1, , , , , , , , , , , , , , , , , , , ,238613312, , , , , , , ,12, , , , , , , , , , , , , , , , , , , , , , , , , , , , , , , , , ,12, , , , , , , , , , , 
2025-12-27 13:34:55.702 UTC, , , , , , , , , ,125,3177205,30680,672, ,6, ,12, , , , , , , , , ,6,6, , , ,2,4,6, , , , , , , , , , , ,1, , , ,3177205,24281,11, ,22764, , , , ,24535,619213406208,15,15,15,15, , , , , , , , , , , , , , , , , , , , , , , , , , , , , , , , ,24535,1766842015579,,, , , , , , , , , ,3145728,24506,1,1,0,1, , , , , , , , ,3,3, , ,1, , , , , , , , , , , , , , , , , , , ,238613312,1, , , , , , ,12, , , , , , , , , , , , , , , , , , , , , , , , , , , , , , , , , ,12, , , , , , , , , , , 
2025-12-27 13:35:55.703 UTC, , , , , , , , , ,125,3177205,30680,672, ,6, ,12, , , , , , , , , ,6,6, , , ,2,4,6, , , , , , , , , , , ,1, , , ,3177205,24281,11, ,22764, , , , ,24535,619213406208,15,15,15,15, , , , , , , , , , , , , , , , , , , , , , , , , , , , , , , , ,24535,1766842015579,,, , , , , , , , , ,3145728,24506,9,9,3,9, , , , , , , , ,3,3, , ,1, , , , , , , , , , , , , , , , , , , ,238613312,1, , , , , , ,12, , , , , , , , , , , , , , , , , , , , , , , , , , , , , , , , , ,12, , , , , , , , , , , 
2025-12-27 13:36:55.719 UTC, , , , , , , , , ,125,3177205,30680,672, ,6, ,12, , , , , , , , , ,6,6, , , ,2,4,6, , , , , , , , , , , ,1, , , ,3177205,24281,11, ,22764, , , , ,24535,619213406208,15,15,15,15, , , , , , , , , , , , , , , , , , , , , , , , , , , , , , , , ,24535,1766842015579,,, , , , , , , , , ,3145728,24506,1,1,0,1, , , , , , , , ,3,2, , ,1, , , , , , , , , , , , , , , , , , , ,238613312,1, , , , , , ,12, , , , , , , , , , , , , , , , , , , , , , , , , , , , , , , , , ,12, , , , , , , , , , , 
2025-12-27 13:37:55.720 UTC, , , , , , , , , ,125,3177205,30680,672, ,6, ,12, , , , , , , , , ,6,6, , , ,2,4,6, , , , , , , , , , , ,1, , , ,3177205,24281,11, ,22764, , , , ,24535,619213406208,15,15,15,15, , , , , , , , , , , , , , , , , , , , , , , , , , , , , , , , ,24535,1766842015579,,, , , , , , , , , ,3145728,24506,52,52,16,52, , , , , , , , ,3,4, , ,1, , , , , , , , , , , , , , , , , , , ,238613312, , , , , , , ,12, , , , , , , , , , , , , , , , , , , , , , , , , , , , , , , , , ,12, , , , , , , , , , , 
2025-12-27 13:38:55.721 UTC, , , , , , , , , ,125,3177205,30680,672, ,6, ,12, , , , , , , , , ,6,6, , , ,2,4,6, , , , , , , , , , , ,1, , , ,3177205,24281,11, ,22764, , , , ,24535,619213406208,15,15,15,15, , , , , , , , , , , , , , , , , , , , , , , , , , , , , , , , ,24535,1766842015579,,, , , , , , , , , ,3145728,24506,2,2,1,2, , , , , , , , ,3,3, , ,1, , , , , , , , , , , , , , , , , , , ,240710464,1, , , , , , ,12, , , , , , , , , , , , , , , , , , , , , , , , , , , , , , , , , ,12, , , , , , , , , , , 
2025-12-27 13:39:55.723 UTC, , , , , , , , , ,125,3177205,30680,672, ,6, ,12, , , , , , , , , ,6,6, , , ,2,4,6, , , , , , , , , , , ,1, , , ,3177205,24281,11, ,22764, , , , ,24535,619213406208,15,15,15,15, , , , , , , , , , , , , , , , , , , , , , , , , , , , , , , , ,24535,1766842015579,,, , , , , , , , , ,3145728,24506,1,1,0,1, , , , , , , , ,3,3, , ,1, , , , , , , , , , , , , , , , , , , ,240710464, , , , , , , ,12, , , , , , , , , , , , , , , , , , , , , , , , , , , , , , , , , ,12, , , , , , , , , , , 
2025-12-27 13:40:55.726 UTC, , , , , , , , , ,125,3177205,30680,672, ,6, ,12, , , , , , , , , ,6,6, , , ,2,4,6, , , , , , , , , , , ,1, , , ,3177205,24281,11, ,22764, , , , ,24535,619213402112,15,15,15,15, , , , , , , , , , , , , , , , , , , , , , , , , , , , , , , , ,24535,1766842015579,,, , , , , , , , , ,3145728,24506,1,1,0,1, , , , , , , , ,3,3, , ,1, , , , , , , , , , , , , , , , , , , ,240710464, , , , , , , ,12, , , , , , , , , , , , , , , , , , , , , , , , , , , , , , , , , ,12, , , , , , , , , , , 
2025-12-27 13:41:55.726 UTC, , , , , , , , , ,125,3177205,30680,672, ,6, ,12, , , , , , , , , ,6,6, , , ,2,4,6, , , , , , , , , , , ,1, , , ,3177205,24281,11, ,22764, , , , ,24535,619213402112,15,15,15,15, , , , , , , , , , , , , , , , , , , , , , , , , , , , , , , , ,24535,1766842015579,,, , , , , , , , , ,3145728,24506,1,1,0,1, , , , , , , , ,3,3, , ,1, , , , , , , , , , , , , , , , , , , ,240710464, , , , , , , ,12, , , , , , , , , , , , , , , , , , , , , , , , , , , , , , , , , ,12, , , , , , , , , , , 
2025-12-27 13:42:55.727 UTC, , , , , , , , , ,125,3177205,30680,672, ,6, ,12, , , , , , , , , ,6,6, , , ,2,4,6, , , , , , , , , , , ,1, , , ,3177205,24281,11, ,22764, , , , ,24535,619213402112,15,15,15,15, , , , , , , , , , , , , , , , , , , , , , , , , , , , , , , , ,24535,1766842015579,,, , , , , , , , , ,3145728,24506,25,25,13,25, , , , , , , , ,3,3, , ,1, , , , , , , , , , , , , , , , , , , ,240710464, , , , , , , ,12, , , , , , , , , , , , , , , , , , , , , , , , , , , , , , , , , ,12, , , , , , , , , , , 
2025-12-27 13:43:12.925 UTC, , , , , , , , , ,125,3176533,30680, , ,6, ,7, , , , , , , , , ,6,6, , , ,2,4,6, , , , , , , , , , , ,1, , , ,3176533,24281,11, ,22764, , , , ,24535,619213402112,15,15,15,15, , , , , , , , , , , , , , , , , , , , , , , , , , , , , , , , ,24535,1766842015579,,, , , , , , , , , ,3145728,24829,36,36,30,36, , , ,3,3, ,3, ,3,3, , ,1, , , , , , , , , ,323,3, , , , , , , , ,244904768,1, , , , , , ,7, , , , , , , , , , , , , , , , , , , , , , , , , , , , ,1, ,2, , ,4, , , , , , , , , , , 
2025-12-27 13:43:22.873 UTC, , , , , , , , , ,125,3163165,17312, , ,3,1,35,3,0.09,1, , , , , , ,3,3, ,2,1,2,1,4, ,51,24, , , , , , , , ,1, , , ,3163165,26761,12, ,24947, , , , ,26810,619213398016,14,14,14,14, , , , , ,4,248, , , , , , , , , , , , , , , , , , , , , , , , , ,26810,1766843002469,,, , , , , , , , , ,3145728,26761, , , , , , ,33, , ,2, , ,3, , ,33, ,2048,1, , , , , ,153317,50, , , , , , , , ,1,16,96903384,1, , , , , , ,25, , , , , , , , , , , , , , , , , , , , , , , , , , , , , , , , , , , , , , , , , , , , , 
2025-12-27 13:43:23.001 UTC, , , , , , , , , ,125,3166861,21008, , ,4,1,11,1,0.09, , , , , , , ,4,4, , ,1,2,1,5, ,5,2, , , , , , , , ,1, , , ,3166861,26761,12, ,24947, , , , ,26810,619213398016,14,14,14,14, , , , , , , , , , , , , , , , , , , , , , , , , , , , , , , , ,26810,1766843002469,,, , , , , , , , , ,3145728,26761, , , , , , ,5, , ,1, , ,3, , ,5,1, , , , , , , ,8332,6, , , , , , , , , , ,103194840,1, , , , , , ,23, , , , , , , , , , , , , , , , , , , , , , , , , , , , , , , , ,10,8, , , , , , , , , , , 
2025-12-27 13:43:23.140 UTC, , , , , , , , , ,125,3163165,17312, , ,3,1,35,3,0.09,1, , , , , , ,3,3, ,2,1,2,1,4, ,51,24, , , , , , , , ,1, , , ,3163165,26761,12, ,24947, , , , , , ,-1,-1,-1,-1, , , , , ,4,248, , , , , , , , , , , , , , , , , , , , , , , , , , ,1766843003050,,, , , , , , , , , ,3145728,26761, , , , , , ,33, , ,2, , ,3, , ,33, ,2048,1, , , , , ,153317,50, , , , , , , , ,1,16,119972056,1, , , , , , ,25, , , , , , , , , , , , , , , , , , , , , , , , , , , , , , , , , , , , , , , , , , , , , 
2025-12-27 13:44:23.141 UTC, , , , , , , , , ,125,3180533,34008,672, ,7,1,45,3,0.07, , , , , , , ,7,7, , ,1,2,5,7, ,12,9, , , , , , , , ,1, , , ,3180533,26761,12, ,24947, , , , ,27733,619213393920,15,15,15,15, , , , , , , , , , , , , , , , , , , , , , , , , , , , , , , , ,27733,1766843003050,,, , , , , , , , , ,3145728,27704,44,44,20,44, , ,16,6,6,3,6, ,3,9, ,16,1, , , , , , , ,20847,19,923,6, , , , , , ,3,36,81719488,1, , , , , , ,50, , , , , , , , , , , , , , , , , , , , , , , , , , , , , , ,6, ,4,20,18, , , , , , , , , , 
2025-12-27 13:45:23.142 UTC, , , , , , , , , ,125,3180533,34008,672, ,7, ,12, , , , , , , , , ,7,7, , , ,2,5,7, , , , , , , , , , , ,1, , , ,3180533,26761,12, ,24947, , , , ,27733,619213393920,15,15,15,15, , , , , , , , , , , , , , , , , , , , , , , , , , , , , , , , ,27733,1766843003050,,, , , , , , , , , ,3145728,27704,1,1,0,1, , , , , , , , ,3,3, , ,1, , , , , , , , , , , , , , , , , , , ,81719488, , , , , , , ,12, , , , , , , , , , , , , , , , , , , , , , , , , , , , , , , , , ,12, , , , , , , , , , , 
2025-12-27 13:46:23.142 UTC, , , , , , , , , ,125,3180533,34008,672, ,7, ,12, , , , , , , , , ,7,7, , , ,2,5,7, , , , , , , , , , , ,1, , , ,3180533,26761,12, ,24947, , , , ,27733,619213393920,15,15,15,15, , , , , , , , , , , , , , , , , , , , , , , , , , , , , , , , ,27733,1766843003050,,, , , , , , , , , ,3145728,27704,0,0,0,0, , , , , , , , ,3,3, , ,1, , , , , , , , , , , , , , , , , , , ,81719488, , , , , , , ,12, , , , , , , , , , , , , , , , , , , , , , , , , , , , , , , , , ,12, , , , , , , , , , , 
2025-12-27 13:47:23.142 UTC, , , , , , , , , ,125,3180533,34008,672, ,7, ,12, , , , , , , , , ,7,7, , , ,2,5,7, , , , , , , , , , , ,1, , , ,3180533,26761,12, ,24947, , , , ,27733,619213393920,15,15,15,15, , , , , , , , , , , , , , , , , , , , , , , , , , , , , , , , ,27733,1766843003050,,, , , , , , , , , ,3145728,27704,1,1,1,1, , , , , , , , ,3,2, , ,1, , , , , , , , , , , , , , , , , , , ,83816640, , , , , , , ,12, , , , , , , , , , , , , , , , , , , , , , , , , , , , , , , , , ,12, , , , , , , , , , , 
2025-12-27 13:48:23.142 UTC, , , , , , , , , ,125,3180533,34008,672, ,7, ,12, , , , , , , , , ,7,7, , , ,2,5,7, , , , , , , , , , , ,1, , , ,3180533,26761,12, ,24947, , , , ,27733,619213393920,15,15,15,15, , , , , , , , , , , , , , , , , , , , , , , , , , , , , , , , ,27733,1766843003050,,, , , , , , , , , ,3145728,27704,19,19,5,19, , , , , , , , ,3,4, , ,1, , , , , , , , , , , , , , , , , , , ,83816640, , , , , , , ,12, , , , , , , , , , , , , , , , , , , , , , , , , , , , , , , , , ,12, , , , , , , , , , , 
2025-12-27 13:49:23.142 UTC, , , , , , , , , ,125,3180533,34008,672, ,7, ,12, , , , , , , , , ,7,7, , , ,2,5,7, , , , , , , , , , , ,1, , , ,3180533,26761,12, ,24947, , , , ,27733,619213393920,15,15,15,15, , , , , , , , , , , , , , , , , , , , , , , , , , , , , , , , ,27733,1766843003050,,, , , , , , , , , ,3145728,27704,0,0,0,0, , , , , , , , ,3,3, , ,1, , , , , , , , , , , , , , , , , , , ,83816640, , , , , , , ,12, , , , , , , , , , , , , , , , , , , , , , , , , , , , , , , , , ,12, , , , , , , , , , , 
2025-12-27 13:50:23.142 UTC, , , , , , , , , ,125,3180533,34008,672, ,7, ,12, , , , , , , , , ,7,7, , , ,2,5,7, , , , , , , , , , , ,1, , , ,3180533,26761,12, ,24947, , , , ,27733,619213393920,15,15,15,15, , , , , , , , , , , , , , , , , , , , , , , , , , , , , , , , ,27733,1766843003050,,, , , , , , , , , ,3145728,27704,1,1,0,1, , , , , , , , ,3,3, , ,1, , , , , , , , , , , , , , , , , , , ,83816640, , , , , , , ,12, , , , , , , , , , , , , , , , , , , , , , , , , , , , , , , , , ,12, , , , , , , , , , , 
2025-12-27 13:51:23.144 UTC, , , , , , , , , ,125,3180533,34008,672, ,7, ,12, , , , , , , , , ,7,7, , , ,2,5,7, , , , , , , , , , , ,1, , , ,3180533,26761,12, ,24947, , , , ,27733,619213393920,15,15,15,15, , , , , , , , , , , , , , , , , , , , , , , , , , , , , , , , ,27733,1766843003050,,, , , , , , , , , ,3145728,27704,1,1,0,1, , , , , , , , ,3,3, , ,1, , , , , , , , , , , , , , , , , , , ,83816640, , , , , , , ,12, , , , , , , , , , , , , , , , , , , , , , , , , , , , , , , , , ,12, , , , , , , , , , , 
2025-12-27 13:52:23.146 UTC, , , , , , , , , ,125,3180533,34008,672, ,7, ,12, , , , , , , , , ,7,7, , , ,2,5,7, , , , , , , , , , , ,1, , , ,3180533,26761,12, ,24947, , , , ,27733,619213389824,15,15,15,15, , , , , , , , , , , , , , , , , , , , , , , , , , , , , , , , ,27733,1766843003050,,, , , , , , , , , ,3145728,27704,1,1,0,1, , , , , , , , ,3,3, , ,1, , , , , , , , , , , , , , , , , , , ,83816640,1, , , , , , ,12, , , , , , , , , , , , , , , , , , , , , , , , , , , , , , , , , ,12, , , , , , , , , , , 
2025-12-27 13:53:23.147 UTC, , , , , , , , , ,125,3180533,34008,672, ,7, ,12, , , , , , , , , ,7,7, , , ,2,5,7, , , , , , , , , , , ,1, , , ,3180533,26761,12, ,24947, , , , ,27733,619213389824,15,15,15,15, , , , , , , , , , , , , , , , , , , , , , , , , , , , , , , , ,27733,1766843003050,,, , , , , , , , , ,3145728,27704,0,0,0,0, , , , , , , , ,3,3, , ,1, , , , , , , , , , , , , , , , , , , ,83816640,1, , , , , , ,12, , , , , , , , , , , , , , , , , , , , , , , , , , , , , , , , , ,12, , , , , , , , , , , 
2025-12-27 13:54:23.151 UTC, , , , , , , , , ,125,3180533,34008,672, ,7, ,12, , , , , , , , , ,7,7, , , ,2,5,7, , , , , , , , , , , ,1, , , ,3180533,26761,12, ,24947, , , , ,27733,619213389824,15,15,15,15, , , , , , , , , , , , , , , , , , , , , , , , , , , , , , , , ,27733,1766843003050,,, , , , , , , , , ,3145728,27704,1,1,1,1, , , , , , , , ,3,3, , ,1, , , , , , , , , , , , , , , , , , , ,85913792, , , , , , , ,12, , , , , , , , , , , , , , , , , , , , , , , , , , , , , , , , , ,12, , , , , , , , , , , 
2025-12-27 13:55:23.151 UTC, , , , , , , , , ,125,3180533,34008,672, ,7, ,12, , , , , , , , , ,7,7, , , ,2,5,7, , , , , , , , , , , ,1, , , ,3180533,26761,12, ,24947, , , , ,27733,619213389824,15,15,15,15, , , , , , , , , , , , , , , , , , , , , , , , , , , , , , , , ,27733,1766843003050,,, , , , , , , , , ,3145728,27704,1,1,1,1, , , , , , , , ,3,3, , ,1, , , , , , , , , , , , , , , , , , , ,85913792, , , , , , , ,12, , , , , , , , , , , , , , , , , , , , , , , , , , , , , , , , , ,12, , , , , , , , , , , 
2025-12-27 13:56:23.152 UTC, , , , , , , , , ,125,3180533,34008,672, ,7, ,12, , , , , , , , , ,7,7, , , ,2,5,7, , , , , , , , , , , ,1, , , ,3180533,26761,12, ,24947, , , , ,27733,619213389824,15,15,15,15, , , , , , , , , , , , , , , , , , , , , , , , , , , , , , , , ,27733,1766843003050,,, , , , , , , , , ,3145728,27704,1,1,0,1, , , , , , , , ,3,3, , ,1, , , , , , , , , , , , , , , , , , , ,85913792, , , , , , , ,12, , , , , , , , , , , , , , , , , , , , , , , , , , , , , , , , , ,12, , , , , , , , , , , 
2025-12-27 13:57:23.152 UTC, , , , , , , , , ,125,3180533,34008,672, ,7, ,12, , , , , , , , , ,7,7, , , ,2,5,7, , , , , , , , , , , ,1, , , ,3180533,26761,12, ,24947, , , , ,27733,619213389824,15,15,15,15, , , , , , , , , , , , , , , , , , , , , , , , , , , , , , , , ,27733,1766843003050,,, , , , , , , , , ,3145728,27704,31,31,10,31, , , , , , , , ,3,3, , ,1, , , , , , , , , , , , , , , , , , , ,85913792,1, , , , , , ,12, , , , , , , , , , , , , , , , , , , , , , , , , , , , , , , , , ,12, , , , , , , , , , , 
2025-12-27 13:58:23.152 UTC, , , , , , , , , ,125,3180533,34008,672, ,7, ,12, , , , , , , , , ,7,7, , , ,2,5,7, , , , , , , , , , , ,1, , , ,3180533,26761,12, ,24947, , , , ,27733,619213389824,15,15,15,15, , , , , , , , , , , , , , , , , , , , , , , , , , , , , , , , ,27733,1766843003050,,, , , , , , , , , ,3145728,27704,3,3,1,3, , , , , , , , ,3,3, , ,1, , , , , , , , , , , , , , , , , , , ,85913792,1, , , , , , ,12, , , , , , , , , , , , , , , , , , , , , , , , , , , , , , , , , ,12, , , , , , , , , , , 
2025-12-27 13:59:23.152 UTC, , , , , , , , , ,125,3180533,34008,672, ,7, ,12, , , , , , , , , ,7,7, , , ,2,5,7, , , , , , , , , , , ,1, , , ,3180533,26761,12, ,24947, , , , ,27733,619213389824,15,15,15,15, , , , , , , , , , , , , , , , , , , , , , , , , , , , , , , , ,27733,1766843003050,,, , , , , , , , , ,3145728,27704,1,1,0,1, , , , , , , , ,3,3, , ,1, , , , , , , , , , , , , , , , , , , ,88010944,1, , , , , , ,12, , , , , , , , , , , , , , , , , , , , , , , , , , , , , , , , , ,12, , , , , , , , , , , 
2025-12-27 14:00:23.153 UTC, , , , , , , , , ,125,3180533,34008,672, ,7, ,12, , , , , , , , , ,7,7, , , ,2,5,7, , , , , , , , , , , ,1, , , ,3180533,26761,12, ,24947, , , , ,27733,619213385728,15,15,15,15, , , , , , , , , , , , , , , , , , , , , , , , , , , , , , , , ,27733,1766843003050,,, , , , , , , , , ,3145728,27704,1,1,1,1, , , , , , , , ,3,2, , ,1, , , , , , , , , , , , , , , , , , , ,88010944,1, , , , , , ,12, , , , , , , , , , , , , , , , , , , , , , , , , , , , , , , , , ,12, , , , , , , , , , , 
2025-12-27 14:00:23.807 UTC, , , , , , , , , ,125,3179861,34008, , ,7, ,4, , , , , , , , , ,7,7, , , ,2,5,7, , , , , , , , , , , ,1, , , ,3179861,26761,12, ,24947, , , , ,27733,619213385728,15,15,15,15, , , , , , , , , , , , , , , , , , , , , , , , , , , , , , , , ,27733,1766843003050,,, , , , , , , , , ,3145728,28056,27,27,23,27, , , ,3,3, ,3, ,3,4, , ,1, , , , , , , , , ,352,3, , , , , , , , ,94302400,1, , , , , , ,4, , , , , , , , , , , , , , , , , , , , , , , , , , , , ,1, , , , ,1, ,2, , , , , , , , , 
2025-12-27 14:00:45.694 UTC, , , , , , , , , ,125,3164205,18352, , ,3,1,40,3,0.08,1, , , , , , ,3,3, ,2,1,2,1,4, ,57,26, , , , , , , , ,1, , , ,3164205,30216,13, ,28174, , , , , , ,-1,-1,-1,-1, , , , , ,4,278, , , , , , , , , , , , , , , , , , , , , , , , , , ,1766844045242,,, , , , , , , , , ,3145728,30216, , , , , , ,35, , ,2, , ,3, , ,35, ,2048,1, , , , , ,153474,52, , , , , , , , ,1,14,96895384,1, , , , , , ,29, , , , , , , , , , , , , , , , , , , , , , , , , , , , , , , , , , , , , , , , , , , , , 
2025-12-27 14:00:45.813 UTC, , , , , , , , , ,125,3167901,22048, , ,4,1,11,1,0.09, , , , , , , ,4,4, , ,1,2,1,5, ,5,2, , , , , , , , ,1, , , ,3167901,30216,13, ,28174, , , , ,30265,619213381632,15,15,15,15, , , , , , , , , , , , , , , , , , , , , , , , , , , , , , , , ,30265,1766844045242,,, , , , , , , , , ,3145728,30216, , , , , , ,5, , ,1, , ,3, , ,5,1, , , , , , , ,8332,6, , , , , , , , , , ,103186840,1, , , , , , ,23, , , , , , , , , , , , , , , , , , , , , , , , , , , , , , , , ,10,8, , , , , , , , , , , 
2025-12-27 14:00:45.963 UTC, , , , , , , , , ,125,3164205,18352, , ,3,1,40,3,0.08,1, , , , , , ,3,3, ,2,1,2,1,4, ,57,26, , , , , , , , ,1, , , ,3164205,30216,13, ,28174, , , , , , ,-1,-1,-1,-1, , , , , ,4,278, , , , , , , , , , , , , , , , , , , , , , , , , , ,1766844045856,,, , , , , , , , , ,3145728,30216, , , , , , ,35, , ,2, , ,3, , ,35, ,2048,1, , , , , ,153474,52, , , , , , , , ,1,14,119964056,1, , , , , , ,29, , , , , , , , , , , , , , , , , , , , , , , , , , , , , , , , , , , , , , , , , , , , , 
2025-12-27 14:01:45.965 UTC, , , , , , , , , ,125,3177493,30968,672, ,6,3,28,3,0.11, , , , , , , ,6,6, , ,3,2,4,6, ,12,8, , , , , , , , ,1, , , ,3177493,30216,13, ,28174, , , , ,30471,619213377536,15,15,15,15, , , , , , , , , , , , , , , , , , , , , , , , , , , , , , , , ,30471,1766844045856,,, , , , , , , , , ,3145728,30442,22,22,8,22, , ,17,1,1,3,1, ,3,4, ,17,1, , , , , , , ,24899,20,206,1, , , , , , ,2,24,207292096,1, , , , , , ,34, , , , , , , , , , , , , , , , , , , , , , , , , , , , , , ,1, , ,13,1, , , , , , , , , , 
2025-12-27 14:02:45.969 UTC, , , , , , , , , ,125,3177493,30968,672, ,6, ,12, , , , , , , , , ,6,6, , , ,2,4,6, , , , , , , , , , , ,1, , , ,3177493,30216,13, ,28174, , , , ,30471,619213377536,15,15,15,15, , , , , , , , , , , , , , , , , , , , , , , , , , , , , , , , ,30471,1766844045856,,, , , , , , , , , ,3145728,30442,129,129,48,129, , , , , , , , ,3,3, , ,1, , , , , , , , , , , , , , , , , , , ,207292096,1, , , , , , ,12, , , , , , , , , , , , , , , , , , , , , , , , , , , , , , , , , ,12, , , , , , , , , , , 
2025-12-27 14:03:45.970 UTC, , , , , , , , , ,125,3177493,30968,672, ,6, ,12, , , , , , , , , ,6,6, , , ,2,4,6, , , , , , , , , , , ,1, , , ,3177493,30216,13, ,28174, , , , ,30471,619053592576,15,15,15,15, , , , , , , , , , , , , , , , , , , , , , , , , , , , , , , , ,30471,1766844045856,,, , , , , , , , , ,3145728,30442,1,1,0,1, , , , , , , , ,3,3, , ,1, , , , , , , , , , , , , , , , , , , ,207292096, , , , , , , ,12, , , , , , , , , , , , , , , , , , , , , , , , , , , , , , , , , ,12, , , , , , , , , , , 
2025-12-27 14:04:45.970 UTC, , , , , , , , , ,125,3177493,30968,672, ,6, ,12, , , , , , , , , ,6,6, , , ,2,4,6, , , , , , , , , , , ,1, , , ,3177493,30216,13, ,28174, , , , ,30471,619053588480,15,15,15,15, , , , , , , , , , , , , , , , , , , , , , , , , , , , , , , , ,30471,1766844045856,,, , , , , , , , , ,3145728,30442,1,1,0,1, , , , , , , , ,3,3, , ,1, , , , , , , , , , , , , , , , , , , ,207292096, , , , , , , ,12, , , , , , , , , , , , , , , , , , , , , , , , , , , , , , , , , ,12, , , , , , , , , , , 
2025-12-27 14:05:45.970 UTC, , , , , , , , , ,125,3177493,30968,672, ,6, ,12, , , , , , , , , ,6,6, , , ,2,4,6, , , , , , , , , , , ,1, , , ,3177493,30216,13, ,28174, , , , ,30471,619053588480,15,15,15,15, , , , , , , , , , , , , , , , , , , , , , , , , , , , , , , , ,30471,1766844045856,,, , , , , , , , , ,3145728,30442,18,18,6,18, , , , , , , , ,3,3, , ,1, , , , , , , , , , , , , , , , , , , ,207292096, , , , , , , ,12, , , , , , , , , , , , , , , , , , , , , , , , , , , , , , , , , ,12, , , , , , , , , , , 
2025-12-27 14:06:45.971 UTC, , , , , , , , , ,125,3177493,30968,672, ,6, ,12, , , , , , , , , ,6,6, , , ,2,4,6, , , , , , , , , , , ,1, , , ,3177493,30216,13, ,28174, , , , ,30471,619053588480,15,15,15,15, , , , , , , , , , , , , , , , , , , , , , , , , , , , , , , , ,30471,1766844045856,,, , , , , , , , , ,3145728,30442,1,1,1,1, , , , , , , , ,3,3, , ,1, , , , , , , , , , , , , , , , , , , ,207292096,1, , , , , , ,12, , , , , , , , , , , , , , , , , , , , , , , , , , , , , , , , , ,12, , , , , , , , , , , 
2025-12-27 14:07:45.972 UTC, , , , , , , , , ,125,3177493,30968,672, ,6, ,12, , , , , , , , , ,6,6, , , ,2,4,6, , , , , , , , , , , ,1, , , ,3177493,30216,13, ,28174, , , , ,30471,619053588480,15,15,15,15, , , , , , , , , , , , , , , , , , , , , , , , , , , , , , , , ,30471,1766844045856,,, , , , , , , , , ,3145728,30442,1,1,0,1, , , , , , , , ,3,3, , ,1, , , , , , , , , , , , , , , , , , , ,207292096,1, , , , , , ,12, , , , , , , , , , , , , , , , , , , , , , , , , , , , , , , , , ,12, , , , , , , , , , , 
2025-12-27 14:08:45.972 UTC, , , , , , , , , ,125,3177493,30968,672, ,6, ,12, , , , , , , , , ,6,6, , , ,2,4,6, , , , , , , , , , , ,1, , , ,3177493,30216,13, ,28174, , , , ,30471,619053588480,15,15,15,15, , , , , , , , , , , , , , , , , , , , , , , , , , , , , , , , ,30471,1766844045856,,, , , , , , , , , ,3145728,30442,1,1,1,1, , , , , , , , ,3,3, , ,1, , , , , , , , , , , , , , , , , , , ,209389248,1, , , , , , ,12, , , , , , , , , , , , , , , , , , , , , , , , , , , , , , , , , ,12, , , , , , , , , , , 
2025-12-27 14:09:45.973 UTC, , , , , , , , , ,125,3177493,30968,672, ,6, ,12, , , , , , , , , ,6,6, , , ,2,4,6, , , , , , , , , , , ,1, , , ,3177493,30216,13, ,28174, , , , ,30471,619053588480,15,15,15,15, , , , , , , , , , , , , , , , , , , , , , , , , , , , , , , , ,30471,1766844045856,,, , , , , , , , , ,3145728,30442,0,0,0,0, , , , , , , , ,3,3, , ,1, , , , , , , , , , , , , , , , , , , ,209389248,1, , , , , , ,12, , , , , , , , , , , , , , , , , , , , , , , , , , , , , , , , , ,12, , , , , , , , , , , 
2025-12-27 14:10:45.974 UTC, , , , , , , , , ,125,3177493,30968,672, ,6, ,12, , , , , , , , , ,6,6, , , ,2,4,6, , , , , , , , , , , ,1, , , ,3177493,30216,13, ,28174, , , , ,30471,619053588480,15,15,15,15, , , , , , , , , , , , , , , , , , , , , , , , , , , , , , , , ,30471,1766844045856,,, , , , , , , , , ,3145728,30442,1,1,0,1, , , , , , , , ,3,3, , ,1, , , , , , , , , , , , , , , , , , , ,209389248,1, , , , , , ,12, , , , , , , , , , , , , , , , , , , , , , , , , , , , , , , , , ,12, , , , , , , , , , , 
2025-12-27 14:11:45.976 UTC, , , , , , , , , ,125,3180797,34272,672, ,7, ,29,1,0.03, , , , , , , ,7,7, , , ,2,5,7, , , , , , , , , , , ,1, , , ,3180797,30216,13, ,28174, , , , ,30471,619053588480,15,15,15,15, , , , , , , , , , , , , , , , , , , , , , , , , , , , , , , , ,30471,1766844045856,,, , , , , , , , , ,3145728,30932,42,42,19,42, , ,2,5,5, ,5, ,3,8, ,2,1, , , , , , , ,4096,2,490,5, , , , , , ,1,8,83295072,1, , , , , , ,34, , , , , , , , , , , , , , , , , , , , , , , , , , , , , , ,5, ,9,20,16, , , , , , , , , , 
2025-12-27 14:12:45.981 UTC, , , , , , , , , ,125,3180797,34272,672, ,7, ,12, , , , , , , , , ,7,7, , , ,2,5,7, , , , , , , , , , , ,1, , , ,3180797,30216,13, ,28174, , , , ,30961,619053584384,14,14,14,14, , , , , , , , , , , , , , , , , , , , , , , , , , , , , , , , ,30961,1766844045856,,, , , , , , , , , ,3145728,30932,1,1,0,1, , , , , , , , ,3,3, , ,1, , , , , , , , , , , , , , , , , , , ,85392224,1, , , , , , ,12, , , , , , , , , , , , , , , , , , , , , , , , , , , , , , , , , ,12,2, , , , , , , , , , 
2025-12-27 14:13:45.983 UTC, , , , , , , , , ,125,3180797,34272,672, ,7, ,12, , , , , , , , , ,7,7, , , ,2,5,7, , , , , , , , , , , ,1, , , ,3180797,30216,13, ,28174, , , , ,30961,619053584384,14,14,14,14, , , , , , , , , , , , , , , , , , , , , , , , , , , , , , , , ,30961,1766844045856,,, , , , , , , , , ,3145728,30932,1,1,0,1, , , , , , , , ,3,3, , ,1, , , , , , , , , , , , , , , , , , , ,85392224,1, , , , , , ,12, , , , , , , , , , , , , , , , , , , , , , , , , , , , , , , , , ,12, , , , , , , , , , , 
2025-12-27 14:14:45.984 UTC, , , , , , , , , ,125,3180797,34272,672, ,7, ,12, , , , , , , , , ,7,7, , , ,2,5,7, , , , , , , , , , , ,1, , , ,3180797,30216,13, ,28174, , , , ,30961,619053584384,14,14,14,14, , , , , , , , , , , , , , , , , , , , , , , , , , , , , , , , ,30961,1766844045856,,, , , , , , , , , ,3145728,30932,3,3,1,3, , , , , , , , ,3,3, , ,1, , , , , , , , , , , , , , , , , , , ,85392224,1, , , , , , ,12, , , , , , , , , , , , , , , , , , , , , , , , , , , , , , , , , ,12, , , , , , , , , , , 
2025-12-27 14:15:45.984 UTC, , , , , , , , , ,125,3180797,34272,672, ,7, ,12, , , , , , , , , ,7,7, , , ,2,5,7, , , , , , , , , , , ,1, , , ,3180797,30216,13, ,28174, , , , ,30961,619053584384,14,14,14,14, , , , , , , , , , , , , , , , , , , , , , , , , , , , , , , , ,30961,1766844045856,,, , , , , , , , , ,3145728,30932,1,1,0,1, , , , , , , , ,3,3, , ,1, , , , , , , , , , , , , , , , , , , ,85392224,1, , , , , , ,12, , , , , , , , , , , , , , , , , , , , , , , , , , , , , , , , , ,12, , , , , , , , , , , 
2025-12-27 14:16:45.984 UTC, , , , , , , , , ,125,3180797,34272,672, ,7, ,12, , , , , , , , , ,7,7, , , ,2,5,7, , , , , , , , , , , ,1, , , ,3180797,30216,13, ,28174, , , , ,30961,619053584384,14,14,14,14, , , , , , , , , , , , , , , , , , , , , , , , , , , , , , , , ,30961,1766844045856,,, , , , , , , , , ,3145728,30932,1,1,0,1, , , , , , , , ,3,3, , ,1, , , , , , , , , , , , , , , , , , , ,87489376,1, , , , , , ,12, , , , , , , , , , , , , , , , , , , , , , , , , , , , , , , , , ,12, , , , , , , , , , , 
2025-12-27 14:17:45.984 UTC, , , , , , , , , ,125,3180797,34272,672, ,7, ,12, , , , , , , , , ,7,7, , , ,2,5,7, , , , , , , , , , , ,1, , , ,3180797,30216,13, ,28174, , , , ,30961,619053584384,14,14,14,14, , , , , , , , , , , , , , , , , , , , , , , , , , , , , , , , ,30961,1766844045856,,, , , , , , , , , ,3145728,30932,1,1,0,1, , , , , , , , ,3,3, , ,1, , , , , , , , , , , , , , , , , , , ,87489376,1, , , , , , ,12, , , , , , , , , , , , , , , , , , , , , , , , , , , , , , , , , ,12, , , , , , , , , , , 
2025-12-27 14:18:45.986 UTC, , , , , , , , , ,125,3180797,34272,672, ,7, ,12, , , , , , , , , ,7,7, , , ,2,5,7, , , , , , , , , , , ,1, , , ,3180797,30216,13, ,28174, , , , ,30961,619053584384,14,14,14,14, , , , , , , , , , , , , , , , , , , , , , , , , , , , , , , , ,30961,1766844045856,,, , , , , , , , , ,3145728,30932,2,2,1,2, , , , , , , , ,3,3, , ,1, , , , , , , , , , , , , , , , , , , ,87489376, , , , , , , ,12, , , , , , , , , , , , , , , , , , , , , , , , , , , , , , , , , ,12, , , , , , , , , , , 
2025-12-27 14:19:45.988 UTC, , , , , , , , , ,125,3180797,34272,672, ,7, ,12, , , , , , , , , ,7,7, , , ,2,5,7, , , , , , , , , , , ,1, , , ,3180797,30216,13, ,28174, , , , ,30961,619053584384,14,14,14,14, , , , , , , , , , , , , , , , , , , , , , , , , , , , , , , , ,30961,1766844045856,,, , , , , , , , , ,3145728,30932,6,6,2,6, , , , , , , , ,3,3, , ,1, , , , , , , , , , , , , , , , , , , ,87489376,1, , , , , , ,12, , , , , , , , , , , , , , , , , , , , , , , , , , , , , , , , , ,12, , , , , , , , , , , 
2025-12-27 14:20:45.990 UTC, , , , , , , , , ,125,3180797,34272,672, ,7, ,12, , , , , , , , , ,7,7, , , ,2,5,7, , , , , , , , , , , ,1, , , ,3180797,30216,13, ,28174, , , , ,30961,619053580288,14,14,14,14, , , , , , , , , , , , , , , , , , , , , , , , , , , , , , , , ,30961,1766844045856,,, , , , , , , , , ,3145728,30932,1,1,1,1, , , , , , , , ,3,3, , ,1, , , , , , , , , , , , , , , , , , , ,87489376,1, , , , , , ,12, , , , , , , , , , , , , , , , , , , , , , , , , , , , , , , , , ,12, , , , , , , , , , , 
2025-12-27 14:21:45.994 UTC, , , , , , , , , ,125,3180797,34272,672, ,7, ,12, , , , , , , , , ,7,7, , , ,2,5,7, , , , , , , , , , , ,1, , , ,3180797,30216,13, ,28174, , , , ,30961,619053580288,14,14,14,14, , , , , , , , , , , , , , , , , , , , , , , , , , , , , , , , ,30961,1766844045856,,, , , , , , , , , ,3145728,30932,20,20,7,20, , , , , , , , ,3,3, , ,1, , , , , , , , , , , , , , , , , , , ,87489376, , , , , , , ,12, , , , , , , , , , , , , , , , , , , , , , , , , , , , , , , , , ,12, , , , , , , , , , , 
2025-12-27 14:22:45.998 UTC, , , , , , , , , ,125,3180797,34272,672, ,7, ,12, , , , , , , , , ,7,7, , , ,2,5,7, , , , , , , , , , , ,1, , , ,3180797,30216,13, ,28174, , , , ,30961,619053580288,14,14,14,14, , , , , , , , , , , , , , , , , , , , , , , , , , , , , , , , ,30961,1766844045856,,, , , , , , , , , ,3145728,30932,31,31,11,31, , , , , , , , ,3,3, , ,1, , , , , , , , , , , , , , , , , , , ,89586528, , , , , , , ,12, , , , , , , , , , , , , , , , , , , , , , , , , , , , , , , , , ,12, , , , , , , , , , , 
2025-12-27 14:23:46.002 UTC, , , , , , , , , ,125,3180797,34272,672, ,7, ,12, , , , , , , , , ,7,7, , , ,2,5,7, , , , , , , , , , , ,1, , , ,3180797,30216,13, ,28174, , , , ,30961,619053580288,14,14,14,14, , , , , , , , , , , , , , , , , , , , , , , , , , , , , , , , ,30961,1766844045856,,, , , , , , , , , ,3145728,30932,1,1,1,1, , , , , , , , ,3,3, , ,1, , , , , , , , , , , , , , , , , , , ,89586528, , , , , , , ,12, , , , , , , , , , , , , , , , , , , , , , , , , , , , , , , , , ,12, , , , , , , , , , , 
2025-12-27 14:24:46.002 UTC, , , , , , , , , ,125,3180797,34272,672, ,7, ,12, , , , , , , , , ,7,7, , , ,2,5,7, , , , , , , , , , , ,1, , , ,3180797,30216,13, ,28174, , , , ,30961,619053580288,14,14,14,14, , , , , , , , , , , , , , , , , , , , , , , , , , , , , , , , ,30961,1766844045856,,, , , , , , , , , ,3145728,30932,5,5,2,5, , , , , , , , ,3,3, , ,1, , , , , , , , , , , , , , , , , , , ,89586528, , , , , , , ,12, , , , , , , , , , , , , , , , , , , , , , , , , , , , , , , , , ,12, , , , , , , , , , , 
2025-12-27 14:25:46.003 UTC, , , , , , , , , ,125,3180797,34272,672, ,7, ,12, , , , , , , , , ,7,7, , , ,2,5,7, , , , , , , , , , , ,1, , , ,3180797,30216,13, ,28174, , , , ,30961,619053580288,14,14,14,14, , , , , , , , , , , , , , , , , , , , , , , , , , , , , , , , ,30961,1766844045856,,, , , , , , , , , ,3145728,30932,1,1,0,1, , , , , , , , ,3,3, , ,1, , , , , , , , , , , , , , , , , , , ,89586528, , , , , , , ,12, , , , , , , , , , , , , , , , , , , , , , , , , , , , , , , , , ,12, , , , , , , , , , , 
2025-12-27 14:26:46.006 UTC, , , , , , , , , ,125,3180797,34272,672, ,7, ,12, , , , , , , , , ,7,7, , , ,2,5,7, , , , , , , , , , , ,1, , , ,3180797,30216,13, ,28174, , , , ,30961,619053580288,14,14,14,14, , , , , , , , , , , , , , , , , , , , , , , , , , , , , , , , ,30961,1766844045856,,, , , , , , , , , ,3145728,30932,1,1,1,1, , , , , , , , ,3,3, , ,1, , , , , , , , , , , , , , , , , , , ,89586528,1, , , , , , ,12, , , , , , , , , , , , , , , , , , , , , , , , , , , , , , , , , ,12, , , , , , , , , , , 
2025-12-27 14:27:46.007 UTC, , , , , , , , , ,125,3180797,34272,672, ,7, ,12, , , , , , , , , ,7,7, , , ,2,5,7, , , , , , , , , , , ,1, , , ,3180797,30216,13, ,28174, , , , ,30961,619053580288,14,14,14,14, , , , , , , , , , , , , , , , , , , , , , , , , , , , , , , , ,30961,1766844045856,,, , , , , , , , , ,3145728,30932,0,0,0,0, , , , , , , , ,3,3, , ,1, , , , , , , , , , , , , , , , , , , ,89586528,1, , , , , , ,12, , , , , , , , , , , , , , , , , , , , , , , , , , , , , , , , , ,12, , , , , , , , , , , 
2025-12-27 14:28:46.009 UTC, , , , , , , , , ,125,3180797,34272,672, ,7, ,12, , , , , , , , , ,7,7, , , ,2,5,7, , , , , , , , , , , ,1, , , ,3180797,30216,13, ,28174, , , , ,30961,619053576192,14,14,14,14, , , , , , , , , , , , , , , , , , , , , , , , , , , , , , , , ,30961,1766844045856,,, , , , , , , , , ,3145728,30932,0,0,0,0, , , , , , , , ,3,3, , ,1, , , , , , , , , , , , , , , , , , , ,89586528,1, , , , , , ,12, , , , , , , , , , , , , , , , , , , , , , , , , , , , , , , , , ,12, , , , , , , , , , , 
2025-12-27 14:29:46.010 UTC, , , , , , , , , ,125,3180797,34272,672, ,7, ,12, , , , , , , , , ,7,7, , , ,2,5,7, , , , , , , , , , , ,1, , , ,3180797,30216,13, ,28174, , , , ,30961,619053576192,14,14,14,14, , , , , , , , , , , , , , , , , , , , , , , , , , , , , , , , ,30961,1766844045856,,, , , , , , , , , ,3145728,30932,1,1,0,1, , , , , , , , ,3,3, , ,1, , , , , , , , , , , , , , , , , , , ,91683680,1, , , , , , ,12, , , , , , , , , , , , , , , , , , , , , , , , , , , , , , , , , ,12, , , , , , , , , , , 
2025-12-27 14:30:46.011 UTC, , , , , , , , , ,125,3180797,34272,672, ,7, ,12, , , , , , , , , ,7,7, , , ,2,5,7, , , , , , , , , , , ,1, , , ,3180797,30216,13, ,28174, , , , ,30961,619053576192,14,14,14,14, , , , , , , , , , , , , , , , , , , , , , , , , , , , , , , , ,30961,1766844045856,,, , , , , , , , , ,3145728,30932,0,0,0,0, , , , , , , , ,3,3, , ,1, , , , , , , , , , , , , , , , , , , ,91683680,1, , , , , , ,12, , , , , , , , , , , , , , , , , , , , , , , , , , , , , , , , , ,12, , , , , , , , , , , 
2025-12-27 14:31:46.014 UTC, , , , , , , , , ,125,3180797,34272,672, ,7, ,12, , , , , , , , , ,7,7, , , ,2,5,7, , , , , , , , , , , ,1, , , ,3180797,30216,13, ,28174, , , , ,30961,619053576192,14,14,14,14, , , , , , , , , , , , , , , , , , , , , , , , , , , , , , , , ,30961,1766844045856,,, , , , , , , , , ,3145728,30932,16,16,5,16, , , , , , , , ,3,3, , ,1, , , , , , , , , , , , , , , , , , , ,91683680,2, , , , , , ,12, , , , , , , , , , , , , , , , , , , , , , , , , , , , , , , , , ,12, , , , , , , , , , , 
2025-12-27 14:32:46.015 UTC, , , , , , , , , ,125,3180797,34272,672, ,7, ,12, , , , , , , , , ,7,7, , , ,2,5,7, , , , , , , , , , , ,1, , , ,3180797,30216,13, ,28174, , , , ,30961,619053576192,14,14,14,14, , , , , , , , , , , , , , , , , , , , , , , , , , , , , , , , ,30961,1766844045856,,, , , , , , , , , ,3145728,30932,6,6,2,6, , , , , , , , ,3,3, , ,1, , , , , , , , , , , , , , , , , , , ,91683680,1, , , , , , ,12, , , , , , , , , , , , , , , , , , , , , , , , , , , , , , , , , ,12, , , , , , , , , , , 
2025-12-27 14:33:46.016 UTC, , , , , , , , , ,125,3180797,34272,672, ,7, ,12, , , , , , , , , ,7,7, , , ,2,5,7, , , , , , , , , , , ,1, , , ,3180797,30216,13, ,28174, , , , ,30961,619053576192,14,14,14,14, , , , , , , , , , , , , , , , , , , , , , , , , , , , , , , , ,30961,1766844045856,,, , , , , , , , , ,3145728,30932,1,1,0,1, , , , , , , , ,3,3, , ,1, , , , , , , , , , , , , , , , , , , ,91683680,1, , , , , , ,12, , , , , , , , , , , , , , , , , , , , , , , , , , , , , , , , , ,12, , , , , , , , , , , 
2025-12-27 14:34:46.018 UTC, , , , , , , , , ,125,3180797,34272,672, ,7, ,12, , , , , , , , , ,7,7, , , ,2,5,7, , , , , , , , , , , ,1, , , ,3180797,30216,13, ,28174, , , , ,30961,619053576192,14,14,14,14, , , , , , , , , , , , , , , , , , , , , , , , , , , , , , , , ,30961,1766844045856,,, , , , , , , , , ,3145728,30932,1,1,0,1, , , , , , , , ,3,3, , ,1, , , , , , , , , , , , , , , , , , , ,91683680,1, , , , , , ,12, , , , , , , , , , , , , , , , , , , , , , , , , , , , , , , , , ,12, , , , , , , , , , , 
2025-12-27 14:35:46.020 UTC, , , , , , , , , ,125,3180797,34272,672, ,7, ,18, , , , , , , , , ,7,7, , , ,2,5,7, , , , , , , , , , , ,1, , , ,3180797,30216,13, ,28174, , , , ,31157,619053576192,14,14,14,14, , , , , , , , , , , , , , , , , , , , , , , , , , , , , , , , ,31157,1766844045856,,, , , , , , , , , ,3145728,31128,28,28,10,28, , , ,2,2, ,2, ,3,5, , ,1, , , , , , , , , ,196,2, , , , , , , , ,95877984,1, , , , , , ,20, , , , , , , , , , , , , , , , , , , , , , , , , , , , , , ,2, ,2,16,14, , , , , , , , , , 
2025-12-27 14:36:46.022 UTC, , , , , , , , , ,125,3180797,34272,672, ,7, ,12, , , , , , , , , ,7,7, , , ,2,5,7, , , , , , , , , , , ,1, , , ,3180797,30216,13, ,28174, , , , ,31157,619053572096,14,14,14,14, , , , , , , , , , , , , , , , , , , , , , , , , , , , , , , , ,31157,1766844045856,,, , , , , , , , , ,3145728,31128,1,1,0,1, , , , , , , , ,3,3, , ,1, , , , , , , , , , , , , , , , , , , ,95877984,1, , , , , , ,12, , , , , , , , , , , , , , , , , , , , , , , , , , , , , , , , , ,12, , , , , , , , , , , 
2025-12-27 14:37:46.024 UTC, , , , , , , , , ,125,3180797,34272,672, ,7, ,12, , , , , , , , , ,7,7, , , ,2,5,7, , , , , , , , , , , ,1, , , ,3180797,30216,13, ,28174, , , , ,31157,619053572096,14,14,14,14, , , , , , , , , , , , , , , , , , , , , , , , , , , , , , , , ,31157,1766844045856,,, , , , , , , , , ,3145728,31128,45,45,15,45, , , , , , , , ,3,3, , ,1, , , , , , , , , , , , , , , , , , , ,97975136,1, , , , , , ,12, , , , , , , , , , , , , , , , , , , , , , , , , , , , , , , , , ,12, , , , , , , , , , , 
2025-12-27 14:38:46.026 UTC, , , , , , , , , ,125,3180797,34272,672, ,7, ,12, , , , , , , , , ,7,7, , , ,2,5,7, , , , , , , , , , , ,1, , , ,3180797,30216,13, ,28174, , , , ,31157,619053572096,14,14,14,14, , , , , , , , , , , , , , , , , , , , , , , , , , , , , , , , ,31157,1766844045856,,, , , , , , , , , ,3145728,31128,1,1,0,1, , , , , , , , ,3,3, , ,1, , , , , , , , , , , , , , , , , , , ,97975136,1, , , , , , ,12, , , , , , , , , , , , , , , , , , , , , , , , , , , , , , , , , ,12, , , , , , , , , , , 
2025-12-27 14:39:46.032 UTC, , , , , , , , , ,125,3180797,34272,672, ,7, ,12, , , , , , , , , ,7,7, , , ,2,5,7, , , , , , , , , , , ,1, , , ,3180797,30216,13, ,28174, , , , ,31157,619053572096,14,14,14,14, , , , , , , , , , , , , , , , , , , , , , , , , , , , , , , , ,31157,1766844045856,,, , , , , , , , , ,3145728,31128,1,1,1,1, , , , , , , , ,3,3, , ,1, , , , , , , , , , , , , , , , , , , ,97975136,1, , , , , , ,12, , , , , , , , , , , , , , , , , , , , , , , , , , , , , , , , , ,12, , , , , , , , , , , 
2025-12-27 14:40:46.046 UTC, , , , , , , , , ,125,3180797,34272,672, ,7, ,12, , , , , , , , , ,7,7, , , ,2,5,7, , , , , , , , , , , ,1, , , ,3180797,30216,13, ,28174, , , , ,31157,619053572096,14,14,14,14, , , , , , , , , , , , , , , , , , , , , , , , , , , , , , , , ,31157,1766844045856,,, , , , , , , , , ,3145728,31128,1,1,0,1, , , , , , , , ,3,3, , ,1, , , , , , , , , , , , , , , , , , , ,97975136,1, , , , , , ,12, , , , , , , , , , , , , , , , , , , , , , , , , , , , , , , , , ,12, , , , , , , , , , , 
2025-12-27 14:41:46.049 UTC, , , , , , , , , ,125,3180797,34272,672, ,7, ,12, , , , , , , , , ,7,7, , , ,2,5,7, , , , , , , , , , , ,1, , , ,3180797,30216,13, ,28174, , , , ,31157,619053572096,14,14,14,14, , , , , , , , , , , , , , , , , , , , , , , , , , , , , , , , ,31157,1766844045856,,, , , , , , , , , ,3145728,31128,3,3,1,3, , , , , , , , ,3,3, , ,1, , , , , , , , , , , , , , , , , , , ,97975136,1, , , , , , ,12, , , , , , , , , , , , , , , , , , , , , , , , , , , , , , , , , ,12, , , , , , , , , , , 
2025-12-27 14:42:46.051 UTC, , , , , , , , , ,125,3180797,34272,672, ,7, ,12, , , , , , , , , ,7,7, , , ,2,5,7, , , , , , , , , , , ,1, , , ,3180797,30216,13, ,28174, , , , ,31157,619053572096,14,14,14,14, , , , , , , , , , , , , , , , , , , , , , , , , , , , , , , , ,31157,1766844045856,,, , , , , , , , , ,3145728,31128,1,1,0,1, , , , , , , , ,3,3, , ,1, , , , , , , , , , , , , , , , , , , ,100072288,1, , , , , , ,12, , , , , , , , , , , , , , , , , , , , , , , , , , , , , , , , , ,12, , , , , , , , , , , 
2025-12-27 14:43:46.052 UTC, , , , , , , , , ,125,3188925,42400,672, ,9, ,90, , , , , , , , , ,9,9, , , ,2,6,10, ,10, , , , , , , , , ,1, , , ,3188925,30216,13, ,28174, , , , ,31157,619053572096,14,14,14,14, , , , , , , , , , , , , , , , , , , , , , , , , , , , , , , , ,31157,1766844045856,,, , , , , , , , , ,3145728,33943,45,45,18,45, , , ,3,3, ,3, ,3,6, , ,1, , , , , , , , , ,2815,3, , , , , , , , ,112655200,1, , , , , , ,200, , , , , , , , , , , , , , , , , , , , , , , , , , , , , , ,54, ,116,30,12, , , , , , , , , , 
2025-12-27 14:44:46.054 UTC, , , , , , , , , ,125,3188925,42400,672, ,9, ,17, , , , , , , , , ,9,9, , , ,2,6,10, ,5, , , , , , , , , ,1, , , ,3188925,30216,13, ,28174, , , , ,33972,619053563904,15,15,15,15, , , , , , , , , , , , , , , , , , , , , , , , , , , , , , , , ,33972,1766844045856,,, , , , , , , , , ,3145728,33943,1,1,0,1, , , , , , , , ,3,3, , ,1, , , , , , , , , , , , , , , , , , , ,114752352, , , , , , , ,61, , , , , , , , , , , , , , , , , , , , , , , , , , , , , , , , ,46,15, , , , , , , , , , , 
2025-12-27 14:45:46.056 UTC, , , , , , , , , ,125,3188925,42400,672, ,9, ,12, , , , , , , , , ,9,9, , , ,2,6,10, , , , , , , , , , , ,1, , , ,3188925,30216,13, ,28174, , , , ,33972,619053563904,15,15,15,15, , , , , , , , , , , , , , , , , , , , , , , , , , , , , , , , ,33972,1766844045856,,, , , , , , , , , ,3145728,33943,1,1,1,1, , , , , , , , ,3,3, , ,1, , , , , , , , , , , , , , , , , , , ,114752352, , , , , , , ,12, , , , , , , , , , , , , , , , , , , , , , , , , , , , , , , , , ,12, , , , , , , , , , , 
2025-12-27 14:46:46.058 UTC, , , , , , , , , ,125,3188925,42400,672, ,9, ,12, , , , , , , , , ,9,9, , , ,2,6,10, , , , , , , , , , , ,1, , , ,3188925,30216,13, ,28174, , , , ,33972,619053563904,15,15,15,15, , , , , , , , , , , , , , , , , , , , , , , , , , , , , , , , ,33972,1766844045856,,, , , , , , , , , ,3145728,33943,1,1,0,1, , , , , , , , ,3,3, , ,1, , , , , , , , , , , , , , , , , , , ,114752352,2, , , , , , ,12, , , , , , , , , , , , , , , , , , , , , , , , , , , , , , , , , ,12, , , , , , , , , , , 
2025-12-27 14:47:46.060 UTC, , , , , , , , , ,125,3188925,42400,672, ,9, ,12, , , , , , , , , ,9,9, , , ,2,6,10, , , , , , , , , , , ,1, , , ,3188925,30216,13, ,28174, , , , ,33972,619053563904,15,15,15,15, , , , , , , , , , , , , , , , , , , , , , , , , , , , , , , , ,33972,1766844045856,,, , , , , , , , , ,3145728,33943,1,1,0,1, , , , , , , , ,3,3, , ,1, , , , , , , , , , , , , , , , , , , ,114752352,1, , , , , , ,12, , , , , , , , , , , , , , , , , , , , , , , , , , , , , , , , , ,12, , , , , , , , , , , 
2025-12-27 14:48:46.063 UTC, , , , , , , , , ,125,3188925,42400,672, ,9, ,12, , , , , , , , , ,9,9, , , ,2,6,10, , , , , , , , , , , ,1, , , ,3188925,30216,13, ,28174, , , , ,33972,619053563904,15,15,15,15, , , , , , , , , , , , , , , , , , , , , , , , , , , , , , , , ,33972,1766844045856,,, , , , , , , , , ,3145728,33943,0,0,0,0, , , , , , , , ,3,3, , ,1, , , , , , , , , , , , , , , , , , , ,114752352,1, , , , , , ,12, , , , , , , , , , , , , , , , , , , , , , , , , , , , , , , , , ,12, , , , , , , , , , , 
2025-12-27 14:49:46.065 UTC, , , , , , , , , ,125,3188925,42400,672, ,9, ,12, , , , , , , , , ,9,9, , , ,2,6,10, , , , , , , , , , , ,1, , , ,3188925,30216,13, ,28174, , , , ,33972,619053563904,15,15,15,15, , , , , , , , , , , , , , , , , , , , , , , , , , , , , , , , ,33972,1766844045856,,, , , , , , , , , ,3145728,33943,7,7,3,7, , , , , , , , ,3,3, , ,1, , , , , , , , , , , , , , , , , , , ,114752352,2, , , , , , ,12, , , , , , , , , , , , , , , , , , , , , , , , , , , , , , , , , ,12, , , , , , , , , , , 
2025-12-27 14:50:46.066 UTC, , , , , , , , , ,125,3188925,42400,672, ,9, ,51, , , , , , , , , ,9,9, , , ,2,6,9, ,35, , , , , , , , , ,1, , , ,3188925,30216,13, ,28174, , , , ,34271,619053563904,15,15,15,15, , , , , , , , , , , , , , , , , , , , , , , , , , , , , , , , ,34271,1766844045856,,, , , , , , , , , ,3145728,34242,23,23,5,23, , , ,1,1, ,1, ,3,4, , ,1, , , , , , , , , ,299,1, , , , , , , , ,116849504,1, , , , , , ,261, , , , , , , , , , , , , , , , , , , , , , , , , , , , , , ,5, ,218,38, , , , , , , , , , , 
2025-12-27 14:51:46.068 UTC, , , , , , , , , ,125,3188925,42400,672, ,9, ,12, , , , , , , , , ,9,9, , , ,2,6,9, , , , , , , , , , , ,1, , , ,3188925,30216,13, ,28174, , , , ,34271,619053563904,15,15,15,15, , , , , , , , , , , , , , , , , , , , , , , , , , , , , , , , ,34271,1766844045856,,, , , , , , , , , ,3145728,34242,1,1,0,1, , , , , , , , ,3,3, , ,1, , , , , , , , , , , , , , , , , , , ,116849504, , , , , , , ,12, , , , , , , , , , , , , , , , , , , , , , , , , , , , , , , , , ,12, , , , , , , , , , , 
2025-12-27 14:52:46.069 UTC, , , , , , , , , ,125,3188925,42400,672, ,9, ,12, , , , , , , , , ,9,9, , , ,2,6,9, , , , , , , , , , , ,1, , , ,3188925,30216,13, ,28174, , , , ,34271,619053559808,15,15,15,15, , , , , , , , , , , , , , , , , , , , , , , , , , , , , , , , ,34271,1766844045856,,, , , , , , , , , ,3145728,34242,1,1,0,1, , , , , , , , ,3,3, , ,1, , , , , , , , , , , , , , , , , , , ,116849504,1, , , , , , ,12, , , , , , , , , , , , , , , , , , , , , , , , , , , , , , , , , ,12, , , , , , , , , , , 
2025-12-27 14:53:46.071 UTC, , , , , , , , , ,125,3188925,42400,672, ,9, ,12, , , , , , , , , ,9,9, , , ,2,6,9, , , , , , , , , , , ,1, , , ,3188925,30216,13, ,28174, , , , ,34271,619053559808,15,15,15,15, , , , , , , , , , , , , , , , , , , , , , , , , , , , , , , , ,34271,1766844045856,,, , , , , , , , , ,3145728,34242,1,1,1,1, , , , , , , , ,3,3, , ,1, , , , , , , , , , , , , , , , , , , ,116849504, , , , , , , ,12, , , , , , , , , , , , , , , , , , , , , , , , , , , , , , , , , ,12, , , , , , , , , , , 
2025-12-27 14:54:46.071 UTC, , , , , , , , , ,125,3188925,42400,672, ,9, ,12, , , , , , , , , ,9,9, , , ,2,6,9, , , , , , , , , , , ,1, , , ,3188925,30216,13, ,28174, , , , ,34271,619053559808,15,15,15,15, , , , , , , , , , , , , , , , , , , , , , , , , , , , , , , , ,34271,1766844045856,,, , , , , , , , , ,3145728,34242,4,4,1,4, , , , , , , , ,3,3, , ,1, , , , , , , , , , , , , , , , , , , ,116849504,1, , , , , , ,12, , , , , , , , , , , , , , , , , , , , , , , , , , , , , , , , , ,12, , , , , , , , , , , 
2025-12-27 14:55:46.073 UTC, , , , , , , , , ,125,3188925,42400,672, ,9, ,12, , , , , , , , , ,9,9, , , ,2,6,9, , , , , , , , , , , ,1, , , ,3188925,30216,13, ,28174, , , , ,34271,619053559808,15,15,15,15, , , , , , , , , , , , , , , , , , , , , , , , , , , , , , , , ,34271,1766844045856,,, , , , , , , , , ,3145728,34242,1,1,0,1, , , , , , , , ,3,3, , ,1, , , , , , , , , , , , , , , , , , , ,116849504,1, , , , , , ,12, , , , , , , , , , , , , , , , , , , , , , , , , , , , , , , , , ,12, , , , , , , , , , , 
2025-12-27 14:56:46.078 UTC, , , , , , , , , ,125,3189941,43416,672, ,9, ,70, , , , , , , , , ,9,9, , , ,2,6,9, ,70, , , , , , , , , ,1, , , ,3189941,30216,13, ,28174, , , , ,34271,619053559808,15,15,15,15, , , , , , , , , , , , , , , , , , , , , , , , , , , , , , , , ,34271,1766844045856,,, , , , , , , , , ,3145728,34737,27,27,12,27, , , ,3,3, ,3, ,3,6, , ,1, , , , , , , , , ,495,3, , , , , , ,1,95,107194192,1, , , , , , ,367, , , , , , , , , , , , , , , , , , , , , , , , , , , , , , ,7, ,311,49,2, , , , , , , , , , 
2025-12-27 14:57:46.079 UTC, , , , , , , , , ,125,3189941,43416,672, ,9, ,68, , , , , , , , , ,9,9, , , ,2,6,9, ,90, , , , , , , , , ,1, , , ,3189941,30216,13, ,28174, , , , ,34766,619053559808,15,15,15,15, , , , , , , , , , , , , , , , , , , , , , , , , , , , , , , , ,34766,1766844045856,,, , , , , , , , , ,3145728,34737,1,1,0,1, , , , , , , , ,3,3, , ,1, , , , , , , , , , , , , , , , , , , ,113485648, , , , , , , ,440, , , , , , , , , , , , , , , , , , , , , , , , , , , , , , , , ,384,56, , , , , , , , , , , 
2025-12-27 14:58:46.079 UTC, , , , , , , , , ,125,3189941,43416,672, ,9, ,12, , , , , , , , , ,9,9, , , ,2,6,9, , , , , , , , , , , ,1, , , ,3189941,30216,13, ,28174, , , , ,34766,619053559808,15,15,15,15, , , , , , , , , , , , , , , , , , , , , , , , , , , , , , , , ,34766,1766844045856,,, , , , , , , , , ,3145728,34737,0,0,0,0, , , , , , , , ,3,3, , ,1, , , , , , , , , , , , , , , , , , , ,113485648, , , , , , , ,12, , , , , , , , , , , , , , , , , , , , , , , , , , , , , , , , , ,12, , , , , , , , , , , 
2025-12-27 14:59:46.079 UTC, , , , , , , , , ,125,3189941,43416,672, ,9, ,12, , , , , , , , , ,9,9, , , ,2,6,9, , , , , , , , , , , ,1, , , ,3189941,30216,13, ,28174, , , , ,34766,619053559808,15,15,15,15, , , , , , , , , , , , , , , , , , , , , , , , , , , , , , , , ,34766,1766844045856,,, , , , , , , , , ,3145728,34737,0,0,0,0, , , , , , , , ,3,3, , ,1, , , , , , , , , , , , , , , , , , , ,113485648, , , , , , , ,12, , , , , , , , , , , , , , , , , , , , , , , , , , , , , , , , , ,12, , , , , , , , , , , 
2025-12-27 15:00:46.079 UTC, , , , , , , , , ,125,3189941,43416,672, ,9, ,12, , , , , , , , , ,9,9, , , ,2,6,9, , , , , , , , , , , ,1, , , ,3189941,30216,13, ,28174, , , , ,34766,619053555712,15,15,15,15, , , , , , , , , , , , , , , , , , , , , , , , , , , , , , , , ,34766,1766844045856,,, , , , , , , , , ,3145728,34737,1,1,0,1, , , , , , , , ,3,3, , ,1, , , , , , , , , , , , , , , , , , , ,115582800,1, , , , , , ,12, , , , , , , , , , , , , , , , , , , , , , , , , , , , , , , , , ,12, , , , , , , , , , , 
2025-12-27 15:01:46.079 UTC, , , , , , , , , ,125,3189941,43416,672, ,9, ,12, , , , , , , , , ,9,9, , , ,2,6,9, , , , , , , , , , , ,1, , , ,3189941,30216,13, ,28174, , , , ,34766,619053555712,15,15,15,15, , , , , , , , , , , , , , , , , , , , , , , , , , , , , , , , ,34766,1766844045856,,, , , , , , , , , ,3145728,34737,1,1,0,1, , , , , , , , ,3,3, , ,1, , , , , , , , , , , , , , , , , , , ,115582800,2, , , , , , ,12, , , , , , , , , , , , , , , , , , , , , , , , , , , , , , , , , ,12, , , , , , , , , , , 
2025-12-27 15:02:46.079 UTC, , , , , , , , , ,125,3189941,43416,672, ,9, ,12, , , , , , , , , ,9,9, , , ,2,6,9, , , , , , , , , , , ,1, , , ,3189941,30216,13, ,28174, , , , ,34766,619053555712,15,15,15,15, , , , , , , , , , , , , , , , , , , , , , , , , , , , , , , , ,34766,1766844045856,,, , , , , , , , , ,3145728,34737,1,1,1,1, , , , , , , , ,3,3, , ,1, , , , , , , , , , , , , , , , , , , ,115582800,1, , , , , , ,12, , , , , , , , , , , , , , , , , , , , , , , , , , , , , , , , , ,12, , , , , , , , , , , 
2025-12-27 15:03:46.079 UTC, , , , , , , , , ,125,3189941,43416,672, ,9, ,12, , , , , , , , , ,9,9, , , ,2,6,9, , , , , , , , , , , ,1, , , ,3189941,30216,13, ,28174, , , , ,34766,619053555712,15,15,15,15, , , , , , , , , , , , , , , , , , , , , , , , , , , , , , , , ,34766,1766844045856,,, , , , , , , , , ,3145728,34737,1,1,0,1, , , , , , , , ,3,3, , ,1, , , , , , , , , , , , , , , , , , , ,115582800,1, , , , , , ,12, , , , , , , , , , , , , , , , , , , , , , , , , , , , , , , , , ,12, , , , , , , , , , , 
2025-12-27 15:04:46.079 UTC, , , , , , , , , ,125,3189941,43416,672, ,9, ,23, , , , , , , , , ,9,9, , , ,2,6,9, ,21, , , , , , , , , ,1, , , ,3189941,30216,13, ,28174, , , , ,34766,619053555712,15,15,15,15, , , , , , , , , , , , , , , , , , , , , , , , , , , , , , , , ,34766,1766844045856,,, , , , , , , , , ,3145728,34737,19,19,6,19, , , , , , , , ,3,3, , ,1, , , , , , , , , , , , , , , , , , , ,121874256,1, , , , , , ,137, , , , , , , , , , , , , , , , , , , , , , , , , , , , , , , , ,117,20, , , , , , , , , , , 
2025-12-27 15:05:46.079 UTC, , , , , , , , , ,125,3189941,43416,672, ,9, ,12, , , , , , , , , ,9,9, , , ,2,6,9, , , , , , , , , , , ,1, , , ,3189941,30216,13, ,28174, , , , ,34766,619053555712,15,15,15,15, , , , , , , , , , , , , , , , , , , , , , , , , , , , , , , , ,34766,1766844045856,,, , , , , , , , , ,3145728,34737,1,1,0,1, , , , , , , , ,3,3, , ,1, , , , , , , , , , , , , , , , , , , ,121874256,1, , , , , , ,12, , , , , , , , , , , , , , , , , , , , , , , , , , , , , , , , , ,12, , , , , , , , , , , 
2025-12-27 15:06:46.079 UTC, , , , , , , , , ,125,3189941,43416,672, ,9, ,12, , , , , , , , , ,9,9, , , ,2,6,9, , , , , , , , , , , ,1, , , ,3189941,30216,13, ,28174, , , , ,34766,619053555712,15,15,15,15, , , , , , , , , , , , , , , , , , , , , , , , , , , , , , , , ,34766,1766844045856,,, , , , , , , , , ,3145728,34737,2,2,0,2, , , , , , , , ,3,3, , ,1, , , , , , , , , , , , , , , , , , , ,123971408,1, , , , , , ,12, , , , , , , , , , , , , , , , , , , , , , , , , , , , , , , , , ,12, , , , , , , , , , , 
2025-12-27 15:07:46.081 UTC, , , , , , , , , ,125,3189941,43416,672, ,9, ,12, , , , , , , , , ,9,9, , , ,2,6,9, , , , , , , , , , , ,1, , , ,3189941,30216,13, ,28174, , , , ,34766,619053555712,15,15,15,15, , , , , , , , , , , , , , , , , , , , , , , , , , , , , , , , ,34766,1766844045856,,, , , , , , , , , ,3145728,34737,0,0,0,0, , , , , , , , ,3,3, , ,1, , , , , , , , , , , , , , , , , , , ,123971408,1, , , , , , ,12, , , , , , , , , , , , , , , , , , , , , , , , , , , , , , , , , ,12, , , , , , , , , , , 
2025-12-27 15:08:46.083 UTC, , , , , , , , , ,125,3189941,43416,672, ,9, ,12, , , , , , , , , ,9,9, , , ,2,6,9, , , , , , , , , , , ,1, , , ,3189941,30216,13, ,28174, , , , ,34766,619053551616,15,15,15,15, , , , , , , , , , , , , , , , , , , , , , , , , , , , , , , , ,34766,1766844045856,,, , , , , , , , , ,3145728,34737,0,0,0,0, , , , , , , , ,3,3, , ,1, , , , , , , , , , , , , , , , , , , ,123971408, , , , , , , ,12, , , , , , , , , , , , , , , , , , , , , , , , , , , , , , , , , ,12, , , , , , , , , , , 
2025-12-27 15:09:46.087 UTC, , , , , , , , , ,125,3189941,43416,672, ,9, ,12, , , , , , , , , ,9,9, , , ,2,6,9, , , , , , , , , , , ,1, , , ,3189941,30216,13, ,28174, , , , ,34766,619053551616,15,15,15,15, , , , , , , , , , , , , , , , , , , , , , , , , , , , , , , , ,34766,1766844045856,,, , , , , , , , , ,3145728,34737,64,64,31,64, , , , , , , , ,3,3, , ,1, , , , , , , , , , , , , , , , , , , ,123971408,1, , , , , , ,12, , , , , , , , , , , , , , , , , , , , , , , , , , , , , , , , , ,12, , , , , , , , , , , 
2025-12-27 15:10:46.090 UTC, , , , , , , , , ,125,3189941,43416,672, ,9, ,12, , , , , , , , , ,9,9, , , ,2,6,9, , , , , , , , , , , ,1, , , ,3189941,30216,13, ,28174, , , , ,34766,619053551616,15,15,15,15, , , , , , , , , , , , , , , , , , , , , , , , , , , , , , , , ,34766,1766844045856,,, , , , , , , , , ,3145728,34737,70,70,23,70, , , , , , , , ,3,3, , ,1, , , , , , , , , , , , , , , , , , , ,123971408, , , , , , , ,12, , , , , , , , , , , , , , , , , , , , , , , , , , , , , , , , , ,12, , , , , , , , , , , 
2025-12-27 15:11:46.093 UTC, , , , , , , , , ,125,3189941,43416,672, ,9, ,12, , , , , , , , , ,9,9, , , ,2,6,9, , , , , , , , , , , ,1, , , ,3189941,30216,13, ,28174, , , , ,34766,619053551616,15,15,15,15, , , , , , , , , , , , , , , , , , , , , , , , , , , , , , , , ,34766,1766844045856,,, , , , , , , , , ,3145728,34737,0,0,0,0, , , , , , , , ,3,3, , ,1, , , , , , , , , , , , , , , , , , , ,123971408,1, , , , , , ,12, , , , , , , , , , , , , , , , , , , , , , , , , , , , , , , , , ,12, , , , , , , , , , , 
2025-12-27 15:12:46.094 UTC, , , , , , , , , ,125,3189941,43416,672, ,9, ,12, , , , , , , , , ,9,9, , , ,2,6,9, , , , , , , , , , , ,1, , , ,3189941,30216,13, ,28174, , , , ,34766,619053551616,15,15,15,15, , , , , , , , , , , , , , , , , , , , , , , , , , , , , , , , ,34766,1766844045856,,, , , , , , , , , ,3145728,34737,7,7,3,7, , , , , , , , ,3,3, , ,1, , , , , , , , , , , , , , , , , , , ,126068560,1, , , , , , ,12, , , , , , , , , , , , , , , , , , , , , , , , , , , , , , , , , ,12, , , , , , , , , , , 
2025-12-27 15:13:46.095 UTC, , , , , , , , , ,125,3189941,43416,672, ,9, ,12, , , , , , , , , ,9,9, , , ,2,6,9, , , , , , , , , , , ,1, , , ,3189941,30216,13, ,28174, , , , ,34766,619053551616,15,15,15,15, , , , , , , , , , , , , , , , , , , , , , , , , , , , , , , , ,34766,1766844045856,,, , , , , , , , , ,3145728,34737,0,0,0,0, , , , , , , , ,3,3, , ,1, , , , , , , , , , , , , , , , , , , ,126068560,1, , , , , , ,12, , , , , , , , , , , , , , , , , , , , , , , , , , , , , , , , , ,12, , , , , , , , , , , 
2025-12-27 15:14:46.095 UTC, , , , , , , , , ,125,3189941,43416,672, ,9, ,12, , , , , , , , , ,9,9, , , ,2,6,9, , , , , , , , , , , ,1, , , ,3189941,30216,13, ,28174, , , , ,34766,619053551616,15,15,15,15, , , , , , , , , , , , , , , , , , , , , , , , , , , , , , , , ,34766,1766844045856,,, , , , , , , , , ,3145728,34737,9,9,3,9, , , , , , , , ,3,3, , ,1, , , , , , , , , , , , , , , , , , , ,126068560,1, , , , , , ,12, , , , , , , , , , , , , , , , , , , , , , , , , , , , , , , , , ,12, , , , , , , , , , , 
2025-12-27 15:15:46.097 UTC, , , , , , , , , ,125,3189941,43416,672, ,9, ,12, , , , , , , , , ,9,9, , , ,2,6,9, , , , , , , , , , , ,1, , , ,3189941,30216,13, ,28174, , , , ,34766,619053551616,15,15,15,15, , , , , , , , , , , , , , , , , , , , , , , , , , , , , , , , ,34766,1766844045856,,, , , , , , , , , ,3145728,34737,1,1,0,1, , , , , , , , ,3,3, , ,1, , , , , , , , , , , , , , , , , , , ,126068560, , , , , , , ,12, , , , , , , , , , , , , , , , , , , , , , , , , , , , , , , , , ,12, , , , , , , , , , , 
2025-12-27 15:16:46.097 UTC, , , , , , , , , ,125,3189941,43416,672, ,9, ,12, , , , , , , , , ,9,9, , , ,2,6,9, , , , , , , , , , , ,1, , , ,3189941,30216,13, ,28174, , , , ,34766,619053547520,15,15,15,15, , , , , , , , , , , , , , , , , , , , , , , , , , , , , , , , ,34766,1766844045856,,, , , , , , , , , ,3145728,34737,1,1,0,1, , , , , , , , ,3,3, , ,1, , , , , , , , , , , , , , , , , , , ,126068560,1, , , , , , ,12, , , , , , , , , , , , , , , , , , , , , , , , , , , , , , , , , ,12, , , , , , , , , , , 
2025-12-27 15:17:46.098 UTC, , , , , , , , , ,125,3189941,43416,672, ,9, ,60, , , , , , , , , ,9,9, , , ,2,6,9, ,81, , , , , , , , , ,1, , , ,3189941,30216,13, ,28174, , , , ,34766,619053547520,15,15,15,15, , , , , , , , , , , , , , , , , , , , , , , , , , , , , , , , ,34766,1766844045856,,, , , , , , , , , ,3145728,34737,1,1,0,1, , , , , , , , ,3,3, , ,1, , , , , , , , , , , , , , , , , ,1,57,94950288,1, , , , , , ,555, , , , , , , , , , , , , , , , , , , , , , , , , , , , , , , , ,510,45,3, , , , , , , , , , 
2025-12-27 15:18:46.098 UTC, , , , , , , , , ,125,3189941,43416,672, ,9, ,12, , , , , , , , , ,9,9, , , ,2,6,9, , , , , , , , , , , ,1, , , ,3189941,30216,13, ,28174, , , , ,34766,619053547520,15,15,15,15, , , , , , , , , , , , , , , , , , , , , , , , , , , , , , , , ,34766,1766844045856,,, , , , , , , , , ,3145728,34737,5,5,2,5, , , , , , , , ,3,3, , ,1, , , , , , , , , , , , , , , , , , , ,94950288, , , , , , , ,12, , , , , , , , , , , , , , , , , , , , , , , , , , , , , , , , , ,12, , , , , , , , , , , 
2025-12-27 15:19:46.099 UTC, , , , , , , , , ,125,3189941,43416,672, ,9, ,102, , , , , , , , , ,9,9, , , ,2,6,9, ,144, , , , , , , , , ,1, , , ,3189941,30216,13, ,28174, , , , ,34766,619053547520,15,15,15,15, , , , , , , , , , , , , , , , , , , , , , , , , , , , , , , , ,34766,1766844045856,,, , , , , , , , , ,3145728,34737,1,1,0,1, , , , , , , , ,3,3, , ,1, , , , , , , , , , , , , , , , , , , ,101241744, , , , , , , ,936, , , , , , , , , , , , , , , , , , , , , , , , , , , , , , , , ,861,75,6, , , , , , , , , , 
2025-12-27 15:20:46.098 UTC, , , , , , , , , ,125,3189941,43416,672, ,9, ,12, , , , , , , , , ,9,9, , , ,2,6,9, , , , , , , , , , , ,1, , , ,3189941,30216,13, ,28174, , , , ,34766,619053547520,15,15,15,15, , , , , , , , , , , , , , , , , , , , , , , , , , , , , , , , ,34766,1766844045856,,, , , , , , , , , ,3145728,34737,1,1,0,1, , , , , , , , ,3,3, , ,1, , , , , , , , , , , , , , , , , , , ,103338896, , , , , , , ,12, , , , , , , , , , , , , , , , , , , , , , , , , , , , , , , , , ,12, , , , , , , , , , , 
2025-12-27 15:21:46.099 UTC, , , , , , , , , ,125,3189941,43416,672, ,9, ,24, , , , , , , , , ,9,9, , , ,2,6,9, ,15, , , , , , , , , ,1, , , ,3189941,30216,13, ,28174, , , , ,34766,619053547520,15,15,15,15, , , , , , , , , , , , , , , , , , , , , , , , , , , , , , , , ,34766,1766844045856,,, , , , , , , , , ,3145728,34737,1,1,0,1, , , , , , , , ,3,3, , ,1, , , , , , , , , , , , , , , , , , , ,103338896, , , , , , , ,85, , , , , , , , , , , , , , , , , , , , , , , , , , , , , , , , ,64,21,1, , , , , , , , , , 
2025-12-27 15:22:46.099 UTC, , , , , , , , , ,125,3189941,43416,672, ,9, ,185, , , , , , , , , ,9,9, , , ,2,6,9, ,235, , , , , , , , , ,1, , , ,3189941,30216,13, ,28174, , , , ,35065,619053547520,16,16,16,16, , , , , , , , , , , , , , , , , , , , , , , , , , , , , , , , ,35065,1766844045856,,, , , , , , , , , ,3145728,35232,25,25,13,25, , , ,3,3, ,3, ,3,6, , ,1, , , , , , , , , ,495,3, , , , , , , , ,113824656, , , , , , , ,1019, , , , , , , , , , , , , , , , , , , , , , , , , , , , , , ,7, ,867,145,7, , , , , , , , , , 
2025-12-27 15:23:46.101 UTC, , , , , , , , , ,125,3189941,43416,672, ,9, ,12, , , , , , , , , ,9,9, , , ,2,6,9, , , , , , , , , , , ,1, , , ,3189941,30216,13, ,28174, , , , ,35261,619053547520,16,16,16,16, , , , , , , , , , , , , , , , , , , , , , , , , , , , , , , , ,35261,1766844045856,,, , , , , , , , , ,3145728,35232,19,19,6,19, , , , , , , , ,3,3, , ,1, , , , , , , , , , , , , , , , , , , ,113824656, , , , , , , ,12, , , , , , , , , , , , , , , , , , , , , , , , , , , , , , , , , ,12, , , , , , , , , , , 
2025-12-27 15:24:46.102 UTC, , , , , , , , , ,125,3189941,43416,672, ,9, ,12, , , , , , , , , ,9,9, , , ,2,6,9, , , , , , , , , , , ,1, , , ,3189941,30216,13, ,28174, , , , ,35261,619053543424,16,16,16,16, , , , , , , , , , , , , , , , , , , , , , , , , , , , , , , , ,35261,1766844045856,,, , , , , , , , , ,3145728,35232,1,1,0,1, , , , , , , , ,3,3, , ,1, , , , , , , , , , , , , , , , , , , ,115921808, , , , , , , ,12, , , , , , , , , , , , , , , , , , , , , , , , , , , , , , , , , ,12, , , , , , , , , , , 
2025-12-27 15:25:46.101 UTC, , , , , , , , , ,125,3189941,43416,672, ,9, ,12, , , , , , , , , ,9,9, , , ,2,6,9, , , , , , , , , , , ,1, , , ,3189941,30216,13, ,28174, , , , ,35261,619053543424,16,16,16,16, , , , , , , , , , , , , , , , , , , , , , , , , , , , , , , , ,35261,1766844045856,,, , , , , , , , , ,3145728,35232,1,1,1,1, , , , , , , , ,3,3, , ,1, , , , , , , , , , , , , , , , , , , ,115921808,1, , , , , , ,12, , , , , , , , , , , , , , , , , , , , , , , , , , , , , , , , , ,12, , , , , , , , , , , 
2025-12-27 15:26:46.101 UTC, , , , , , , , , ,125,3189941,43416,672, ,9, ,12, , , , , , , , , ,9,9, , , ,2,6,9, , , , , , , , , , , ,1, , , ,3189941,30216,13, ,28174, , , , ,35261,619053543424,16,16,16,16, , , , , , , , , , , , , , , , , , , , , , , , , , , , , , , , ,35261,1766844045856,,, , , , , , , , , ,3145728,35232,1,1,0,1, , , , , , , , ,3,3, , ,1, , , , , , , , , , , , , , , , , , , ,115921808,1, , , , , , ,12, , , , , , , , , , , , , , , , , , , , , , , , , , , , , , , , , ,12, , , , , , , , , , , 
2025-12-27 15:27:46.100 UTC, , , , , , , , , ,125,3189941,43416,672, ,9, ,12, , , , , , , , , ,9,9, , , ,2,6,9, , , , , , , , , , , ,1, , , ,3189941,30216,13, ,28174, , , , ,35261,619053543424,16,16,16,16, , , , , , , , , , , , , , , , , , , , , , , , , , , , , , , , ,35261,1766844045856,,, , , , , , , , , ,3145728,35232,1,1,0,1, , , , , , , , ,3,3, , ,1, , , , , , , , , , , , , , , , , , , ,115921808, , , , , , , ,12, , , , , , , , , , , , , , , , , , , , , , , , , , , , , , , , , ,12, , , , , , , , , , , 
2025-12-27 15:28:46.100 UTC, , , , , , , , , ,125,3189941,43416,672, ,9, ,12, , , , , , , , , ,9,9, , , ,2,6,9, , , , , , , , , , , ,1, , , ,3189941,30216,13, ,28174, , , , ,35261,619053543424,16,16,16,16, , , , , , , , , , , , , , , , , , , , , , , , , , , , , , , , ,35261,1766844045856,,, , , , , , , , , ,3145728,35232,0,0,0,0, , , , , , , , ,3,3, , ,1, , , , , , , , , , , , , , , , , , , ,115921808, , , , , , , ,12, , , , , , , , , , , , , , , , , , , , , , , , , , , , , , , , , ,12, , , , , , , , , , , 
2025-12-27 15:29:46.103 UTC, , , , , , , , , ,125,3189941,43416,672, ,9, ,12, , , , , , , , , ,9,9, , , ,2,6,9, , , , , , , , , , , ,1, , , ,3189941,30216,13, ,28174, , , , ,35261,619053543424,16,16,16,16, , , , , , , , , , , , , , , , , , , , , , , , , , , , , , , , ,35261,1766844045856,,, , , , , , , , , ,3145728,35232,1,1,0,1, , , , , , , , ,3,3, , ,1, , , , , , , , , , , , , , , , , , , ,115921808, , , , , , , ,12, , , , , , , , , , , , , , , , , , , , , , , , , , , , , , , , , ,12, , , , , , , , , , , 
2025-12-27 15:30:46.105 UTC, , , , , , , , , ,125,3189941,43416,672, ,9, ,12, , , , , , , , , ,9,9, , , ,2,6,9, , , , , , , , , , , ,1, , , ,3189941,30216,13, ,28174, , , , ,35261,619053543424,16,16,16,16, , , , , , , , , , , , , , , , , , , , , , , , , , , , , , , , ,35261,1766844045856,,, , , , , , , , , ,3145728,35232,4,4,1,4, , , , , , , , ,3,3, , ,1, , , , , , , , , , , , , , , , , , , ,118018960, , , , , , , ,12, , , , , , , , , , , , , , , , , , , , , , , , , , , , , , , , , ,12, , , , , , , , , , , 
2025-12-27 15:31:46.108 UTC, , , , , , , , , ,125,3189941,43416,672, ,9, ,12, , , , , , , , , ,9,9, , , ,2,6,9, , , , , , , , , , , ,1, , , ,3189941,30216,13, ,28174, , , , ,35261,619053543424,16,16,16,16, , , , , , , , , , , , , , , , , , , , , , , , , , , , , , , , ,35261,1766844045856,,, , , , , , , , , ,3145728,35232,1,1,0,1, , , , , , , , ,3,3, , ,1, , , , , , , , , , , , , , , , , , , ,118018960, , , , , , , ,12, , , , , , , , , , , , , , , , , , , , , , , , , , , , , , , , , ,12, , , , , , , , , , , 
2025-12-27 15:32:46.109 UTC, , , , , , , , , ,125,3189941,43416,672, ,9, ,12, , , , , , , , , ,9,9, , , ,2,6,9, , , , , , , , , , , ,1, , , ,3189941,30216,13, ,28174, , , , ,35261,619053539328,16,16,16,16, , , , , , , , , , , , , , , , , , , , , , , , , , , , , , , , ,35261,1766844045856,,, , , , , , , , , ,3145728,35232,15,15,6,15, , , , , , , , ,3,3, , ,1, , , , , , , , , , , , , , , , , , , ,118018960, , , , , , , ,12, , , , , , , , , , , , , , , , , , , , , , , , , , , , , , , , , ,12, , , , , , , , , , , 
2025-12-27 15:33:46.108 UTC, , , , , , , , , ,125,3189941,43416,672, ,9, ,12, , , , , , , , , ,9,9, , , ,2,6,9, , , , , , , , , , , ,1, , , ,3189941,30216,13, ,28174, , , , ,35261,619053539328,16,16,16,16, , , , , , , , , , , , , , , , , , , , , , , , , , , , , , , , ,35261,1766844045856,,, , , , , , , , , ,3145728,35232,62,62,21,62, , , , , , , , ,3,3, , ,1, , , , , , , , , , , , , , , , , , , ,118018960,1, , , , , , ,12, , , , , , , , , , , , , , , , , , , , , , , , , , , , , , , , , ,12, , , , , , , , , , , 
2025-12-27 15:34:46.108 UTC, , , , , , , , , ,125,3189941,43416,672, ,9, ,12, , , , , , , , , ,9,9, , , ,2,6,9, , , , , , , , , , , ,1, , , ,3189941,30216,13, ,28174, , , , ,35261,619053539328,16,16,16,16, , , , , , , , , , , , , , , , , , , , , , , , , , , , , , , , ,35261,1766844045856,,, , , , , , , , , ,3145728,35232,1,1,0,1, , , , , , , , ,3,3, , ,1, , , , , , , , , , , , , , , , , , , ,118018960,1, , , , , , ,12, , , , , , , , , , , , , , , , , , , , , , , , , , , , , , , , , ,12, , , , , , , , , , , 
2025-12-27 15:35:46.108 UTC, , , , , , , , , ,125,3189941,43416,672, ,9, ,12, , , , , , , , , ,9,9, , , ,2,6,9, , , , , , , , , , , ,1, , , ,3189941,30216,13, ,28174, , , , ,35261,619053539328,16,16,16,16, , , , , , , , , , , , , , , , , , , , , , , , , , , , , , , , ,35261,1766844045856,,, , , , , , , , , ,3145728,35232,1,1,0,1, , , , , , , , ,3,3, , ,1, , , , , , , , , , , , , , , , , , , ,118018960,2, , , , , , ,12, , , , , , , , , , , , , , , , , , , , , , , , , , , , , , , , , ,12, , , , , , , , , , , 
2025-12-27 15:36:46.109 UTC, , , , , , , , , ,125,3189941,43416,672, ,9, ,12, , , , , , , , , ,9,9, , , ,2,6,9, , , , , , , , , , , ,1, , , ,3189941,30216,13, ,28174, , , , ,35261,619053539328,16,16,16,16, , , , , , , , , , , , , , , , , , , , , , , , , , , , , , , , ,35261,1766844045856,,, , , , , , , , , ,3145728,35232,1,1,0,1, , , , , , , , ,3,3, , ,1, , , , , , , , , , , , , , , , , , , ,120116112,1, , , , , , ,12, , , , , , , , , , , , , , , , , , , , , , , , , , , , , , , , , ,12, , , , , , , , , , , 
2025-12-27 15:37:46.110 UTC, , , , , , , , , ,125,3190949,44424,672, ,9, ,124, , , , , , , , , ,9,9, , , ,2,6,9, ,86, , , , , , , , , ,1, , , ,3190949,30216,13, ,28174, , , , ,37209,619053527040,15,15,15,15, , , , , , , , , , , , , , , , , , , , , , , , , , , , , , , , ,37209,1766844045856,,, , , , , , , , , ,3145728,37180,24,24,11,24, , , ,3,3, ,3, ,3,6, , ,1, , , , , , , , , ,1948,3, , , , , , , , ,136893328,1, , , , , , ,499, , , , , , , , , , , , , , , , , , , , , , , , , , , , , , ,41, ,383,75, , , , , , , , , , , 
2025-12-27 15:38:46.117 UTC, , , , , , , , , ,125,3190949,44424,672, ,9, ,12, , , , , , , , , ,9,9, , , ,2,6,9, , , , , , , , , , , ,1, , , ,3190949,30216,13, ,28174, , , , ,37209,619053527040,15,15,15,15, , , , , , , , , , , , , , , , , , , , , , , , , , , , , , , , ,37209,1766844045856,,, , , , , , , , , ,3145728,37180,1,1,0,1, , , , , , , , ,3,3, , ,1, , , , , , , , , , , , , , , , , , , ,136893328,1, , , , , , ,12, , , , , , , , , , , , , , , , , , , , , , , , , , , , , , , , , ,12, , , , , , , , , , , 
2025-12-27 15:39:46.119 UTC, , , , , , , , , ,125,3190949,44424,672, ,9, ,12, , , , , , , , , ,9,9, , , ,2,6,9, , , , , , , , , , , ,1, , , ,3190949,30216,13, ,28174, , , , ,37209,619053527040,15,15,15,15, , , , , , , , , , , , , , , , , , , , , , , , , , , , , , , , ,37209,1766844045856,,, , , , , , , , , ,3145728,37180,1,1,0,1, , , , , , , , ,3,3, , ,1, , , , , , , , , , , , , , , , , , , ,136893328, , , , , , , ,12, , , , , , , , , , , , , , , , , , , , , , , , , , , , , , , , , ,12, , , , , , , , , , , 
2025-12-27 15:40:46.123 UTC, , , , , , , , , ,125,3190949,44424,672, ,9, ,12, , , , , , , , , ,9,9, , , ,2,6,9, , , , , , , , , , , ,1, , , ,3190949,30216,13, ,28174, , , , ,37209,619053522944,15,15,15,15, , , , , , , , , , , , , , , , , , , , , , , , , , , , , , , , ,37209,1766844045856,,, , , , , , , , , ,3145728,37180,1,1,0,1, , , , , , , , ,3,3, , ,1, , , , , , , , , , , , , , , , , , , ,136893328, , , , , , , ,12, , , , , , , , , , , , , , , , , , , , , , , , , , , , , , , , , ,12, , , , , , , , , , , 
2025-12-27 15:41:46.126 UTC, , , , , , , , , ,125,3190949,44424,672, ,9, ,12, , , , , , , , , ,9,9, , , ,2,6,9, , , , , , , , , , , ,1, , , ,3190949,30216,13, ,28174, , , , ,37209,619053522944,15,15,15,15, , , , , , , , , , , , , , , , , , , , , , , , , , , , , , , , ,37209,1766844045856,,, , , , , , , , , ,3145728,37180,1,1,0,1, , , , , , , , ,3,3, , ,1, , , , , , , , , , , , , , , , , , , ,138990480,1, , , , , , ,12, , , , , , , , , , , , , , , , , , , , , , , , , , , , , , , , , ,12, , , , , , , , , , , 
2025-12-27 15:42:46.130 UTC, , , , , , , , , ,125,3190949,44424,672, ,9, ,12, , , , , , , , , ,9,9, , , ,2,6,9, , , , , , , , , , , ,1, , , ,3190949,30216,13, ,28174, , , , ,37209,619053522944,15,15,15,15, , , , , , , , , , , , , , , , , , , , , , , , , , , , , , , , ,37209,1766844045856,,, , , , , , , , , ,3145728,37180,1,1,0,1, , , , , , , , ,3,3, , ,1, , , , , , , , , , , , , , , , , , , ,138990480, , , , , , , ,12, , , , , , , , , , , , , , , , , , , , , , , , , , , , , , , , , ,12, , , , , , , , , , , 
2025-12-27 15:43:46.133 UTC, , , , , , , , , ,125,3190949,44424,672, ,9, ,12, , , , , , , , , ,9,9, , , ,2,6,9, , , , , , , , , , , ,1, , , ,3190949,30216,13, ,28174, , , , ,37209,619053522944,15,15,15,15, , , , , , , , , , , , , , , , , , , , , , , , , , , , , , , , ,37209,1766844045856,,, , , , , , , , , ,3145728,37180,26,26,9,26, , , , , , , , ,3,3, , ,1, , , , , , , , , , , , , , , , , , , ,138990480, , , , , , , ,12, , , , , , , , , , , , , , , , , , , , , , , , , , , , , , , , , ,12, , , , , , , , , , , 
2025-12-27 15:44:46.135 UTC, , , , , , , , , ,125,3190949,44424,672, ,9, ,12, , , , , , , , , ,9,9, , , ,2,6,9, , , , , , , , , , , ,1, , , ,3190949,30216,13, ,28174, , , , ,37209,619053522944,15,15,15,15, , , , , , , , , , , , , , , , , , , , , , , , , , , , , , , , ,37209,1766844045856,,, , , , , , , , , ,3145728,37180,1,1,0,1, , , , , , , , ,3,3, , ,1, , , , , , , , , , , , , , , , , , , ,138990480, , , , , , , ,12, , , , , , , , , , , , , , , , , , , , , , , , , , , , , , , , , ,12, , , , , , , , , , , 
2025-12-27 15:45:46.137 UTC, , , , , , , , , ,125,3190949,44424,672, ,9, ,12, , , , , , , , , ,9,9, , , ,2,6,9, , , , , , , , , , , ,1, , , ,3190949,30216,13, ,28174, , , , ,37209,619053522944,15,15,15,15, , , , , , , , , , , , , , , , , , , , , , , , , , , , , , , , ,37209,1766844045856,,, , , , , , , , , ,3145728,37180,1,1,0,1, , , , , , , , ,3,3, , ,1, , , , , , , , , , , , , , , , , , , ,138990480,1, , , , , , ,12, , , , , , , , , , , , , , , , , , , , , , , , , , , , , , , , , ,12, , , , , , , , , , , 
2025-12-27 15:46:46.140 UTC, , , , , , , , , ,125,3190949,44424,672, ,9, ,12, , , , , , , , , ,9,9, , , ,2,6,9, , , , , , , , , , , ,1, , , ,3190949,30216,13, ,28174, , , , ,37209,619053522944,15,15,15,15, , , , , , , , , , , , , , , , , , , , , , , , , , , , , , , , ,37209,1766844045856,,, , , , , , , , , ,3145728,37180,1,1,0,1, , , , , , , , ,3,3, , ,1, , , , , , , , , , , , , , , , , , , ,138990480,1, , , , , , ,12, , , , , , , , , , , , , , , , , , , , , , , , , , , , , , , , , ,12, , , , , , , , , , , 
2025-12-27 15:47:46.141 UTC, , , , , , , , , ,125,3190949,44424,672, ,9, ,12, , , , , , , , , ,9,9, , , ,2,6,9, , , , , , , , , , , ,1, , , ,3190949,30216,13, ,28174, , , , ,37209,619053522944,15,15,15,15, , , , , , , , , , , , , , , , , , , , , , , , , , , , , , , , ,37209,1766844045856,,, , , , , , , , , ,3145728,37180,1,1,0,1, , , , , , , , ,3,3, , ,1, , , , , , , , , , , , , , , , , , , ,138990480,1, , , , , , ,12, , , , , , , , , , , , , , , , , , , , , , , , , , , , , , , , , ,12, , , , , , , , , , , 
2025-12-27 15:48:46.143 UTC, , , , , , , , , ,125,3190949,44424,672, ,9, ,12, , , , , , , , , ,9,9, , , ,2,6,9, , , , , , , , , , , ,1, , , ,3190949,30216,13, ,28174, , , , ,37209,619053518848,15,15,15,15, , , , , , , , , , , , , , , , , , , , , , , , , , , , , , , , ,37209,1766844045856,,, , , , , , , , , ,3145728,37180,1,1,0,1, , , , , , , , ,3,3, , ,1, , , , , , , , , , , , , , , , , , , ,141087632,1, , , , , , ,12, , , , , , , , , , , , , , , , , , , , , , , , , , , , , , , , , ,12, , , , , , , , , , , 
2025-12-27 15:49:46.146 UTC, , , , , , , , , ,125,3190949,44424,672, ,9, ,12, , , , , , , , , ,9,9, , , ,2,6,9, , , , , , , , , , , ,1, , , ,3190949,30216,13, ,28174, , , , ,37209,619053518848,15,15,15,15, , , , , , , , , , , , , , , , , , , , , , , , , , , , , , , , ,37209,1766844045856,,, , , , , , , , , ,3145728,37180,1,1,0,1, , , , , , , , ,3,3, , ,1, , , , , , , , , , , , , , , , , , , ,141087632,1, , , , , , ,12, , , , , , , , , , , , , , , , , , , , , , , , , , , , , , , , , ,12, , , , , , , , , , , 
2025-12-27 15:50:46.148 UTC, , , , , , , , , ,125,3190949,44424,672, ,9, ,12, , , , , , , , , ,9,9, , , ,2,6,9, , , , , , , , , , , ,1, , , ,3190949,30216,13, ,28174, , , , ,37209,619053518848,15,15,15,15, , , , , , , , , , , , , , , , , , , , , , , , , , , , , , , , ,37209,1766844045856,,, , , , , , , , , ,3145728,37180,1,1,0,1, , , , , , , , ,3,3, , ,1, , , , , , , , , , , , , , , , , , , ,141087632,1, , , , , , ,12, , , , , , , , , , , , , , , , , , , , , , , , , , , , , , , , , ,12, , , , , , , , , , , 
2025-12-27 15:51:46.151 UTC, , , , , , , , , ,125,3190949,44424,672, ,9, ,12, , , , , , , , , ,9,9, , , ,2,6,9, , , , , , , , , , , ,1, , , ,3190949,30216,13, ,28174, , , , ,37209,619053518848,15,15,15,15, , , , , , , , , , , , , , , , , , , , , , , , , , , , , , , , ,37209,1766844045856,,, , , , , , , , , ,3145728,37180,1,1,0,1, , , , , , , , ,3,3, , ,1, , , , , , , , , , , , , , , , , , , ,141087632,1, , , , , , ,12, , , , , , , , , , , , , , , , , , , , , , , , , , , , , , , , , ,12, , , , , , , , , , , 
2025-12-27 15:52:46.154 UTC, , , , , , , , , ,125,3190949,44424,672, ,9, ,12, , , , , , , , , ,9,9, , , ,2,6,9, , , , , , , , , , , ,1, , , ,3190949,30216,13, ,28174, , , , ,37209,619053518848,15,15,15,15, , , , , , , , , , , , , , , , , , , , , , , , , , , , , , , , ,37209,1766844045856,,, , , , , , , , , ,3145728,37180,1,1,0,1, , , , , , , , ,3,3, , ,1, , , , , , , , , , , , , , , , , , , ,141087632,1, , , , , , ,12, , , , , , , , , , , , , , , , , , , , , , , , , , , , , , , , , ,12, , , , , , , , , , , 
2025-12-27 15:53:46.157 UTC, , , , , , , , , ,125,3190949,44424,672, ,9, ,12, , , , , , , , , ,9,9, , , ,2,6,9, , , , , , , , , , , ,1, , , ,3190949,30216,13, ,28174, , , , ,37209,619053518848,15,15,15,15, , , , , , , , , , , , , , , , , , , , , , , , , , , , , , , , ,37209,1766844045856,,, , , , , , , , , ,3145728,37180,51,51,17,51, , , , , , , , ,3,3, , ,1, , , , , , , , , , , , , , , , , , , ,143184784,1, , , , , , ,12, , , , , , , , , , , , , , , , , , , , , , , , , , , , , , , , , ,12, , , , , , , , , , , 
2025-12-27 15:54:46.160 UTC, , , , , , , , , ,125,3190949,44424,672, ,9, ,12, , , , , , , , , ,9,9, , , ,2,6,9, , , , , , , , , , , ,1, , , ,3190949,30216,13, ,28174, , , , ,37209,619053518848,15,15,15,15, , , , , , , , , , , , , , , , , , , , , , , , , , , , , , , , ,37209,1766844045856,,, , , , , , , , , ,3145728,37180,1,1,0,1, , , , , , , , ,3,3, , ,1, , , , , , , , , , , , , , , , , , , ,143184784,1, , , , , , ,12, , , , , , , , , , , , , , , , , , , , , , , , , , , , , , , , , ,12, , , , , , , , , , , 
2025-12-27 15:55:46.162 UTC, , , , , , , , , ,125,3190949,44424,672, ,9, ,12, , , , , , , , , ,9,9, , , ,2,6,9, , , , , , , , , , , ,1, , , ,3190949,30216,13, ,28174, , , , ,37209,619053518848,15,15,15,15, , , , , , , , , , , , , , , , , , , , , , , , , , , , , , , , ,37209,1766844045856,,, , , , , , , , , ,3145728,37180,1,1,0,1, , , , , , , , ,3,3, , ,1, , , , , , , , , , , , , , , , , , , ,143184784,1, , , , , , ,12, , , , , , , , , , , , , , , , , , , , , , , , , , , , , , , , , ,12, , , , , , , , , , , 
2025-12-27 15:56:38.083 UTC, , , , , , , , , ,125,3190277,44424, , ,9, ,14, , , , , , , , , ,9,9, , , ,2,6,9, , , , , , , , , , , ,1, , , ,3190277,30216,13, ,28174, , , , ,37209,619053514752,15,15,15,15, , , , , , , , , , , , , , , , , , , , , , , , , , , , , , , , ,37209,1766844045856,,, , , , , , , , , ,3145728,37504,35,35,18,35, , , ,3,3, ,3, ,3,5, , ,1, , , , , , , , , ,324,3, , , , , , , , ,149476240, , , , , , , ,14, , , ,1, , , , , , , , , , , , , , , , , , , , , , , , ,1, ,2, , ,11, , , , , , , , , , , 
2025-12-27 16:02:49.186 UTC, , , , , , , , , ,125,3166237,20384, , ,3,1,50,3,0.06, , , , , , , ,3,3, ,2,1,2,1,4, ,67,29, , , , , , , , ,1, , , ,3166237,43504,14, ,37622, , , , ,43553,619053518848,14,14,14,14, , , , , ,6,429, , , , , , , , , , , , , , , , , , , , , , , , , ,43553,1766851368723,,, , , , , , , , , ,3145728,43504, , , , , , ,38, , ,2, , ,3, , ,38, ,2048,1, , , , , ,186465,59, , , , , , , , ,1,13,96544288, , , , , , , ,37, , , , , , , , , , , , , , , , , , , , , , , , , , , , , , , , , , , , , , , , , , , , , 
2025-12-27 16:02:49.294 UTC, , , , , , , , , ,125,3169725,23872, , ,4, ,11,1,0.09, , , , , , , ,4,4, , , ,2,1,5, ,5,2, , , , , , , , ,1, , , ,3169725,43504,14, ,37622, , , , ,43553,619053518848,14,14,14,14, , , , , , , , , , , , , , , , , , , , , , , , , , , , , , , , ,43553,1766851368723,,, , , , , , , , , ,3145728,43504, , , , , , ,4, , ,1, , ,3, , ,4,1, , , , , , , ,6284,5, , , , , , , , , , ,102835744, , , , , , , ,21, , , , , , , , , , , , , , , , , , , , , , , , , , , , , , , , ,10,8, , , , , , , , , , , 
2025-12-27 16:02:49.417 UTC, , , , , , , , , ,125,3166237,20384, , ,3,1,50,3,0.06, , , , , , , ,3,3, ,2,1,2,1,4, ,67,29, , , , , , , , ,1, , , ,3166237,43504,14, ,37622, , , , , , ,-1,-1,-1,-1, , , , , ,6,429, , , , , , , , , , , , , , , , , , , , , , , , , , ,1766851369335,,, , , , , , , , , ,3145728,43504, , , , , , ,38, , ,2, , ,3, , ,38, ,2048,1, , , , , ,186465,59, , , , , , , , ,1,13,119612960, , , , , , , ,37, , , , , , , , , , , , , , , , , , , , , , , , , , , , , , , , , , , , , , , , , , , , , 
2025-12-27 16:03:49.417 UTC, , , , , , , , , ,125,3177397,30872,672, ,6,2,27,3,0.11, , , , , , , ,6,6, , ,2,2,4,6, ,12,6, , , , , , , , ,1, , , ,3177397,43504,14, ,37622, , , , ,43759,619053514752,14,14,14,14, , , , , , , , , , , , , , , , , , , , , , , , , , , , , , , , ,43759,1766851369335,,, , , , , , , , , ,3145728,43730,38,38,10,38, , ,14,1,1,3,1, ,3,4, ,14,1, , , , , , , ,22772,17,206,1, , , , , , ,2,18,209257200, , , , , , , ,32, , , , , , , , , , , , , , , , , , , , , , , , , , , , , , ,1, , ,13,1, , , , , , , , , , 
2025-12-27 16:04:49.418 UTC, , , , , , , , , ,125,3188133,41608,672, ,8, ,156,4,0.03, , , , , , , ,8,8, , , ,3,5,8, ,96,10, , , , , , , , ,1, , , ,3188133,43504,14, ,37622, , , , ,43759,619053514752,14,14,14,14, , , , , , , , , , , , , , , , , , , , , , , , , , , , , , , , ,43759,1766851369335,,, , , , , , , , , ,3145728,43730,1,1,1,1, , ,16, , ,2, , ,3,3, ,16,1, , , , , ,1, ,15414,17, , , , , , , , ,1,9,180339984,1, , , , , , ,713, , , , , , , , , , , , , , , , , , , , , , , , , , , , , , , , ,569,144,4, , , , , , , , , , 
2025-12-27 16:05:49.418 UTC, , , , , , , , , ,125,3188133,41608,672, ,8, ,12, , , , , , , , , ,8,8, , , ,3,5,8, , , , , , , , , , , ,1, , , ,3188133,43504,14, ,37622, , , , ,43759,619053514752,14,14,14,14, , , , , , , , , , , , , , , , , , , , , , , , , , , , , , , , ,43759,1766851369335,,, , , , , , , , , ,3145728,43730,1,1,0,1, , , , , , , , ,3,3, , ,1, , , , , , , , , , , , , , , , , , , ,180339984,1, , , , , , ,12, , , , , , , , , , , , , , , , , , , , , , , , , , , , , , , , , ,12, , , , , , , , , , , 
2025-12-27 16:06:49.419 UTC, , , , , , , , , ,125,3188133,41608,672, ,8, ,12, , , , , , , , , ,8,8, , , ,3,5,8, , , , , , , , , , , ,1, , , ,3188133,43504,14, ,37622, , , , ,43759,619053514752,14,14,14,14, , , , , , , , , , , , , , , , , , , , , , , , , , , , , , , , ,43759,1766851369335,,, , , , , , , , , ,3145728,43730,1,1,1,1, , , , , , , , ,3,3, , ,1, , , , , , , , , , , , , , , , , , , ,180339984,1, , , , , , ,12, , , , , , , , , , , , , , , , , , , , , , , , , , , , , , , , , ,12, , , , , , , , , , , 
2025-12-27 16:07:49.421 UTC, , , , , , , , , ,125,3188133,41608,672, ,8, ,12, , , , , , , , , ,8,8, , , ,3,5,8, , , , , , , , , , , ,1, , , ,3188133,43504,14, ,37622, , , , ,43759,619053510656,14,14,14,14, , , , , , , , , , , , , , , , , , , , , , , , , , , , , , , , ,43759,1766851369335,,, , , , , , , , , ,3145728,43730,1,1,0,1, , , , , , , , ,3,3, , ,1, , , , , , , , , , , , , , , , , , , ,180339984,1, , , , , , ,12, , , , , , , , , , , , , , , , , , , , , , , , , , , , , , , , , ,12, , , , , , , , , , , 
2025-12-27 16:08:49.422 UTC, , , , , , , , , ,125,3188133,41608,672, ,8, ,12, , , , , , , , , ,8,8, , , ,3,5,8, , , , , , , , , , , ,1, , , ,3188133,43504,14, ,37622, , , , ,43759,619053510656,14,14,14,14, , , , , , , , , , , , , , , , , , , , , , , , , , , , , , , , ,43759,1766851369335,,, , , , , , , , , ,3145728,43730,1,1,0,1, , , , , , , , ,3,3, , ,1, , , , , , , , , , , , , , , , , , , ,180339984,1, , , , , , ,12, , , , , , , , , , , , , , , , , , , , , , , , , , , , , , , , , ,12, , , , , , , , , , , 
2025-12-27 16:09:49.426 UTC, , , , , , , , , ,125,3188133,41608,672, ,8, ,12, , , , , , , , , ,8,8, , , ,3,5,8, , , , , , , , , , , ,1, , , ,3188133,43504,14, ,37622, , , , ,43759,619053510656,14,14,14,14, , , , , , , , , , , , , , , , , , , , , , , , , , , , , , , , ,43759,1766851369335,,, , , , , , , , , ,3145728,43730,1,1,0,1, , , , , , , , ,3,3, , ,1, , , , , , , , , , , , , , , , , , , ,180339984,1, , , , , , ,12, , , , , , , , , , , , , , , , , , , , , , , , , , , , , , , , , ,12, , , , , , , , , , , 
2025-12-27 16:10:49.427 UTC, , , , , , , , , ,125,3188133,41608,672, ,8, ,12, , , , , , , , , ,8,8, , , ,3,5,8, , , , , , , , , , , ,1, , , ,3188133,43504,14, ,37622, , , , ,43759,619053510656,14,14,14,14, , , , , , , , , , , , , , , , , , , , , , , , , , , , , , , , ,43759,1766851369335,,, , , , , , , , , ,3145728,43730,1,1,0,1, , , , , , , , ,3,3, , ,1, , , , , , , , , , , , , , , , , , , ,180339984,1, , , , , , ,12, , , , , , , , , , , , , , , , , , , , , , , , , , , , , , , , , ,12, , , , , , , , , , , 
2025-12-27 16:11:49.433 UTC, , , , , , , , , ,125,3188133,41608,672, ,8, ,12, , , , , , , , , ,8,8, , , ,3,5,8, , , , , , , , , , , ,1, , , ,3188133,43504,14, ,37622, , , , ,43759,619053510656,14,14,14,14, , , , , , , , , , , , , , , , , , , , , , , , , , , , , , , , ,43759,1766851369335,,, , , , , , , , , ,3145728,43730,1,1,1,1, , , , , , , , ,3,3, , ,1, , , , , , , , , , , , , , , , , , , ,180339984,1, , , , , , ,12, , , , , , , , , , , , , , , , , , , , , , , , , , , , , , , , , ,12, , , , , , , , , , , 
2025-12-27 16:12:49.437 UTC, , , , , , , , , ,125,3188133,41608,672, ,8, ,12, , , , , , , , , ,8,8, , , ,3,5,8, , , , , , , , , , , ,1, , , ,3188133,43504,14, ,37622, , , , ,43759,619053510656,14,14,14,14, , , , , , , , , , , , , , , , , , , , , , , , , , , , , , , , ,43759,1766851369335,,, , , , , , , , , ,3145728,43730,1,1,0,1, , , , , , , , ,3,3, , ,1, , , , , , , , , , , , , , , , , , , ,182437136,1, , , , , , ,12, , , , , , , , , , , , , , , , , , , , , , , , , , , , , , , , , ,12, , , , , , , , , , , 
2025-12-27 16:13:49.441 UTC, , , , , , , , , ,125,3188133,41608,672, ,8, ,12, , , , , , , , , ,8,8, , , ,3,5,8, , , , , , , , , , , ,1, , , ,3188133,43504,14, ,37622, , , , ,43759,619053510656,14,14,14,14, , , , , , , , , , , , , , , , , , , , , , , , , , , , , , , , ,43759,1766851369335,,, , , , , , , , , ,3145728,43730,1,1,1,1, , , , , , , , ,3,3, , ,1, , , , , , , , , , , , , , , , , , , ,182437136,1, , , , , , ,12, , , , , , , , , , , , , , , , , , , , , , , , , , , , , , , , , ,12, , , , , , , , , , , 
2025-12-27 16:14:49.444 UTC, , , , , , , , , ,125,3188133,41608,672, ,8, ,12, , , , , , , , , ,8,8, , , ,3,5,8, , , , , , , , , , , ,1, , , ,3188133,43504,14, ,37622, , , , ,43759,619053510656,14,14,14,14, , , , , , , , , , , , , , , , , , , , , , , , , , , , , , , , ,43759,1766851369335,,, , , , , , , , , ,3145728,43730,0,0,0,0, , , , , , , , ,3,3, , ,1, , , , , , , , , , , , , , , , , , , ,182437136,1, , , , , , ,12, , , , , , , , , , , , , , , , , , , , , , , , , , , , , , , , , ,12, , , , , , , , , , , 
2025-12-27 16:15:49.448 UTC, , , , , , , , , ,125,3188133,41608,672, ,8, ,12, , , , , , , , , ,8,8, , , ,3,5,8, , , , , , , , , , , ,1, , , ,3188133,43504,14, ,37622, , , , ,43759,619053506560,14,14,14,14, , , , , , , , , , , , , , , , , , , , , , , , , , , , , , , , ,43759,1766851369335,,, , , , , , , , , ,3145728,43730,1,1,0,1, , , , , , , , ,3,3, , ,1, , , , , , , , , , , , , , , , , , , ,182437136,1, , , , , , ,12, , , , , , , , , , , , , , , , , , , , , , , , , , , , , , , , , ,12, , , , , , , , , , , 
2025-12-27 16:16:49.450 UTC, , , , , , , , , ,125,3188133,41608,672, ,8, ,12, , , , , , , , , ,8,8, , , ,3,5,8, , , , , , , , , , , ,1, , , ,3188133,43504,14, ,37622, , , , ,43759,619053506560,14,14,14,14, , , , , , , , , , , , , , , , , , , , , , , , , , , , , , , , ,43759,1766851369335,,, , , , , , , , , ,3145728,43730,46,46,15,46, , , , , , , , ,3,3, , ,1, , , , , , , , , , , , , , , , , , , ,182437136,1, , , , , , ,12, , , , , , , , , , , , , , , , , , , , , , , , , , , , , , , , , ,12, , , , , , , , , , , 
2025-12-27 16:17:49.452 UTC, , , , , , , , , ,125,3188133,41608,672, ,8, ,12, , , , , , , , , ,8,8, , , ,3,5,8, , , , , , , , , , , ,1, , , ,3188133,43504,14, ,37622, , , , ,43759,619053506560,14,14,14,14, , , , , , , , , , , , , , , , , , , , , , , , , , , , , , , , ,43759,1766851369335,,, , , , , , , , , ,3145728,43730,1,1,0,1, , , , , , , , ,3,3, , ,1, , , , , , , , , , , , , , , , , , , ,182437136,1, , , , , , ,12, , , , , , , , , , , , , , , , , , , , , , , , , , , , , , , , , ,12, , , , , , , , , , , 
2025-12-27 16:18:49.455 UTC, , , , , , , , , ,125,3188133,41608,672, ,8, ,12, , , , , , , , , ,8,8, , , ,3,5,8, , , , , , , , , , , ,1, , , ,3188133,43504,14, ,37622, , , , ,43759,619053506560,14,14,14,14, , , , , , , , , , , , , , , , , , , , , , , , , , , , , , , , ,43759,1766851369335,,, , , , , , , , , ,3145728,43730,0,0,0,0, , , , , , , , ,3,3, , ,1, , , , , , , , , , , , , , , , , , , ,182437136, , , , , , , ,12, , , , , , , , , , , , , , , , , , , , , , , , , , , , , , , , , ,12, , , , , , , , , , , 
2025-12-27 16:19:49.455 UTC, , , , , , , , , ,125,3188133,41608,672, ,8, ,12, , , , , , , , , ,8,8, , , ,3,5,8, , , , , , , , , , , ,1, , , ,3188133,43504,14, ,37622, , , , ,43759,619053506560,14,14,14,14, , , , , , , , , , , , , , , , , , , , , , , , , , , , , , , , ,43759,1766851369335,,, , , , , , , , , ,3145728,43730,1,1,0,1, , , , , , , , ,3,3, , ,1, , , , , , , , , , , , , , , , , , , ,182437136, , , , , , , ,12, , , , , , , , , , , , , , , , , , , , , , , , , , , , , , , , , ,12, , , , , , , , , , , 
2025-12-27 16:20:49.455 UTC, , , , , , , , , ,125,3188133,41608,672, ,8, ,12, , , , , , , , , ,8,8, , , ,3,5,8, , , , , , , , , , , ,1, , , ,3188133,43504,14, ,37622, , , , ,43759,619053506560,14,14,14,14, , , , , , , , , , , , , , , , , , , , , , , , , , , , , , , , ,43759,1766851369335,,, , , , , , , , , ,3145728,43730,1,1,1,1, , , , , , , , ,3,3, , ,1, , , , , , , , , , , , , , , , , , , ,184534288, , , , , , , ,12, , , , , , , , , , , , , , , , , , , , , , , , , , , , , , , , , ,12, , , , , , , , , , , 
2025-12-27 16:21:49.455 UTC, , , , , , , , , ,125,3188133,41608,672, ,8, ,12, , , , , , , , , ,8,8, , , ,3,5,8, , , , , , , , , , , ,1, , , ,3188133,43504,14, ,37622, , , , ,43759,619053506560,14,14,14,14, , , , , , , , , , , , , , , , , , , , , , , , , , , , , , , , ,43759,1766851369335,,, , , , , , , , , ,3145728,43730,1,1,0,1, , , , , , , , ,3,3, , ,1, , , , , , , , , , , , , , , , , , , ,184534288, , , , , , , ,12, , , , , , , , , , , , , , , , , , , , , , , , , , , , , , , , , ,12, , , , , , , , , , , 
2025-12-27 16:22:49.461 UTC, , , , , , , , , ,125,3188133,41608,672, ,8, ,12, , , , , , , , , ,8,8, , , ,3,5,8, , , , , , , , , , , ,1, , , ,3188133,43504,14, ,37622, , , , ,43759,619053506560,14,14,14,14, , , , , , , , , , , , , , , , , , , , , , , , , , , , , , , , ,43759,1766851369335,,, , , , , , , , , ,3145728,43730,1,1,0,1, , , , , , , , ,3,3, , ,1, , , , , , , , , , , , , , , , , , , ,184534288, , , , , , , ,12, , , , , , , , , , , , , , , , , , , , , , , , , , , , , , , , , ,12, , , , , , , , , , , 
2025-12-27 16:23:49.462 UTC, , , , , , , , , ,125,3188133,41608,672, ,8, ,12, , , , , , , , , ,8,8, , , ,3,5,8, , , , , , , , , , , ,1, , , ,3188133,43504,14, ,37622, , , , ,43759,619053502464,14,14,14,14, , , , , , , , , , , , , , , , , , , , , , , , , , , , , , , , ,43759,1766851369335,,, , , , , , , , , ,3145728,43730,1,1,0,1, , , , , , , , ,3,3, , ,1, , , , , , , , , , , , , , , , , , , ,184534288, , , , , , , ,12, , , , , , , , , , , , , , , , , , , , , , , , , , , , , , , , , ,12, , , , , , , , , , , 
2025-12-27 16:24:49.462 UTC, , , , , , , , , ,125,3188133,41608,672, ,8, ,12, , , , , , , , , ,8,8, , , ,3,5,8, , , , , , , , , , , ,1, , , ,3188133,43504,14, ,37622, , , , ,43759,619053502464,14,14,14,14, , , , , , , , , , , , , , , , , , , , , , , , , , , , , , , , ,43759,1766851369335,,, , , , , , , , , ,3145728,43730,1,1,1,1, , , , , , , , ,3,3, , ,1, , , , , , , , , , , , , , , , , , , ,184534288,1, , , , , , ,12, , , , , , , , , , , , , , , , , , , , , , , , , , , , , , , , , ,12, , , , , , , , , , , 
2025-12-27 16:25:49.462 UTC, , , , , , , , , ,125,3188133,41608,672, ,8, ,12, , , , , , , , , ,8,8, , , ,3,5,8, , , , , , , , , , , ,1, , , ,3188133,43504,14, ,37622, , , , ,43759,619053502464,14,14,14,14, , , , , , , , , , , , , , , , , , , , , , , , , , , , , , , , ,43759,1766851369335,,, , , , , , , , , ,3145728,43730,1,1,0,1, , , , , , , , ,3,3, , ,1, , , , , , , , , , , , , , , , , , , ,184534288,1, , , , , , ,12, , , , , , , , , , , , , , , , , , , , , , , , , , , , , , , , , ,12, , , , , , , , , , , 
2025-12-27 16:26:49.462 UTC, , , , , , , , , ,125,3188133,41608,672, ,8, ,12, , , , , , , , , ,8,8, , , ,3,5,8, , , , , , , , , , , ,1, , , ,3188133,43504,14, ,37622, , , , ,43759,619053502464,14,14,14,14, , , , , , , , , , , , , , , , , , , , , , , , , , , , , , , , ,43759,1766851369335,,, , , , , , , , , ,3145728,43730,1,1,1,1, , , , , , , , ,3,2, , ,1, , , , , , , , , , , , , , , , , , , ,186631440,1, , , , , , ,12, , , , , , , , , , , , , , , , , , , , , , , , , , , , , , , , , ,12, , , , , , , , , , , 
2025-12-27 16:27:49.463 UTC, , , , , , , , , ,125,3188133,41608,672, ,8, ,12, , , , , , , , , ,8,8, , , ,3,5,8, , , , , , , , , , , ,1, , , ,3188133,43504,14, ,37622, , , , ,43759,619053502464,14,14,14,14, , , , , , , , , , , , , , , , , , , , , , , , , , , , , , , , ,43759,1766851369335,,, , , , , , , , , ,3145728,43730,48,48,12,48, , , , , , , , ,3,4, , ,1, , , , , , , , , , , , , , , , , , , ,186631440,1, , , , , , ,12, , , , , , , , , , , , , , , , , , , , , , , , , , , , , , , , , ,12, , , , , , , , , , , 
2025-12-27 16:28:49.468 UTC, , , , , , , , , ,125,3188133,41608,672, ,8, ,12, , , , , , , , , ,8,8, , , ,3,5,8, , , , , , , , , , , ,1, , , ,3188133,43504,14, ,37622, , , , ,43759,619053502464,14,14,14,14, , , , , , , , , , , , , , , , , , , , , , , , , , , , , , , , ,43759,1766851369335,,, , , , , , , , , ,3145728,43730,1,1,0,1, , , , , , , , ,3,3, , ,1, , , , , , , , , , , , , , , , , , , ,186631440,1, , , , , , ,12, , , , , , , , , , , , , , , , , , , , , , , , , , , , , , , , , ,12, , , , , , , , , , , 
2025-12-27 16:29:49.469 UTC, , , , , , , , , ,125,3188133,41608,672, ,8, ,12, , , , , , , , , ,8,8, , , ,3,5,8, , , , , , , , , , , ,1, , , ,3188133,43504,14, ,37622, , , , ,43759,619053502464,14,14,14,14, , , , , , , , , , , , , , , , , , , , , , , , , , , , , , , , ,43759,1766851369335,,, , , , , , , , , ,3145728,43730,1,1,1,1, , , , , , , , ,3,3, , ,1, , , , , , , , , , , , , , , , , , , ,186631440, , , , , , , ,12, , , , , , , , , , , , , , , , , , , , , , , , , , , , , , , , , ,12, , , , , , , , , , , 
2025-12-27 16:30:49.470 UTC, , , , , , , , , ,125,3188133,41608,672, ,8, ,12, , , , , , , , , ,8,8, , , ,3,5,8, , , , , , , , , , , ,1, , , ,3188133,43504,14, ,37622, , , , ,43759,619053502464,14,14,14,14, , , , , , , , , , , , , , , , , , , , , , , , , , , , , , , , ,43759,1766851369335,,, , , , , , , , , ,3145728,43730,1,1,0,1, , , , , , , , ,3,3, , ,1, , , , , , , , , , , , , , , , , , , ,186631440, , , , , , , ,12, , , , , , , , , , , , , , , , , , , , , , , , , , , , , , , , , ,12, , , , , , , , , , , 
2025-12-27 16:31:49.470 UTC, , , , , , , , , ,125,3188133,41608,672, ,8, ,12, , , , , , , , , ,8,8, , , ,3,5,8, , , , , , , , , , , ,1, , , ,3188133,43504,14, ,37622, , , , ,43759,619053498368,14,14,14,14, , , , , , , , , , , , , , , , , , , , , , , , , , , , , , , , ,43759,1766851369335,,, , , , , , , , , ,3145728,43730,0,0,0,0, , , , , , , , ,3,3, , ,1, , , , , , , , , , , , , , , , , , , ,188728592,1, , , , , , ,12, , , , , , , , , , , , , , , , , , , , , , , , , , , , , , , , , ,12, , , , , , , , , , , 
2025-12-27 16:32:49.470 UTC, , , , , , , , , ,125,3188133,41608,672, ,8, ,12, , , , , , , , , ,8,8, , , ,3,5,8, , , , , , , , , , , ,1, , , ,3188133,43504,14, ,37622, , , , ,43759,619053498368,14,14,14,14, , , , , , , , , , , , , , , , , , , , , , , , , , , , , , , , ,43759,1766851369335,,, , , , , , , , , ,3145728,43730,1,1,1,1, , , , , , , , ,3,3, , ,1, , , , , , , , , , , , , , , , , , , ,188728592,1, , , , , , ,12, , , , , , , , , , , , , , , , , , , , , , , , , , , , , , , , , ,12, , , , , , , , , , , 
2025-12-27 16:33:49.470 UTC, , , , , , , , , ,125,3188133,41608,672, ,8, ,12, , , , , , , , , ,8,8, , , ,3,5,8, , , , , , , , , , , ,1, , , ,3188133,43504,14, ,37622, , , , ,43759,619053498368,14,14,14,14, , , , , , , , , , , , , , , , , , , , , , , , , , , , , , , , ,43759,1766851369335,,, , , , , , , , , ,3145728,43730,1,1,0,1, , , , , , , , ,3,3, , ,1, , , , , , , , , , , , , , , , , , , ,188728592,1, , , , , , ,12, , , , , , , , , , , , , , , , , , , , , , , , , , , , , , , , , ,12, , , , , , , , , , , 
2025-12-27 16:34:49.470 UTC, , , , , , , , , ,125,3188133,41608,672, ,8, ,12, , , , , , , , , ,8,8, , , ,3,5,8, , , , , , , , , , , ,1, , , ,3188133,43504,14, ,37622, , , , ,43759,619053498368,14,14,14,14, , , , , , , , , , , , , , , , , , , , , , , , , , , , , , , , ,43759,1766851369335,,, , , , , , , , , ,3145728,43730,1,1,0,1, , , , , , , , ,3,3, , ,1, , , , , , , , , , , , , , , , , , , ,188728592,1, , , , , , ,12, , , , , , , , , , , , , , , , , , , , , , , , , , , , , , , , , ,12, , , , , , , , , , , 
2025-12-27 16:35:19.255 UTC, , , , , , , , , ,125,3187461,41608, , ,8, ,9, , , , , , , , , ,8,8, , , ,3,5,8, , , , , , , , , , , ,1, , , ,3187461,43504,14, ,37622, , , , ,43759,619053498368,14,14,14,14, , , , , , , , , , , , , , , , , , , , , , , , , , , , , , , , ,43759,1766851369335,,, , , , , , , , , ,3145728,44054,38,38,21,38, , , ,3,3, ,3, ,3,4, , ,1, , , , , , , , , ,324,3, , , , , , , , ,197117200,1, , , , , , ,9, , , , , , , , , , , , , , , , , , , , , , , , , , , , ,1, ,2, , ,6, , , , , , , , , , , 
2025-12-28 15:01:43.738 UTC, , , , , , , , , ,125,3166261,20408, , ,3, ,38,3,0.08, , , , , , , ,3,3, ,2, ,2,1,4, ,60,30, , , , , , , , ,1, , , ,3166261,46489,15, ,44172, , , , ,46538,619388346368,13,13,13,13, , , , , ,6,449, , , , , , , , , , , , , , , , , , , , , , , , , ,46538,1766934102737,,, , , , , , , , , ,3145728,46489, , , , , , ,38, , ,2, , ,3, , ,38, ,2048,1, , , , , ,184509,59, , , , , , , , ,1,16,96894816, , , , , , , ,28, , , , , , , , , , , , , , , , , , , , , , , , , , , , , , , , , , , , , , , , , , , , , 
2025-12-28 15:01:44.099 UTC, , , , , , , , , ,125,3169853,24000, , ,4,1,11,1,0.09, , , , , , , ,4,4, , ,1,2,1,5, ,5,2, , , , , , , , ,1, , , ,3169853,46489,15, ,44172, , , , ,46538,619388346368,13,13,13,13, , , , , , , , , , , , , , , , , , , , , , , , , , , , , , , , ,46538,1766934102737,,, , , , , , , , , ,3145728,46489, , , , , , ,5, , ,1, , ,3, , ,5,1, , , , , , , ,8332,6, , , , , , , , , , ,103186272, , , , , , , ,22, , , , , , , , , , , , , , , , , , , , , , , , , , , , , , , , ,10,8, , , , , , , , , , , 
2025-12-28 15:01:44.297 UTC, , , , , , , , , ,125,3166261,20408, , ,3, ,38,3,0.08, , , , , , , ,3,3, ,2, ,2,1,4, ,60,30, , , , , , , , ,1, , , ,3166261,46489,15, ,44172, , , , , , ,-1,-1,-1,-1, , , , , ,6,449, , , , , , , , , , , , , , , , , , , , , , , , , , ,1766934104191,,, , , , , , , , , ,3145728,46489, , , , , , ,38, , ,2, , ,3, , ,38, ,2048,1, , , , , ,184509,59, , , , , , , , ,1,16,119963488, , , , , , , ,28, , , , , , , , , , , , , , , , , , , , , , , , , , , , , , , , , , , , , , , , , , , , , 
2025-12-28 15:02:44.300 UTC, , , , , , , , , ,125,3177637,31112,672, ,6,1,27,3,0.11, , , , , , , ,6,6, , ,1,2,4,6, ,12,6, , , , , , , , ,1, , , ,3177637,46489,15, ,44172, , , , ,46744,619388342272,13,13,13,13, , , , , , , , , , , , , , , , , , , , , , , , , , , , , , , , ,46744,1766934104191,,, , , , , , , , , ,3145728,46715,37,37,9,37, , ,13,1,1,3,1, ,3,4, ,13,1, , , , , , , ,20724,16,206,1, , , , , , ,2,19,209184096, , , , , , , ,30, , , , , , , , , , , , , , , , , , , , , , , , , , , , , , ,1, , ,11,3, , , , , , , , , , 
2025-12-28 15:03:44.300 UTC, , , , , , , , , ,125,3200093,46112,8128, ,9, ,152,3,0.02, , , , , , , ,9,9, , , ,3,6,9, ,192,10, , , , , , , , ,1, , , ,3200093,46489,15, ,44172, , , , ,46744,619388342272,13,13,13,13, , , , , , , , , , , , , , , , , , , , , , , , , , , , , , , , ,46744,1766934104191,,, , , , , , , , , ,3145728,47009,38,38,14,38, , ,16,3,3, ,3, ,3,6, ,16,1, , , , , ,1, ,15414,17,294,3, , , , , , ,1,15,309793440, , , , , , , ,1126, , , , , , , , , , , , , , , , , , , , , , , , , , , , , , ,3, ,996,127,3, , , , , , , , , , 
2025-12-28 15:04:44.302 UTC, , , , , , , , , ,125,3192637,46112,672, ,9, ,44, , , , , , , , , ,9,9, , , ,3,6,9, ,44, , , , , , , , , ,1, , , ,3192637,46489,15, ,44172, , , , ,47275,619388342272,13,13,13,13, , , , , , , , , , , , , , , , , , , , , , , , , , , , , , , , ,47275,1766934104191,,, , , , , , , , , ,3145728,47246,35,35,10,35, , , ,1,1, ,1, ,3,4, , ,1, , , , , , , , , ,237,1, , , , , , , , ,324473504,1, , , , , , ,272, , , , , , , , , , , , , , , , , , , , , , , , , , , , , , ,5, ,230,37, , , , , , , , , , , 
2025-12-28 15:05:44.303 UTC, , , , , , , , , ,125,3192637,46112,672, ,9, ,12, , , , , , , , , ,9,9, , , ,3,6,9, , , , , , , , , , , ,1, , , ,3192637,46489,15, ,44172, , , , ,47275,619388342272,13,13,13,13, , , , , , , , , , , , , , , , , , , , , , , , , , , , , , , , ,47275,1766934104191,,, , , , , , , , , ,3145728,47246,1,1,0,1, , , , , , , , ,3,3, , ,1, , , , , , , , , , , , , , , , , , , ,324473504, , , , , , , ,12, , , , , , , , , , , , , , , , , , , , , , , , , , , , , , , , , ,12, , , , , , , , , , , 
2025-12-28 15:06:44.304 UTC, , , , , , , , , ,125,3192637,46112,672, ,9, ,171, , , , , , , , , ,9,9, , , ,3,6,9, ,161, , , , , , , , , ,1, , , ,3192637,46489,15, ,44172, , , , ,47275,619388342272,13,13,13,13, , , , , , , , , , , , , , , , , , , , , , , , , , , , , , , , ,47275,1766934104191,,, , , , , , , , , ,3145728,47246,1,1,0,1, , , , , , , , ,3,3, , ,1, , , , , , , , , , , , , , , , , ,1,7,94266248, , , , , , , ,1099, , , , , , , , , , , , , , , , , , , , , , , , , , , , , , , , ,941,158, , , , , , , , , , , 
2025-12-28 15:07:44.306 UTC, , , , , , , , , ,125,3192637,46112,672, ,9, ,97, , , , , , , , , ,9,9, , , ,3,6,9, ,52, , , , , , , , , ,1, , , ,3192637,46489,15, ,44172, , , , ,47275,619388342272,13,13,13,13, , , , , , , , , , , , , , , , , , , , , , , , , , , , , , , , ,47275,1766934104191,,, , , , , , , , , ,3145728,47246,1,1,1,1, , , , , , , , ,3,3, , ,1, , , , , , , , , , , , , , , , , , , ,106849160, , , , , , , ,284, , , , , , , , , , , , , , , , , , , , , , , , , , , , , , , , ,189,95, , , , , , , , , , , 
2025-12-28 15:08:44.307 UTC, , , , , , , , , ,125,3192637,46112,672, ,9, ,25, , , , , , , , , ,9,9, , , ,3,6,9, ,6, , , , , , , , , ,1, , , ,3192637,46489,15, ,44172, , , , ,47275,619388342272,13,13,13,13, , , , , , , , , , , , , , , , , , , , , , , , , , , , , , , , ,47275,1766934104191,,, , , , , , , , , ,3145728,47246,1,1,0,1, , , , , , , , ,3,3, , ,1, , , , , , , , , , , , , , , , , , , ,115237768, , , , , , , ,37, , , , , , , , , , , , , , , , , , , , , , , , , , , , , , , , ,13,24, , , , , , , , , , , 
2025-12-28 15:09:44.307 UTC, , , , , , , , , ,125,3192637,46112,672, ,9, ,12, , , , , , , , , ,9,9, , , ,3,6,9, , , , , , , , , , , ,1, , , ,3192637,46489,15, ,44172, , , , ,47275,619388342272,13,13,13,13, , , , , , , , , , , , , , , , , , , , , , , , , , , , , , , , ,47275,1766934104191,,, , , , , , , , , ,3145728,47246,1,1,1,1, , , , , , , , ,3,3, , ,1, , , , , , , , , , , , , , , , , , , ,115237768, , , , , , , ,12, , , , , , , , , , , , , , , , , , , , , , , , , , , , , , , , , ,12, , , , , , , , , , , 
2025-12-28 15:10:44.308 UTC, , , , , , , , , ,125,3192637,46112,672, ,9, ,12, , , , , , , , , ,9,9, , , ,3,6,9, , , , , , , , , , , ,1, , , ,3192637,46489,15, ,44172, , , , ,47275,619388338176,13,13,13,13, , , , , , , , , , , , , , , , , , , , , , , , , , , , , , , , ,47275,1766934104191,,, , , , , , , , , ,3145728,47246,1,1,0,1, , , , , , , , ,3,3, , ,1, , , , , , , , , , , , , , , , , , , ,115237768, , , , , , , ,12, , , , , , , , , , , , , , , , , , , , , , , , , , , , , , , , , ,12, , , , , , , , , , , 
2025-12-28 15:11:44.309 UTC, , , , , , , , , ,125,3192637,46112,672, ,9, ,12, , , , , , , , , ,9,9, , , ,3,6,9, , , , , , , , , , , ,1, , , ,3192637,46489,15, ,44172, , , , ,47275,619388338176,13,13,13,13, , , , , , , , , , , , , , , , , , , , , , , , , , , , , , , , ,47275,1766934104191,,, , , , , , , , , ,3145728,47246,1,1,0,1, , , , , , , , ,3,3, , ,1, , , , , , , , , , , , , , , , , , , ,115237768, , , , , , , ,12, , , , , , , , , , , , , , , , , , , , , , , , , , , , , , , , , ,12, , , , , , , , , , , 
2025-12-28 15:12:44.309 UTC, , , , , , , , , ,125,3192637,46112,672, ,9, ,12, , , , , , , , , ,9,9, , , ,3,6,9, , , , , , , , , , , ,1, , , ,3192637,46489,15, ,44172, , , , ,47275,619388338176,13,13,13,13, , , , , , , , , , , , , , , , , , , , , , , , , , , , , , , , ,47275,1766934104191,,, , , , , , , , , ,3145728,47246,1,1,0,1, , , , , , , , ,3,3, , ,1, , , , , , , , , , , , , , , , , , , ,115237768, , , , , , , ,12, , , , , , , , , , , , , , , , , , , , , , , , , , , , , , , , , ,12, , , , , , , , , , , 
2025-12-28 15:13:44.310 UTC, , , , , , , , , ,125,3192637,46112,672, ,9, ,12, , , , , , , , , ,9,9, , , ,3,6,9, , , , , , , , , , , ,1, , , ,3192637,46489,15, ,44172, , , , ,47275,619388338176,13,13,13,13, , , , , , , , , , , , , , , , , , , , , , , , , , , , , , , , ,47275,1766934104191,,, , , , , , , , , ,3145728,47246,1,1,0,1, , , , , , , , ,3,3, , ,1, , , , , , , , , , , , , , , , , , , ,115237768, , , , , , , ,12, , , , , , , , , , , , , , , , , , , , , , , , , , , , , , , , , ,12, , , , , , , , , , , 
2025-12-28 15:14:44.311 UTC, , , , , , , , , ,125,3192637,46112,672, ,9, ,12, , , , , , , , , ,9,9, , , ,3,6,9, , , , , , , , , , , ,1, , , ,3192637,46489,15, ,44172, , , , ,47275,619388334080,13,13,13,13, , , , , , , , , , , , , , , , , , , , , , , , , , , , , , , , ,47275,1766934104191,,, , , , , , , , , ,3145728,47246,1,1,0,1, , , , , , , , ,3,3, , ,1, , , , , , , , , , , , , , , , , , , ,115237768, , , , , , , ,12, , , , , , , , , , , , , , , , , , , , , , , , , , , , , , , , , ,12, , , , , , , , , , , 
2025-12-28 15:15:44.312 UTC, , , , , , , , , ,125,3192637,46112,672, ,9, ,12, , , , , , , , , ,9,9, , , ,3,6,9, , , , , , , , , , , ,1, , , ,3192637,46489,15, ,44172, , , , ,47275,619388334080,13,13,13,13, , , , , , , , , , , , , , , , , , , , , , , , , , , , , , , , ,47275,1766934104191,,, , , , , , , , , ,3145728,47246,1,1,0,1, , , , , , , , ,3,3, , ,1, , , , , , , , , , , , , , , , , , , ,115237768, , , , , , , ,12, , , , , , , , , , , , , , , , , , , , , , , , , , , , , , , , , ,12, , , , , , , , , , , 
2025-12-28 15:16:44.312 UTC, , , , , , , , , ,125,3192637,46112,672, ,9, ,12, , , , , , , , , ,9,9, , , ,3,6,9, , , , , , , , , , , ,1, , , ,3192637,46489,15, ,44172, , , , ,47275,619228545024,13,13,13,13, , , , , , , , , , , , , , , , , , , , , , , , , , , , , , , , ,47275,1766934104191,,, , , , , , , , , ,3145728,47246,1,1,0,1, , , , , , , , ,3,3, , ,1, , , , , , , , , , , , , , , , , , , ,115237768,1, , , , , , ,12, , , , , , , , , , , , , , , , , , , , , , , , , , , , , , , , , ,12, , , , , , , , , , , 
2025-12-28 15:17:44.327 UTC, , , , , , , , , ,125,3192637,46112,672, ,9, ,12, , , , , , , , , ,9,9, , , ,3,6,9, , , , , , , , , , , ,1, , , ,3192637,46489,15, ,44172, , , , ,47275,619228545024,13,13,13,13, , , , , , , , , , , , , , , , , , , , , , , , , , , , , , , , ,47275,1766934104191,,, , , , , , , , , ,3145728,47246,1,1,0,1, , , , , , , , ,3,3, , ,1, , , , , , , , , , , , , , , , , , , ,115237768, , , , , , , ,12, , , , , , , , , , , , , , , , , , , , , , , , , , , , , , , , , ,12, , , , , , , , , , , 
2025-12-28 15:18:44.328 UTC, , , , , , , , , ,125,3192637,46112,672, ,9, ,12, , , , , , , , , ,9,9, , , ,3,6,9, , , , , , , , , , , ,1, , , ,3192637,46489,15, ,44172, , , , ,47275,619228540928,13,13,13,13, , , , , , , , , , , , , , , , , , , , , , , , , , , , , , , , ,47275,1766934104191,,, , , , , , , , , ,3145728,47246,1,1,0,1, , , , , , , , ,3,3, , ,1, , , , , , , , , , , , , , , , , , , ,117334920,1, , , , , , ,12, , , , , , , , , , , , , , , , , , , , , , , , , , , , , , , , , ,12, , , , , , , , , , , 
2025-12-28 15:19:44.329 UTC, , , , , , , , , ,125,3192637,46112,672, ,9, ,12, , , , , , , , , ,9,9, , , ,3,6,9, , , , , , , , , , , ,1, , , ,3192637,46489,15, ,44172, , , , ,47275,619228540928,13,13,13,13, , , , , , , , , , , , , , , , , , , , , , , , , , , , , , , , ,47275,1766934104191,,, , , , , , , , , ,3145728,47246,0,0,0,0, , , , , , , , ,3,3, , ,1, , , , , , , , , , , , , , , , , , , ,117334920, , , , , , , ,12, , , , , , , , , , , , , , , , , , , , , , , , , , , , , , , , , ,12, , , , , , , , , , , 
2025-12-28 15:20:44.329 UTC, , , , , , , , , ,125,3192637,46112,672, ,9, ,12, , , , , , , , , ,9,9, , , ,3,6,9, , , , , , , , , , , ,1, , , ,3192637,46489,15, ,44172, , , , ,47275,619228540928,13,13,13,13, , , , , , , , , , , , , , , , , , , , , , , , , , , , , , , , ,47275,1766934104191,,, , , , , , , , , ,3145728,47246,0,0,0,0, , , , , , , , ,3,3, , ,1, , , , , , , , , , , , , , , , , , , ,117334920, , , , , , , ,12, , , , , , , , , , , , , , , , , , , , , , , , , , , , , , , , , ,12, , , , , , , , , , , 
2025-12-28 15:21:44.329 UTC, , , , , , , , , ,125,3192637,46112,672, ,9, ,12, , , , , , , , , ,9,9, , , ,3,6,9, , , , , , , , , , , ,1, , , ,3192637,46489,15, ,44172, , , , ,47275,619228540928,13,13,13,13, , , , , , , , , , , , , , , , , , , , , , , , , , , , , , , , ,47275,1766934104191,,, , , , , , , , , ,3145728,47246,1,1,0,1, , , , , , , , ,3,3, , ,1, , , , , , , , , , , , , , , , , , , ,117334920,1, , , , , , ,12, , , , , , , , , , , , , , , , , , , , , , , , , , , , , , , , , ,12, , , , , , , , , , , 
2025-12-28 15:22:44.330 UTC, , , , , , , , , ,125,3192637,46112,672, ,9, ,12, , , , , , , , , ,9,9, , , ,3,6,9, , , , , , , , , , , ,1, , , ,3192637,46489,15, ,44172, , , , ,47275,619228540928,13,13,13,13, , , , , , , , , , , , , , , , , , , , , , , , , , , , , , , , ,47275,1766934104191,,, , , , , , , , , ,3145728,47246,1,1,0,1, , , , , , , , ,3,3, , ,1, , , , , , , , , , , , , , , , , , , ,119432072,1, , , , , , ,12, , , , , , , , , , , , , , , , , , , , , , , , , , , , , , , , , ,12, , , , , , , , , , , 
2025-12-28 15:23:44.332 UTC, , , , , , , , , ,125,3192637,46112,672, ,9, ,12, , , , , , , , , ,9,9, , , ,3,6,9, , , , , , , , , , , ,1, , , ,3192637,46489,15, ,44172, , , , ,47275,619228540928,13,13,13,13, , , , , , , , , , , , , , , , , , , , , , , , , , , , , , , , ,47275,1766934104191,,, , , , , , , , , ,3145728,47246,1,1,0,1, , , , , , , , ,3,3, , ,1, , , , , , , , , , , , , , , , , , , ,119432072,1, , , , , , ,12, , , , , , , , , , , , , , , , , , , , , , , , , , , , , , , , , ,12, , , , , , , , , , , 
2025-12-28 15:24:44.333 UTC, , , , , , , , , ,125,3192637,46112,672, ,9, ,12, , , , , , , , , ,9,9, , , ,3,6,9, , , , , , , , , , , ,1, , , ,3192637,46489,15, ,44172, , , , ,47275,619228540928,13,13,13,13, , , , , , , , , , , , , , , , , , , , , , , , , , , , , , , , ,47275,1766934104191,,, , , , , , , , , ,3145728,47246,1,1,0,1, , , , , , , , ,3,3, , ,1, , , , , , , , , , , , , , , , , , , ,119432072,1, , , , , , ,12, , , , , , , , , , , , , , , , , , , , , , , , , , , , , , , , , ,12, , , , , , , , , , , 
2025-12-28 15:25:44.334 UTC, , , , , , , , , ,125,3192637,46112,672, ,9, ,12, , , , , , , , , ,9,9, , , ,3,6,9, , , , , , , , , , , ,1, , , ,3192637,46489,15, ,44172, , , , ,47275,619228540928,13,13,13,13, , , , , , , , , , , , , , , , , , , , , , , , , , , , , , , , ,47275,1766934104191,,, , , , , , , , , ,3145728,47246,1,1,0,1, , , , , , , , ,3,3, , ,1, , , , , , , , , , , , , , , , , , , ,119432072,1, , , , , , ,12, , , , , , , , , , , , , , , , , , , , , , , , , , , , , , , , , ,12, , , , , , , , , , , 
2025-12-28 15:26:44.336 UTC, , , , , , , , , ,125,3192637,46112,672, ,9, ,12, , , , , , , , , ,9,9, , , ,3,6,9, , , , , , , , , , , ,1, , , ,3192637,46489,15, ,44172, , , , ,47275,619228536832,13,13,13,13, , , , , , , , , , , , , , , , , , , , , , , , , , , , , , , , ,47275,1766934104191,,, , , , , , , , , ,3145728,47246,1,1,0,1, , , , , , , , ,3,3, , ,1, , , , , , , , , , , , , , , , , , , ,119432072,1, , , , , , ,12, , , , , , , , , , , , , , , , , , , , , , , , , , , , , , , , , ,12, , , , , , , , , , , 
2025-12-28 15:27:44.341 UTC, , , , , , , , , ,125,3192637,46112,672, ,9, ,12, , , , , , , , , ,9,9, , , ,3,6,9, , , , , , , , , , , ,1, , , ,3192637,46489,15, ,44172, , , , ,47275,619228536832,13,13,13,13, , , , , , , , , , , , , , , , , , , , , , , , , , , , , , , , ,47275,1766934104191,,, , , , , , , , , ,3145728,47246,1,1,0,1, , , , , , , , ,3,3, , ,1, , , , , , , , , , , , , , , , , , , ,119432072,1, , , , , , ,12, , , , , , , , , , , , , , , , , , , , , , , , , , , , , , , , , ,12, , , , , , , , , , , 
2025-12-28 15:28:44.342 UTC, , , , , , , , , ,125,3192637,46112,672, ,9, ,12, , , , , , , , , ,9,9, , , ,3,6,9, , , , , , , , , , , ,1, , , ,3192637,46489,15, ,44172, , , , ,47275,619228536832,13,13,13,13, , , , , , , , , , , , , , , , , , , , , , , , , , , , , , , , ,47275,1766934104191,,, , , , , , , , , ,3145728,47246,1,1,0,1, , , , , , , , ,3,3, , ,1, , , , , , , , , , , , , , , , , , , ,119432072,1, , , , , , ,12, , , , , , , , , , , , , , , , , , , , , , , , , , , , , , , , , ,12, , , , , , , , , , , 
2025-12-28 15:29:44.346 UTC, , , , , , , , , ,125,3192637,46112,672, ,9, ,12, , , , , , , , , ,9,9, , , ,3,6,9, , , , , , , , , , , ,1, , , ,3192637,46489,15, ,44172, , , , ,47275,619228536832,13,13,13,13, , , , , , , , , , , , , , , , , , , , , , , , , , , , , , , , ,47275,1766934104191,,, , , , , , , , , ,3145728,47246,1,1,1,1, , , , , , , , ,3,3, , ,1, , , , , , , , , , , , , , , , , , , ,119432072,1, , , , , , ,12, , , , , , , , , , , , , , , , , , , , , , , , , , , , , , , , , ,12, , , , , , , , , , , 
2025-12-28 15:30:44.347 UTC, , , , , , , , , ,125,3192637,46112,672, ,9, ,12, , , , , , , , , ,9,9, , , ,3,6,9, , , , , , , , , , , ,1, , , ,3192637,46489,15, ,44172, , , , ,47275,619228536832,13,13,13,13, , , , , , , , , , , , , , , , , , , , , , , , , , , , , , , , ,47275,1766934104191,,, , , , , , , , , ,3145728,47246,16,16,10,16, , , , , , , , ,3,3, , ,1, , , , , , , , , , , , , , , , , , , ,121529224,1, , , , , , ,12, , , , , , , , , , , , , , , , , , , , , , , , , , , , , , , , , ,12, , , , , , , , , , , 
2025-12-28 15:31:44.348 UTC, , , , , , , , , ,125,3192637,46112,672, ,9, ,12, , , , , , , , , ,9,9, , , ,3,6,9, , , , , , , , , , , ,1, , , ,3192637,46489,15, ,44172, , , , ,47275,619228536832,13,13,13,13, , , , , , , , , , , , , , , , , , , , , , , , , , , , , , , , ,47275,1766934104191,,, , , , , , , , , ,3145728,47246,1,1,0,1, , , , , , , , ,3,3, , ,1, , , , , , , , , , , , , , , , , , , ,121529224,1, , , , , , ,12, , , , , , , , , , , , , , , , , , , , , , , , , , , , , , , , , ,12, , , , , , , , , , , 
2025-12-28 15:32:44.349 UTC, , , , , , , , , ,125,3192637,46112,672, ,9, ,12, , , , , , , , , ,9,9, , , ,3,6,9, , , , , , , , , , , ,1, , , ,3192637,46489,15, ,44172, , , , ,47275,619228536832,13,13,13,13, , , , , , , , , , , , , , , , , , , , , , , , , , , , , , , , ,47275,1766934104191,,, , , , , , , , , ,3145728,47246,1,1,0,1, , , , , , , , ,3,3, , ,1, , , , , , , , , , , , , , , , , , , ,121529224, , , , , , , ,12, , , , , , , , , , , , , , , , , , , , , , , , , , , , , , , , , ,12, , , , , , , , , , , 
2025-12-28 15:33:44.350 UTC, , , , , , , , , ,125,3192637,46112,672, ,9, ,12, , , , , , , , , ,9,9, , , ,3,6,9, , , , , , , , , , , ,1, , , ,3192637,46489,15, ,44172, , , , ,47275,619228536832,13,13,13,13, , , , , , , , , , , , , , , , , , , , , , , , , , , , , , , , ,47275,1766934104191,,, , , , , , , , , ,3145728,47246,1,1,0,1, , , , , , , , ,3,3, , ,1, , , , , , , , , , , , , , , , , , , ,121529224,1, , , , , , ,12, , , , , , , , , , , , , , , , , , , , , , , , , , , , , , , , , ,12, , , , , , , , , , , 
2025-12-28 15:34:44.352 UTC, , , , , , , , , ,125,3192637,46112,672, ,9, ,136, , , , , , , , , ,9,9, , , ,3,6,9, ,212, , , , , , , , , ,1, , , ,3192637,46489,15, ,44172, , , , ,47275,619228532736,13,13,13,13, , , , , , , , , , , , , , , , , , , , , , , , , , , , , , , , ,47275,1766934104191,,, , , , , , , , , ,3145728,47246,2,2,1,2, , , , , , , , ,3,3, , ,1, , , , , , , , , , , , , , , , , , , ,125723528, , , , , , , ,1260, , , , , , , , , , , , , , , , , , , , , , , , , , , , , , , , ,1134,126, , , , , , , , , , , 
2025-12-28 15:35:44.355 UTC, , , , , , , , , ,125,3192637,46112,672, ,9, ,12, , , , , , , , , ,9,9, , , ,3,6,9, , , , , , , , , , , ,1, , , ,3192637,46489,15, ,44172, , , , ,47275,619228528640,13,13,13,13, , , , , , , , , , , , , , , , , , , , , , , , , , , , , , , , ,47275,1766934104191,,, , , , , , , , , ,3145728,47246,10,10,3,10, , , , , , , , ,3,3, , ,1, , , , , , , , , , , , , , , , , , , ,125723528, , , , , , , ,12, , , , , , , , , , , , , , , , , , , , , , , , , , , , , , , , , ,12, , , , , , , , , , , 
2025-12-28 15:36:44.357 UTC, , , , , , , , , ,125,3192637,46112,672, ,9, ,12, , , , , , , , , ,9,9, , , ,3,6,9, , , , , , , , , , , ,1, , , ,3192637,46489,15, ,44172, , , , ,47275,619228528640,13,13,13,13, , , , , , , , , , , , , , , , , , , , , , , , , , , , , , , , ,47275,1766934104191,,, , , , , , , , , ,3145728,47246,1,1,0,1, , , , , , , , ,3,3, , ,1, , , , , , , , , , , , , , , , , , , ,125723528, , , , , , , ,12, , , , , , , , , , , , , , , , , , , , , , , , , , , , , , , , , ,12, , , , , , , , , , , 
2025-12-28 15:37:44.360 UTC, , , , , , , , , ,125,3192637,46112,672, ,9, ,12, , , , , , , , , ,9,9, , , ,3,6,9, , , , , , , , , , , ,1, , , ,3192637,46489,15, ,44172, , , , ,47275,619228528640,13,13,13,13, , , , , , , , , , , , , , , , , , , , , , , , , , , , , , , , ,47275,1766934104191,,, , , , , , , , , ,3145728,47246,1,1,0,1, , , , , , , , ,3,3, , ,1, , , , , , , , , , , , , , , , , , , ,125723528, , , , , , , ,12, , , , , , , , , , , , , , , , , , , , , , , , , , , , , , , , , ,12, , , , , , , , , , , 
2025-12-28 15:38:44.363 UTC, , , , , , , , , ,125,3192637,46112,672, ,9, ,12, , , , , , , , , ,9,9, , , ,3,6,9, , , , , , , , , , , ,1, , , ,3192637,46489,15, ,44172, , , , ,47275,619228528640,13,13,13,13, , , , , , , , , , , , , , , , , , , , , , , , , , , , , , , , ,47275,1766934104191,,, , , , , , , , , ,3145728,47246,1,1,1,1, , , , , , , , ,3,3, , ,1, , , , , , , , , , , , , , , , , , , ,125723528, , , , , , , ,12, , , , , , , , , , , , , , , , , , , , , , , , , , , , , , , , , ,12, , , , , , , , , , , 
2025-12-28 15:39:44.365 UTC, , , , , , , , , ,125,3192637,46112,672, ,9, ,12, , , , , , , , , ,9,9, , , ,3,6,9, , , , , , , , , , , ,1, , , ,3192637,46489,15, ,44172, , , , ,47275,619228528640,13,13,13,13, , , , , , , , , , , , , , , , , , , , , , , , , , , , , , , , ,47275,1766934104191,,, , , , , , , , , ,3145728,47246,0,0,0,0, , , , , , , , ,3,3, , ,1, , , , , , , , , , , , , , , , , , , ,125723528,1, , , , , , ,12, , , , , , , , , , , , , , , , , , , , , , , , , , , , , , , , , ,12, , , , , , , , , , , 
2025-12-28 15:40:44.366 UTC, , , , , , , , , ,125,3192637,46112,672, ,9, ,12, , , , , , , , , ,9,9, , , ,3,6,9, , , , , , , , , , , ,1, , , ,3192637,46489,15, ,44172, , , , ,47275,619228528640,13,13,13,13, , , , , , , , , , , , , , , , , , , , , , , , , , , , , , , , ,47275,1766934104191,,, , , , , , , , , ,3145728,47246,1,1,0,1, , , , , , , , ,3,3, , ,1, , , , , , , , , , , , , , , , , , , ,125723528, , , , , , , ,12, , , , , , , , , , , , , , , , , , , , , , , , , , , , , , , , , ,12, , , , , , , , , , , 
2025-12-28 15:41:44.372 UTC, , , , , , , , , ,125,3192637,46112,672, ,9, ,12, , , , , , , , , ,9,9, , , ,3,6,9, , , , , , , , , , , ,1, , , ,3192637,46489,15, ,44172, , , , ,47275,619228524544,13,13,13,13, , , , , , , , , , , , , , , , , , , , , , , , , , , , , , , , ,47275,1766934104191,,, , , , , , , , , ,3145728,47246,0,0,0,0, , , , , , , , ,3,3, , ,1, , , , , , , , , , , , , , , , , , , ,125723528,1, , , , , , ,12, , , , , , , , , , , , , , , , , , , , , , , , , , , , , , , , , ,12, , , , , , , , , , , 
2025-12-28 15:42:44.373 UTC, , , , , , , , , ,125,3192637,46112,672, ,9, ,12, , , , , , , , , ,9,9, , , ,3,6,9, , , , , , , , , , , ,1, , , ,3192637,46489,15, ,44172, , , , ,47275,619228524544,13,13,13,13, , , , , , , , , , , , , , , , , , , , , , , , , , , , , , , , ,47275,1766934104191,,, , , , , , , , , ,3145728,47246,19,19,6,19, , , , , , , , ,3,3, , ,1, , , , , , , , , , , , , , , , , , , ,127820680,1, , , , , , ,12, , , , , , , , , , , , , , , , , , , , , , , , , , , , , , , , , ,12, , , , , , , , , , , 
2025-12-28 15:43:44.375 UTC, , , , , , , , , ,125,3192637,46112,672, ,9, ,56, , , , , , , , , ,9,9, , , ,3,6,9, ,72, , , , , , , , , ,1, , , ,3192637,46489,15, ,44172, , , , ,47275,619228524544,13,13,13,13, , , , , , , , , , , , , , , , , , , , , , , , , , , , , , , , ,47275,1766934104191,,, , , , , , , , , ,3145728,47246,1,1,0,1, , , , , , , , ,3,3, , ,1, , , , , , , , , , , , , , , , , , , ,127820680,1, , , , , , ,488, , , , , , , , , , , , , , , , , , , , , , , , , , , , , , , , ,436,52, , , , , , , , , , , 
2025-12-28 15:44:44.376 UTC, , , , , , , , , ,125,3192637,46112,672, ,9, ,83, , , , , , , , , ,9,9, , , ,3,6,9, ,116, , , , , , , , , ,1, , , ,3192637,46489,15, ,44172, , , , ,47275,619228524544,13,13,13,13, , , , , , , , , , , , , , , , , , , , , , , , , , , , , , , , ,47275,1766934104191,,, , , , , , , , , ,3145728,47246,1,1,1,1, , , , , , , , ,3,3, , ,1, , , , , , , , , , , , , , , , , , , ,129917832,1, , , , , , ,743, , , , , , , , , , , , , , , , , , , , , , , , , , , , , , , , ,666,77, , , , , , , , , , , 
2025-12-28 15:45:44.377 UTC, , , , , , , , , ,125,3192637,46112,672, ,9, ,12, , , , , , , , , ,9,9, , , ,3,6,9, , , , , , , , , , , ,1, , , ,3192637,46489,15, ,44172, , , , ,47275,619228524544,13,13,13,13, , , , , , , , , , , , , , , , , , , , , , , , , , , , , , , , ,47275,1766934104191,,, , , , , , , , , ,3145728,47246,1,1,0,1, , , , , , , , ,3,3, , ,1, , , , , , , , , , , , , , , , , , , ,129917832,1, , , , , , ,12, , , , , , , , , , , , , , , , , , , , , , , , , , , , , , , , , ,12, , , , , , , , , , , 
2025-12-28 15:46:44.379 UTC, , , , , , , , , ,125,3192637,46112,672, ,9, ,12, , , , , , , , , ,9,9, , , ,3,6,9, , , , , , , , , , , ,1, , , ,3192637,46489,15, ,44172, , , , ,47275,619228524544,13,13,13,13, , , , , , , , , , , , , , , , , , , , , , , , , , , , , , , , ,47275,1766934104191,,, , , , , , , , , ,3145728,47246,1,1,0,1, , , , , , , , ,3,3, , ,1, , , , , , , , , , , , , , , , , , , ,129917832,1, , , , , , ,12, , , , , , , , , , , , , , , , , , , , , , , , , , , , , , , , , ,12, , , , , , , , , , , 
2025-12-28 15:47:44.386 UTC, , , , , , , , , ,125,3192637,46112,672, ,9, ,126, , , , , , , , , ,9,9, , , ,3,6,9, ,184, , , , , , , , , ,1, , , ,3192637,46489,15, ,44172, , , , ,47275,619228524544,13,13,13,13, , , , , , , , , , , , , , , , , , , , , , , , , , , , , , , , ,47275,1766934104191,,, , , , , , , , , ,3145728,47246,1,1,0,1, , , , , , , , ,3,3, , ,1, , , , , , , , , , , , , , , , , , , ,134112136,1, , , , , , ,1463, , , , , , , , , , , , , , , , , , , , , , , , , , , , , , , , ,1354,109, , , , , , , , , , , 
2025-12-28 15:48:44.388 UTC, , , , , , , , , ,125,3192637,46112,672, ,9, ,226, , , , , , , , , ,9,9, , , ,3,6,9, ,214, , , , , , , , , ,1, , , ,3192637,46489,15, ,44172, , , , ,47275,619228524544,13,13,13,13, , , , , , , , , , , , , , , , , , , , , , , , , , , , , , , , ,47275,1766934104191,,, , , , , , , , , ,3145728,47246,1,1,1,1, , , , , , , , ,3,3, , ,1, , , , , , , , , , , , , , , , , , , ,140403592, , , , , , , ,1398, , , , , , , , , , , , , , , , , , , , , , , , , , , , , , , , ,1190,208, , , , , , , , , , , 
2025-12-28 15:49:44.389 UTC, , , , , , , , , ,125,3192637,46112,672, ,9, ,102, , , , , , , , , ,9,9, , , ,3,6,9, ,55, , , , , , , , , ,1, , , ,3192637,46489,15, ,44172, , , , ,47275,619228520448,13,13,13,13, , , , , , , , , , , , , , , , , , , , , , , , , , , , , , , , ,47275,1766934104191,,, , , , , , , , , ,3145728,47246,1,1,0,1, , , , , , , , ,3,3, , ,1, , , , , , , , , , , , , , , , , , , ,144597896, , , , , , , ,290, , , , , , , , , , , , , , , , , , , , , , , , , , , , , , , , ,193,97, , , , , , , , , , , 
2025-12-28 15:50:44.392 UTC, , , , , , , , , ,125,3192637,46112,672, ,9, ,12, , , , , , , , , ,9,9, , , ,3,6,9, , , , , , , , , , , ,1, , , ,3192637,46489,15, ,44172, , , , ,47275,619228520448,13,13,13,13, , , , , , , , , , , , , , , , , , , , , , , , , , , , , , , , ,47275,1766934104191,,, , , , , , , , , ,3145728,47246,1,1,0,1, , , , , , , , ,3,3, , ,1, , , , , , , , , , , , , , , , , , , ,144597896, , , , , , , ,12, , , , , , , , , , , , , , , , , , , , , , , , , , , , , , , , , ,12, , , , , , , , , , , 
2025-12-28 15:51:44.393 UTC, , , , , , , , , ,125,3192637,46112,672, ,9, ,12, , , , , , , , , ,9,9, , , ,3,6,9, , , , , , , , , , , ,1, , , ,3192637,46489,15, ,44172, , , , ,47275,619228520448,13,13,13,13, , , , , , , , , , , , , , , , , , , , , , , , , , , , , , , , ,47275,1766934104191,,, , , , , , , , , ,3145728,47246,1,1,0,1, , , , , , , , ,3,3, , ,1, , , , , , , , , , , , , , , , , , , ,146695048,1, , , , , , ,12, , , , , , , , , , , , , , , , , , , , , , , , , , , , , , , , , ,12, , , , , , , , , , , 
2025-12-28 15:52:44.394 UTC, , , , , , , , , ,125,3192637,46112,672, ,9, ,12, , , , , , , , , ,9,9, , , ,3,6,9, , , , , , , , , , , ,1, , , ,3192637,46489,15, ,44172, , , , ,47275,619228520448,13,13,13,13, , , , , , , , , , , , , , , , , , , , , , , , , , , , , , , , ,47275,1766934104191,,, , , , , , , , , ,3145728,47246,1,1,0,1, , , , , , , , ,3,3, , ,1, , , , , , , , , , , , , , , , , , , ,146695048,1, , , , , , ,12, , , , , , , , , , , , , , , , , , , , , , , , , , , , , , , , , ,12, , , , , , , , , , , 
2025-12-28 15:53:44.396 UTC, , , , , , , , , ,125,3192637,46112,672, ,9, ,12, , , , , , , , , ,9,9, , , ,3,6,9, , , , , , , , , , , ,1, , , ,3192637,46489,15, ,44172, , , , ,47275,619228520448,13,13,13,13, , , , , , , , , , , , , , , , , , , , , , , , , , , , , , , , ,47275,1766934104191,,, , , , , , , , , ,3145728,47246,1,1,0,1, , , , , , , , ,3,3, , ,1, , , , , , , , , , , , , , , , , , , ,146695048,1, , , , , , ,12, , , , , , , , , , , , , , , , , , , , , , , , , , , , , , , , , ,12, , , , , , , , , , , 
2025-12-28 15:54:44.396 UTC, , , , , , , , , ,125,3192637,46112,672, ,9, ,12, , , , , , , , , ,9,9, , , ,3,6,9, , , , , , , , , , , ,1, , , ,3192637,46489,15, ,44172, , , , ,47275,619228520448,13,13,13,13, , , , , , , , , , , , , , , , , , , , , , , , , , , , , , , , ,47275,1766934104191,,, , , , , , , , , ,3145728,47246,1,1,0,1, , , , , , , , ,3,3, , ,1, , , , , , , , , , , , , , , , , , , ,146695048, , , , , , , ,12, , , , , , , , , , , , , , , , , , , , , , , , , , , , , , , , , ,12, , , , , , , , , , , 
2025-12-28 15:55:44.398 UTC, , , , , , , , , ,125,3192637,46112,672, ,9, ,33, , , , , , , , , ,9,9, , , ,3,6,9, ,28, , , , , , , , , ,1, , , ,3192637,46489,15, ,44172, , , , ,47275,619228520448,13,13,13,13, , , , , , , , , , , , , , , , , , , , , , , , , , , , , , , , ,47275,1766934104191,,, , , , , , , , , ,3145728,47246,1,1,1,1, , , , , , , , ,3,3, , ,1, , , , , , , , , , , , , , , , , , , ,150889352, , , , , , , ,240, , , , , , , , , , , , , , , , , , , , , , , , , , , , , , , , ,209,31, , , , , , , , , , , 
2025-12-28 15:56:44.399 UTC, , , , , , , , , ,125,3192637,46112,672, ,9, ,12, , , , , , , , , ,9,9, , , ,3,6,9, , , , , , , , , , , ,1, , , ,3192637,46489,15, ,44172, , , , ,47275,619228520448,13,13,13,13, , , , , , , , , , , , , , , , , , , , , , , , , , , , , , , , ,47275,1766934104191,,, , , , , , , , , ,3145728,47246,1,1,1,1, , , , , , , , ,3,3, , ,1, , , , , , , , , , , , , , , , , , , ,150889352, , , , , , , ,12, , , , , , , , , , , , , , , , , , , , , , , , , , , , , , , , , ,12, , , , , , , , , , , 
2025-12-28 15:57:44.404 UTC, , , , , , , , , ,125,3192637,46112,672, ,9, ,12, , , , , , , , , ,9,9, , , ,3,6,9, , , , , , , , , , , ,1, , , ,3192637,46489,15, ,44172, , , , ,47275,619228516352,13,13,13,13, , , , , , , , , , , , , , , , , , , , , , , , , , , , , , , , ,47275,1766934104191,,, , , , , , , , , ,3145728,47246,1,1,0,1, , , , , , , , ,3,3, , ,1, , , , , , , , , , , , , , , , , , , ,150889352, , , , , , , ,12, , , , , , , , , , , , , , , , , , , , , , , , , , , , , , , , , ,12, , , , , , , , , , , 
2025-12-28 15:58:44.406 UTC, , , , , , , , , ,125,3192637,46112,672, ,9, ,33, , , , , , , , , ,9,9, , , ,3,6,9, ,28, , , , , , , , , ,1, , , ,3192637,46489,15, ,44172, , , , ,47275,619228516352,13,13,13,13, , , , , , , , , , , , , , , , , , , , , , , , , , , , , , , , ,47275,1766934104191,,, , , , , , , , , ,3145728,47246,1,1,0,1, , , , , , , , ,3,3, , ,1, , , , , , , , , , , , , , , , , , , ,155083656, , , , , , , ,239, , , , , , , , , , , , , , , , , , , , , , , , , , , , , , , , ,208,31, , , , , , , , , , , 
2025-12-28 15:59:44.407 UTC, , , , , , , , , ,125,3192637,46112,672, ,9, ,12, , , , , , , , , ,9,9, , , ,3,6,9, , , , , , , , , , , ,1, , , ,3192637,46489,15, ,44172, , , , ,47275,619228516352,13,13,13,13, , , , , , , , , , , , , , , , , , , , , , , , , , , , , , , , ,47275,1766934104191,,, , , , , , , , , ,3145728,47246,1,1,0,1, , , , , , , , ,3,3, , ,1, , , , , , , , , , , , , , , , , , , ,155083656, , , , , , , ,12, , , , , , , , , , , , , , , , , , , , , , , , , , , , , , , , , ,12, , , , , , , , , , , 
2025-12-28 16:00:44.411 UTC, , , , , , , , , ,125,3192637,46112,672, ,9, ,12, , , , , , , , , ,9,9, , , ,3,6,9, , , , , , , , , , , ,1, , , ,3192637,46489,15, ,44172, , , , ,47275,619228516352,13,13,13,13, , , , , , , , , , , , , , , , , , , , , , , , , , , , , , , , ,47275,1766934104191,,, , , , , , , , , ,3145728,47246,14,14,5,14, , , , , , , , ,3,3, , ,1, , , , , , , , , , , , , , , , , , , ,155083656, , , , , , , ,12, , , , , , , , , , , , , , , , , , , , , , , , , , , , , , , , , ,12, , , , , , , , , , , 
2025-12-28 16:01:44.414 UTC, , , , , , , , , ,125,3192637,46112,672, ,9, ,12, , , , , , , , , ,9,9, , , ,3,6,9, , , , , , , , , , , ,1, , , ,3192637,46489,15, ,44172, , , , ,47275,619228516352,13,13,13,13, , , , , , , , , , , , , , , , , , , , , , , , , , , , , , , , ,47275,1766934104191,,, , , , , , , , , ,3145728,47246,1,1,0,1, , , , , , , , ,3,3, , ,1, , , , , , , , , , , , , , , , , , , ,155083656, , , , , , , ,12, , , , , , , , , , , , , , , , , , , , , , , , , , , , , , , , , ,12, , , , , , , , , , , 
2025-12-28 16:02:44.416 UTC, , , , , , , , , ,125,3192637,46112,672, ,9, ,12, , , , , , , , , ,9,9, , , ,3,6,9, , , , , , , , , , , ,1, , , ,3192637,46489,15, ,44172, , , , ,47275,619228516352,13,13,13,13, , , , , , , , , , , , , , , , , , , , , , , , , , , , , , , , ,47275,1766934104191,,, , , , , , , , , ,3145728,47246,11,11,4,11, , , , , , , , ,3,3, , ,1, , , , , , , , , , , , , , , , , , , ,155083656, , , , , , , ,12, , , , , , , , , , , , , , , , , , , , , , , , , , , , , , , , , ,12, , , , , , , , , , , 
2025-12-28 16:03:44.418 UTC, , , , , , , , , ,125,3192637,46112,672, ,9, ,145, , , , , , , , , ,9,9, , , ,3,6,9, ,201, , , , , , , , , ,1, , , ,3192637,46489,15, ,44172, , , , ,47275,619228516352,13,13,13,13, , , , , , , , , , , , , , , , , , , , , , , , , , , , , , , , ,47275,1766934104191,,, , , , , , , , , ,3145728,48170,29,29,19,29, , , ,6,6, ,6, ,3,9, , ,1, , , , , , , , , ,924,6, , , , , , , , ,165569416,1, , , , , , ,1106, , , , , , , , , , , , , , , , , , , , , , , , , , , , , , ,14, ,969,123, , , , , , , , , , , 
2025-12-28 16:04:44.419 UTC, , , , , , , , , ,125,3192637,46112,672, ,9, ,12, , , , , , , , , ,9,9, , , ,3,6,9, , , , , , , , , , , ,1, , , ,3192637,46489,15, ,44172, , , , ,48199,619228516352,13,13,13,13, , , , , , , , , , , , , , , , , , , , , , , , , , , , , , , , ,48199,1766934104191,,, , , , , , , , , ,3145728,48170,1,1,0,1, , , , , , , , ,3,3, , ,1, , , , , , , , , , , , , , , , , , , ,165569416, , , , , , , ,12, , , , , , , , , , , , , , , , , , , , , , , , , , , , , , , , , ,12, , , , , , , , , , , 
2025-12-28 16:05:44.420 UTC, , , , , , , , , ,125,3192637,46112,672, ,9, ,12, , , , , , , , , ,9,9, , , ,3,6,9, , , , , , , , , , , ,1, , , ,3192637,46489,15, ,44172, , , , ,48199,619228512256,13,13,13,13, , , , , , , , , , , , , , , , , , , , , , , , , , , , , , , , ,48199,1766934104191,,, , , , , , , , , ,3145728,48170,1,1,1,1, , , , , , , , ,3,3, , ,1, , , , , , , , , , , , , , , , , , , ,165569416, , , , , , , ,12, , , , , , , , , , , , , , , , , , , , , , , , , , , , , , , , , ,12, , , , , , , , , , , 
2025-12-28 16:06:44.422 UTC, , , , , , , , , ,589,3199477,52488,672, ,10, ,502, , , , , , , , , ,10,9, , , ,3,6,9, ,467, , , , , , , , , ,1, , , ,3199477,46489,15, ,44172, , , , ,55363,619228504064,12,12,12,12, , , , , , , , , , , , , , , , , , , , , , , , , , , , , , , , ,55363,1766934104191,,, , , , , , , , , ,3145728,55334,30,30,17,30, , , ,7,7, ,7, ,3,10, , ,1, , , , , , , , , ,7164,7, , , , , , , , ,201221000, , , , , , , ,3767, , , , , , , , , , , , , , , , , , , , , , , , , , , , , , ,83, ,3319,365, , , , , , , , , , , 
2025-12-28 16:07:44.423 UTC, , , , , , , , , ,589,3199477,52488,672, ,10, ,12, , , , , , , , , ,10,9, , , ,3,6,9, , , , , , , , , , , ,1, , , ,3199477,46489,15, ,44172, , , , ,55363,619228504064,12,12,12,12, , , , , , , , , , , , , , , , , , , , , , , , , , , , , , , , ,55363,1766934104191,,, , , , , , , , , ,3145728,55334,1,1,0,1, , , , , , , , ,3,3, , ,1, , , , , , , , , , , , , , , , , , , ,201221000, , , , , , , ,12, , , , , , , , , , , , , , , , , , , , , , , , , , , , , , , , , ,12, , , , , , , , , , , 
2025-12-28 16:08:44.424 UTC, , , , , , , , , ,589,3200485,53496,672, ,10, ,681, , , , , , , , , ,10,9, , , ,3,6,9, ,842, , , , , , , , , ,1, , , ,3200485,46489,15, ,44172, , , , ,55363,619228504064,12,12,12,12, , , , , , , , , , , , , , , , , , , , , , , , , , , , , , , , ,55363,1766934104191,,, , , , , , , , , ,3145728,56101,55,55,18,55, , , ,5,5, ,5, ,3,8, , ,1, , , , , , , , , ,767,5, , , , , , , , ,226386824, , , , , , , ,7006, , , , , , , , , , , , , , , , , , , , , , , , , , , , , , ,13, ,6424,569, , , , , , , , , , , 
2025-12-28 16:09:44.425 UTC, , , , , , , , , ,589,3200485,53496,672, ,10, ,162, , , , , , , , , ,10,9, , , ,3,6,9, ,170, , , , , , , , , ,1, , , ,3200485,46489,15, ,44172, , , , ,56130,619228504064,12,12,12,12, , , , , , , , , , , , , , , , , , , , , , , , , , , , , , , , ,56130,1766934104191,,, , , , , , , , , ,3145728,56101,1,1,1,1, , , , , , , , ,3,3, , ,1, , , , , , , , , , , , , , , , , , , ,228483976, , , , , , , ,1568, , , , , , , , , , , , , , , , , , , , , , , , , , , , , , , , ,1427,141, , , , , , , , , , , 
2025-12-28 16:10:44.427 UTC, , , , , , , , , ,589,3200485,53496,672, ,10, ,12, , , , , , , , , ,10,9, , , ,3,6,9, , , , , , , , , , , ,1, , , ,3200485,46489,15, ,44172, , , , ,56130,619228504064,12,12,12,12, , , , , , , , , , , , , , , , , , , , , , , , , , , , , , , , ,56130,1766934104191,,, , , , , , , , , ,3145728,56101,1,1,0,1, , , , , , , , ,3,3, , ,1, , , , , , , , , , , , , , , , , , , ,228483976, , , , , , , ,12, , , , , , , , , , , , , , , , , , , , , , , , , , , , , , , , , ,12, , , , , , , , , , , 
2025-12-28 16:11:44.430 UTC, , , , , , , , , ,589,3200485,53496,672, ,10, ,12, , , , , , , , , ,10,9, , , ,3,6,9, , , , , , , , , , , ,1, , , ,3200485,46489,15, ,44172, , , , ,56130,619228504064,12,12,12,12, , , , , , , , , , , , , , , , , , , , , , , , , , , , , , , , ,56130,1766934104191,,, , , , , , , , , ,3145728,56101,1,1,0,1, , , , , , , , ,3,3, , ,1, , , , , , , , , , , , , , , , , , , ,228483976, , , , , , , ,12, , , , , , , , , , , , , , , , , , , , , , , , , , , , , , , , , ,12, , , , , , , , , , , 
2025-12-28 16:12:44.431 UTC, , , , , , , , , ,589,3201509,54520,672, ,10, ,441, , , , , , , , , ,10,9, , , ,3,6,9, ,566, , , , , , , , , ,1, , , ,3201509,46489,15, ,44172, , , , ,56866,619228504064,12,12,12,12, , , , , , , , , , , , , , , , , , , , , , , , , , , , , , , , ,56866,1766934104191,,, , , , , , , , , ,3145728,56837,31,31,14,31, , , ,4,4, ,4, ,3,7, , ,1, , , , , , , , , ,736,4, , , , , , , , ,251552648, , , , , , , ,4109, , , , , , , , , , , , , , , , , , , , , , , , , , , , , , ,12, ,3727,370,1, , , , , , , , , , 
2025-12-28 16:13:44.432 UTC, , , , , , , , , ,589,3201509,54520,672, ,10, ,12, , , , , , , , , ,10,9, , , ,3,6,9, , , , , , , , , , , ,1, , , ,3201509,46489,15, ,44172, , , , ,56866,619228499968,12,12,12,12, , , , , , , , , , , , , , , , , , , , , , , , , , , , , , , , ,56866,1766934104191,,, , , , , , , , , ,3145728,56837,1,1,0,1, , , , , , , , ,3,3, , ,1, , , , , , , , , , , , , , , , , , , ,251552648, , , , , , , ,12, , , , , , , , , , , , , , , , , , , , , , , , , , , , , , , , , ,12, , , , , , , , , , , 
2025-12-28 16:14:44.433 UTC, , , , , , , , , ,589,3201509,54520,672, ,10, ,12, , , , , , , , , ,10,9, , , ,3,6,9, , , , , , , , , , , ,1, , , ,3201509,46489,15, ,44172, , , , ,56866,619228499968,12,12,12,12, , , , , , , , , , , , , , , , , , , , , , , , , , , , , , , , ,56866,1766934104191,,, , , , , , , , , ,3145728,56837,17,17,6,17, , , , , , , , ,3,3, , ,1, , , , , , , , , , , , , , , , , , , ,251552648, , , , , , , ,12, , , , , , , , , , , , , , , , , , , , , , , , , , , , , , , , , ,12, , , , , , , , , , , 
2025-12-28 16:15:44.435 UTC, , , , , , , , , ,589,3201509,54520,672, ,10, ,12, , , , , , , , , ,10,9, , , ,3,6,9, , , , , , , , , , , ,1, , , ,3201509,46489,15, ,44172, , , , ,56866,619228499968,12,12,12,12, , , , , , , , , , , , , , , , , , , , , , , , , , , , , , , , ,56866,1766934104191,,, , , , , , , , , ,3145728,56837,16,16,6,16, , , , , , , , ,3,3, , ,1, , , , , , , , , , , , , , , , , , , ,251552648, , , , , , , ,12, , , , , , , , , , , , , , , , , , , , , , , , , , , , , , , , , ,12, , , , , , , , , , , 
2025-12-28 16:16:44.437 UTC, , , , , , , , , ,589,3201509,54520,672, ,10, ,12, , , , , , , , , ,10,9, , , ,3,6,9, , , , , , , , , , , ,1, , , ,3201509,46489,15, ,44172, , , , ,56866,619228499968,12,12,12,12, , , , , , , , , , , , , , , , , , , , , , , , , , , , , , , , ,56866,1766934104191,,, , , , , , , , , ,3145728,56837,10,10,4,10, , , , , , , , ,3,3, , ,1, , , , , , , , , , , , , , , , , , , ,251552648,1, , , , , , ,12, , , , , , , , , , , , , , , , , , , , , , , , , , , , , , , , , ,12, , , , , , , , , , , 
2025-12-28 16:17:44.439 UTC, , , , , , , , , ,589,3201509,54520,672, ,10, ,237, , , , , , , , , ,10,9, , , ,3,6,9, ,303, , , , , , , , , ,1, , , ,3201509,46489,15, ,44172, , , , ,56866,619388284928,12,12,12,12, , , , , , , , , , , , , , , , , , , , , , , , , , , , , , , , ,56866,1766934104191,,, , , , , , , , , ,3145728,56837,1,1,0,1, , , , , , , , ,3,3, , ,1, , , , , , , , , , , , , , , , , , , ,259941256,1, , , , , , ,2217, , , , , , , , , , , , , , , , , , , , , , , , , , , , , , , , ,2008,209, , , , , , , , , , , 
2025-12-28 16:18:44.442 UTC, , , , , , , , , ,589,3204485,57496,672, ,11, ,1357, , , , , , , , , ,11,9, , , ,3,6,9, ,1512, , , , , , , , , ,1, , , ,3204485,46489,15, ,44172, , , , ,61569,619228483584,12,12,12,12, , , , , , , , , , , , , , , , , , , , , , , , , , , , , , , , ,61569,1766934104191,,, , , , , , , , , ,3145728,61540,27,27,15,27, , , ,1,1, ,1, ,3,4, , ,1, , , , , , , , , ,4703,1, , , , , , , , ,287204232, , , , , , , ,12011, , , , , , , , , , , , , , , , , , , , , , , , , , , , , , ,28, ,10975,1008,1, , , , , , , , , , 
2025-12-28 16:19:44.445 UTC, , , , , , , , , ,589,3204485,57496,672, ,11, ,12, , , , , , , , , ,11,9, , , ,3,6,9, , , , , , , , , , , ,1, , , ,3204485,46489,15, ,44172, , , , ,61569,619388264448,12,12,12,12, , , , , , , , , , , , , , , , , , , , , , , , , , , , , , , , ,61569,1766934104191,,, , , , , , , , , ,3145728,61540,1,1,0,1, , , , , , , , ,3,3, , ,1, , , , , , , , , , , , , , , , , , , ,287204232, , , , , , , ,12, , , , , , , , , , , , , , , , , , , , , , , , , , , , , , , , , ,12, , , , , , , , , , , 
2025-12-28 16:20:44.447 UTC, , , , , , , , , ,589,3205501,58512,672, ,11, ,474, , , , , , , , , ,11,9, , , ,3,6,9, ,526, , , , , , , , , ,1, , , ,3205501,46489,15, ,44172, , , , ,62439,619228479488,12,12,12,12, , , , , , , , , , , , , , , , , , , , , , , , , , , , , , , , ,62439,1766934104191,,, , , , , , , , , ,3145728,62410,25,25,15,25, , , ,2,2, ,2, ,3,5, , ,1, , , , , , , , , ,870,2, , , , , , , , ,310272904, , , , , , , ,4071, , , , , , , , , , , , , , , , , , , , , , , , , , , , , , ,15, ,3723,329, ,2, , , , , , , , , 
2025-12-28 16:21:44.450 UTC, , , , , , , , , ,589,3205501,58512,672, ,11, ,12, , , , , , , , , ,11,9, , , ,3,6,9, , , , , , , , , , , ,1, , , ,3205501,46489,15, ,44172, , , , ,62439,619228475392,12,12,12,12, , , , , , , , , , , , , , , , , , , , , , , , , , , , , , , , ,62439,1766934104191,,, , , , , , , , , ,3145728,62410,1,1,1,1, , , , , , , , ,3,3, , ,1, , , , , , , , , , , , , , , , , , , ,310272904, , , , , , , ,12, , , , , , , , , , , , , , , , , , , , , , , , , , , , , , , , , ,12, , , , , , , , , , , 
2025-12-28 16:22:44.451 UTC, , , , , , , , , ,589,3205501,58512,672, ,11, ,12, , , , , , , , , ,11,9, , , ,3,6,9, , , , , , , , , , , ,1, , , ,3205501,46489,15, ,44172, , , , ,62439,619228475392,12,12,12,12, , , , , , , , , , , , , , , , , , , , , , , , , , , , , , , , ,62439,1766934104191,,, , , , , , , , , ,3145728,62410,1,1,0,1, , , , , , , , ,3,3, , ,1, , , , , , , , , , , , , , , , , , , ,310272904, , , , , , , ,12, , , , , , , , , , , , , , , , , , , , , , , , , , , , , , , , , ,12, , , , , , , , , , , 
2025-12-28 16:23:44.453 UTC, , , , , , , , , ,589,3205501,58512,672, ,11, ,12, , , , , , , , , ,11,9, , , ,3,6,9, , , , , , , , , , , ,1, , , ,3205501,46489,15, ,44172, , , , ,62439,619228475392,12,12,12,12, , , , , , , , , , , , , , , , , , , , , , , , , , , , , , , , ,62439,1766934104191,,, , , , , , , , , ,3145728,62410,1,1,1,1, , , , , , , , ,3,3, , ,1, , , , , , , , , , , , , , , , , , , ,310272904,1, , , , , , ,12, , , , , , , , , , , , , , , , , , , , , , , , , , , , , , , , , ,12, , , , , , , , , , , 
2025-12-28 16:24:44.456 UTC, , , , , , , , , ,589,3205501,58512,672, ,11, ,12, , , , , , , , , ,11,9, , , ,3,6,9, , , , , , , , , , , ,1, , , ,3205501,46489,15, ,44172, , , , ,62439,619228475392,12,12,12,12, , , , , , , , , , , , , , , , , , , , , , , , , , , , , , , , ,62439,1766934104191,,, , , , , , , , , ,3145728,62410,1,1,0,1, , , , , , , , ,3,3, , ,1, , , , , , , , , , , , , , , , , , , ,312370056,1, , , , , , ,12, , , , , , , , , , , , , , , , , , , , , , , , , , , , , , , , , ,12, , , , , , , , , , , 
2025-12-28 16:25:44.459 UTC, , , , , , , , , ,589,3205501,58512,672, ,11, ,631, , , , , , , , , ,11,9, , , ,3,6,9, ,615, , , , , , , , , ,1, , , ,3205501,46489,15, ,44172, , , , ,62928,619228475392,12,12,12,12, , , , , , , , , , , , , , , , , , , , , , , , , , , , , , , , ,62928,1766934104191,,, , , , , , , , , ,3145728,62899,35,35,17,35, , , ,2,2, ,2, ,3,5, , ,1, , , , , , , , , ,489,2, , , , , , , , ,320758664,1, , , , , , ,5835, , , , , , , , , , , , , , , , , , , , , , , , , , , , , , ,10, ,5359,466, , , , , , , , , , , 
2025-12-28 16:26:44.462 UTC, , , , , , , , , ,589,3205501,58512,672, ,11, ,12, , , , , , , , , ,11,9, , , ,3,6,9, , , , , , , , , , , ,1, , , ,3205501,46489,15, ,44172, , , , ,62928,619124056064,12,12,12,12, , , , , , , , , , , , , , , , , , , , , , , , , , , , , , , , ,62928,1766934104191,,, , , , , , , , , ,3145728,62899,16,16,15,16, , , , , , , , ,3,3, , ,1, , , , , , , , , , , , , , , , , , , ,320758664,1, , , , , , ,12, , , , , , , , , , , , , , , , , , , , , , , , , , , , , , , , , ,12, , , , , , , , , , , 
2025-12-28 16:27:44.464 UTC, , , , , , , , , ,589,3205501,58512,672, ,11, ,12, , , , , , , , , ,11,9, , , ,3,6,9, , , , , , , , , , , ,1, , , ,3205501,46489,15, ,44172, , , , ,62928,619124056064,12,12,12,12, , , , , , , , , , , , , , , , , , , , , , , , , , , , , , , , ,62928,1766934104191,,, , , , , , , , , ,3145728,62899,1,1,0,1, , , , , , , , ,3,3, , ,1, , , , , , , , , , , , , , , , , , , ,320758664, , , , , , , ,12, , , , , , , , , , , , , , , , , , , , , , , , , , , , , , , , , ,12, , , , , , , , , , , 
2025-12-28 16:28:44.465 UTC, , , , , , , , , ,589,3205501,58512,672, ,11, ,12, , , , , , , , , ,11,9, , , ,3,6,9, , , , , , , , , , , ,1, , , ,3205501,46489,15, ,44172, , , , ,62928,619124056064,12,12,12,12, , , , , , , , , , , , , , , , , , , , , , , , , , , , , , , , ,62928,1766934104191,,, , , , , , , , , ,3145728,62899,1,1,0,1, , , , , , , , ,3,3, , ,1, , , , , , , , , , , , , , , , , , , ,320758664,1, , , , , , ,12, , , , , , , , , , , , , , , , , , , , , , , , , , , , , , , , , ,12, , , , , , , , , , , 
2025-12-28 16:29:44.468 UTC, , , , , , , , , ,589,3205501,58512,672, ,11, ,12, , , , , , , , , ,11,9, , , ,3,6,9, , , , , , , , , , , ,1, , , ,3205501,46489,15, ,44172, , , , ,62928,619124051968,12,12,12,12, , , , , , , , , , , , , , , , , , , , , , , , , , , , , , , , ,62928,1766934104191,,, , , , , , , , , ,3145728,62899,1,1,0,1, , , , , , , , ,3,3, , ,1, , , , , , , , , , , , , , , , , , , ,320758664,2, , , , , , ,12, , , , , , , , , , , , , , , , , , , , , , , , , , , , , , , , , ,12, , , , , , , , , , , 
2025-12-28 16:30:44.471 UTC, , , , , , , , , ,589,3205501,58512,672, ,11, ,12, , , , , , , , , ,11,9, , , ,3,6,9, , , , , , , , , , , ,1, , , ,3205501,46489,15, ,44172, , , , ,62928,619124051968,12,12,12,12, , , , , , , , , , , , , , , , , , , , , , , , , , , , , , , , ,62928,1766934104191,,, , , , , , , , , ,3145728,62899,12,12,4,12, , , , , , , , ,3,3, , ,1, , , , , , , , , , , , , , , , , , , ,320758664,1, , , , , , ,12, , , , , , , , , , , , , , , , , , , , , , , , , , , , , , , , , ,12, , , , , , , , , , , 
2025-12-28 16:31:44.472 UTC, , , , , , , , , ,589,3205501,58512,672, ,11, ,12, , , , , , , , , ,11,9, , , ,3,6,9, , , , , , , , , , , ,1, , , ,3205501,46489,15, ,44172, , , , ,62928,619124051968,12,12,12,12, , , , , , , , , , , , , , , , , , , , , , , , , , , , , , , , ,62928,1766934104191,,, , , , , , , , , ,3145728,62899,8,8,2,8, , , , , , , , ,3,3, , ,1, , , , , , , , , , , , , , , , , , , ,320758664,1, , , , , , ,12, , , , , , , , , , , , , , , , , , , , , , , , , , , , , , , , , ,12, , , , , , , , , , , 
2025-12-28 16:32:44.473 UTC, , , , , , , , , ,589,3211245,64256,672, ,12, ,1224, , , , , , , , , ,12,9, , , ,3,6,9, ,1031, , , , , , , , , ,1, , , ,3211245,46489,15, ,44172, , , , ,70052,619124051968,12,12,12,12, , , , , , , , , , , , , , , , , , , , , , , , , , , , , , , , ,70052,1766934104191,,, , , , , , , , , ,3145728,70022,31,31,8,31, , , ,1,1, ,1, ,3,4, , ,1, , , , , , , , , ,7124,1, , , , , , , , ,362701704,1, , , , , , ,10713, , , , , , , , , , , , , , , , , , , , , , , , , , , , , , ,81, ,9756,876, , , , , , , , , , , 
2025-12-28 16:33:44.474 UTC, , , , , , , , , ,589,3211245,64256,672, ,12, ,12, , , , , , , , , ,12,9, , , ,3,6,9, , , , , , , , , , , ,1, , , ,3211245,46489,15, ,44172, , , , ,70052,619124051968,12,12,12,12, , , , , , , , , , , , , , , , , , , , , , , , , , , , , , , , ,70052,1766934104191,,, , , , , , , , , ,3145728,70022,14,14,4,14, , , , , , , , ,3,3, , ,1, , , , , , , , , , , , , , , , , , , ,362701704,1, , , , , , ,12, , , , , , , , , , , , , , , , , , , , , , , , , , , , , , , , , ,12, , , , , , , , , , , 
2025-12-28 16:34:44.475 UTC, , , , , , , , , ,589,3211245,64256,672, ,12, ,12, , , , , , , , , ,12,9, , , ,3,6,9, , , , , , , , , , , ,1, , , ,3211245,46489,15, ,44172, , , , ,70052,619124051968,12,12,12,12, , , , , , , , , , , , , , , , , , , , , , , , , , , , , , , , ,70052,1766934104191,,, , , , , , , , , ,3145728,70022,44,44,15,44, , , , , , , , ,3,3, , ,1, , , , , , , , , , , , , , , , , , , ,362701704,1, , , , , , ,12, , , , , , , , , , , , , , , , , , , , , , , , , , , , , , , , , ,12, , , , , , , , , , , 
2025-12-28 16:35:44.475 UTC, , , , , , , , , ,589,3212341,65352,672, ,12, ,1948, , , , , , , , , ,12,9, , , ,3,6,9, ,1907, , , , , , , , , ,1, , , ,3212341,46489,15, ,44172, , , , ,71218,619124051968,12,12,12,12, , , , , , , , , , , , , , , , , , , , , , , , , , , , , , , , ,71218,1766934104191,,, , , , , , , , , ,3145728,71188,33,33,13,33, , , ,2,2, ,2, ,3,5, , ,1, , , , , , , , , ,1166,2, , , , , , , , ,406741896,1, , , , , , ,20520, , , , , , , , , , , , , , , , , , , , , , , , , , , , , , ,23, ,19084,1413, , , , , , , , , , , 
2025-12-28 16:36:44.478 UTC, , , , , , , , , ,589,3212341,65352,672, ,12, ,704, , , , , , , , , ,12,9, , , ,3,6,9, ,728, , , , , , , , , ,1, , , ,3212341,46489,15, ,44172, , , , ,71218,619019632640,12,12,12,12, , , , , , , , , , , , , , , , , , , , , , , , , , , , , , , , ,71218,1766934104191,,, , , , , , , , , ,3145728,71188,18,18,6,18, , , , , , , , ,3,3, , ,1, , , , , , , , , , , , , , , , , , , ,421421960,1, , , , , , ,7620, , , , , , , , , , , , , , , , , , , , , , , , , , , , , , , , ,7100,520, , , , , , , , , , , 
2025-12-28 16:37:44.479 UTC, , , , , , , , , ,589,3212341,65352,672, ,12, ,12, , , , , , , , , ,12,9, , , ,3,6,9, , , , , , , , , , , ,1, , , ,3212341,46489,15, ,44172, , , , ,71218,619019628544,12,12,12,12, , , , , , , , , , , , , , , , , , , , , , , , , , , , , , , , ,71218,1766934104191,,, , , , , , , , , ,3145728,71188,1,1,0,1, , , , , , , , ,3,3, , ,1, , , , , , , , , , , , , , , , , , , ,421421960,1, , , , , , ,12, , , , , , , , , , , , , , , , , , , , , , , , , , , , , , , , , ,12, , , , , , , , , , , 
2025-12-28 16:38:44.479 UTC, , , , , , , , , ,589,3212341,65352,672, ,12, ,12, , , , , , , , , ,12,9, , , ,3,6,9, , , , , , , , , , , ,1, , , ,3212341,46489,15, ,44172, , , , ,71218,619019628544,12,12,12,12, , , , , , , , , , , , , , , , , , , , , , , , , , , , , , , , ,71218,1766934104191,,, , , , , , , , , ,3145728,71188,1,1,0,1, , , , , , , , ,3,3, , ,1, , , , , , , , , , , , , , , , , , , ,423519112,1, , , , , , ,12, , , , , , , , , , , , , , , , , , , , , , , , , , , , , , , , , ,12, , , , , , , , , , , 
2025-12-28 16:39:44.484 UTC, , , , , , , , , ,589,3212341,65352,672, ,12, ,12, , , , , , , , , ,12,9, , , ,3,6,9, , , , , , , , , , , ,1, , , ,3212341,46489,15, ,44172, , , , ,71218,619019628544,12,12,12,12, , , , , , , , , , , , , , , , , , , , , , , , , , , , , , , , ,71218,1766934104191,,, , , , , , , , , ,3145728,71188,1,1,0,1, , , , , , , , ,3,3, , ,1, , , , , , , , , , , , , , , , , , , ,423519112,1, , , , , , ,12, , , , , , , , , , , , , , , , , , , , , , , , , , , , , , , , , ,12, , , , , , , , , , , 
2025-12-28 16:40:44.485 UTC, , , , , , , , , ,589,3212341,65352,672, ,12, ,12, , , , , , , , , ,12,9, , , ,3,6,9, , , , , , , , , , , ,1, , , ,3212341,46489,15, ,44172, , , , ,71218,619019628544,12,12,12,12, , , , , , , , , , , , , , , , , , , , , , , , , , , , , , , , ,71218,1766934104191,,, , , , , , , , , ,3145728,71188,1,1,0,1, , , , , , , , ,3,3, , ,1, , , , , , , , , , , , , , , , , , , ,423519112,1, , , , , , ,12, , , , , , , , , , , , , , , , , , , , , , , , , , , , , , , , , ,12, , , , , , , , , , , 
2025-12-28 16:41:44.487 UTC, , , , , , , , , ,589,3212341,65352,672, ,12, ,12, , , , , , , , , ,12,9, , , ,3,6,9, , , , , , , , , , , ,1, , , ,3212341,46489,15, ,44172, , , , ,71218,619019628544,12,12,12,12, , , , , , , , , , , , , , , , , , , , , , , , , , , , , , , , ,71218,1766934104191,,, , , , , , , , , ,3145728,71188,1,1,0,1, , , , , , , , ,3,3, , ,1, , , , , , , , , , , , , , , , , , , ,423519112,1, , , , , , ,12, , , , , , , , , , , , , , , , , , , , , , , , , , , , , , , , , ,12, , , , , , , , , , , 
2025-12-28 16:42:44.488 UTC, , , , , , , , , ,589,3212341,65352,672, ,12, ,12, , , , , , , , , ,12,9, , , ,3,6,9, , , , , , , , , , , ,1, , , ,3212341,46489,15, ,44172, , , , ,71218,619019628544,12,12,12,12, , , , , , , , , , , , , , , , , , , , , , , , , , , , , , , , ,71218,1766934104191,,, , , , , , , , , ,3145728,71188,1,1,0,1, , , , , , , , ,3,3, , ,1, , , , , , , , , , , , , , , , , , , ,423519112,1, , , , , , ,12, , , , , , , , , , , , , , , , , , , , , , , , , , , , , , , , , ,12, , , , , , , , , , , 
2025-12-28 16:43:44.489 UTC, , , , , , , , , ,589,3212341,65352,672, ,12, ,12, , , , , , , , , ,12,9, , , ,3,6,9, , , , , , , , , , , ,1, , , ,3212341,46489,15, ,44172, , , , ,71218,619019628544,12,12,12,12, , , , , , , , , , , , , , , , , , , , , , , , , , , , , , , , ,71218,1766934104191,,, , , , , , , , , ,3145728,71188,1,1,0,1, , , , , , , , ,3,3, , ,1, , , , , , , , , , , , , , , , , , , ,423519112,1, , , , , , ,12, , , , , , , , , , , , , , , , , , , , , , , , , , , , , , , , , ,12, , , , , , , , , , , 
2025-12-28 16:44:44.490 UTC, , , , , , , , , ,589,3212341,65352,672, ,12, ,12, , , , , , , , , ,12,9, , , ,3,6,9, , , , , , , , , , , ,1, , , ,3212341,46489,15, ,44172, , , , ,71218,619019628544,12,12,12,12, , , , , , , , , , , , , , , , , , , , , , , , , , , , , , , , ,71218,1766934104191,,, , , , , , , , , ,3145728,71188,38,38,13,38, , , , , , , , ,3,3, , ,1, , , , , , , , , , , , , , , , , , , ,425616264,1, , , , , , ,12, , , , , , , , , , , , , , , , , , , , , , , , , , , , , , , , , ,12, , , , , , , , , , , 
2025-12-28 16:45:44.491 UTC, , , , , , , , , ,589,3212341,65352,672, ,12, ,12, , , , , , , , , ,12,9, , , ,3,6,9, , , , , , , , , , , ,1, , , ,3212341,46489,15, ,44172, , , , ,71218,619019624448,12,12,12,12, , , , , , , , , , , , , , , , , , , , , , , , , , , , , , , , ,71218,1766934104191,,, , , , , , , , , ,3145728,71188,1,1,0,1, , , , , , , , ,3,3, , ,1, , , , , , , , , , , , , , , , , , , ,425616264,1, , , , , , ,12, , , , , , , , , , , , , , , , , , , , , , , , , , , , , , , , , ,12, , , , , , , , , , , 
2025-12-28 16:46:44.492 UTC, , , , , , , , , ,589,3212341,65352,672, ,12, ,12, , , , , , , , , ,12,9, , , ,3,6,9, , , , , , , , , , , ,1, , , ,3212341,46489,15, ,44172, , , , ,71218,619019624448,12,12,12,12, , , , , , , , , , , , , , , , , , , , , , , , , , , , , , , , ,71218,1766934104191,,, , , , , , , , , ,3145728,71188,1,1,0,1, , , , , , , , ,3,3, , ,1, , , , , , , , , , , , , , , , , , , ,425616264,1, , , , , , ,12, , , , , , , , , , , , , , , , , , , , , , , , , , , , , , , , , ,12, , , , , , , , , , , 
2025-12-28 16:47:44.493 UTC, , , , , , , , , ,589,3212341,65352,672, ,12, ,12, , , , , , , , , ,12,9, , , ,3,6,9, , , , , , , , , , , ,1, , , ,3212341,46489,15, ,44172, , , , ,71218,619019624448,12,12,12,12, , , , , , , , , , , , , , , , , , , , , , , , , , , , , , , , ,71218,1766934104191,,, , , , , , , , , ,3145728,71188,1,1,0,1, , , , , , , , ,3,3, , ,1, , , , , , , , , , , , , , , , , , , ,425616264,2, , , , , , ,12, , , , , , , , , , , , , , , , , , , , , , , , , , , , , , , , , ,12, , , , , , , , , , , 
2025-12-28 16:48:44.494 UTC, , , , , , , , , ,589,3212341,65352,672, ,12, ,12, , , , , , , , , ,12,9, , , ,3,6,9, , , , , , , , , , , ,1, , , ,3212341,46489,15, ,44172, , , , ,71218,619019624448,12,12,12,12, , , , , , , , , , , , , , , , , , , , , , , , , , , , , , , , ,71218,1766934104191,,, , , , , , , , , ,3145728,71188,1,1,0,1, , , , , , , , ,3,3, , ,1, , , , , , , , , , , , , , , , , , , ,425616264,1, , , , , , ,12, , , , , , , , , , , , , , , , , , , , , , , , , , , , , , , , , ,12, , , , , , , , , , , 
2025-12-28 16:49:44.494 UTC, , , , , , , , , ,589,3212341,65352,672, ,12, ,12, , , , , , , , , ,12,9, , , ,3,6,9, , , , , , , , , , , ,1, , , ,3212341,46489,15, ,44172, , , , ,71218,619019624448,12,12,12,12, , , , , , , , , , , , , , , , , , , , , , , , , , , , , , , , ,71218,1766934104191,,, , , , , , , , , ,3145728,71188,1,1,0,1, , , , , , , , ,3,3, , ,1, , , , , , , , , , , , , , , , , , , ,425616264,1, , , , , , ,12, , , , , , , , , , , , , , , , , , , , , , , , , , , , , , , , , ,12, , , , , , , , , , , 
2025-12-28 16:50:44.495 UTC, , , , , , , , , ,589,3212341,65352,672, ,12, ,12, , , , , , , , , ,12,9, , , ,3,6,9, , , , , , , , , , , ,1, , , ,3212341,46489,15, ,44172, , , , ,71218,619019624448,12,12,12,12, , , , , , , , , , , , , , , , , , , , , , , , , , , , , , , , ,71218,1766934104191,,, , , , , , , , , ,3145728,71188,1,1,1,1, , , , , , , , ,3,3, , ,1, , , , , , , , , , , , , , , , , , , ,425616264,1, , , , , , ,12, , , , , , , , , , , , , , , , , , , , , , , , , , , , , , , , , ,12, , , , , , , , , , , 
2025-12-28 16:51:44.497 UTC, , , , , , , , , ,589,3212341,65352,672, ,12, ,12, , , , , , , , , ,12,9, , , ,3,6,9, , , , , , , , , , , ,1, , , ,3212341,46489,15, ,44172, , , , ,71218,619019624448,12,12,12,12, , , , , , , , , , , , , , , , , , , , , , , , , , , , , , , , ,71218,1766934104191,,, , , , , , , , , ,3145728,71188,1,1,0,1, , , , , , , , ,3,3, , ,1, , , , , , , , , , , , , , , , , , , ,427713416,1, , , , , , ,12, , , , , , , , , , , , , , , , , , , , , , , , , , , , , , , , , ,12, , , , , , , , , , , 
2025-12-28 16:52:44.497 UTC, , , , , , , , , ,589,3212341,65352,672, ,12, ,12, , , , , , , , , ,12,9, , , ,3,6,9, , , , , , , , , , , ,1, , , ,3212341,46489,15, ,44172, , , , ,71218,619019624448,12,12,12,12, , , , , , , , , , , , , , , , , , , , , , , , , , , , , , , , ,71218,1766934104191,,, , , , , , , , , ,3145728,71188,1,1,0,1, , , , , , , , ,3,3, , ,1, , , , , , , , , , , , , , , , , , , ,427713416,1, , , , , , ,12, , , , , , , , , , , , , , , , , , , , , , , , , , , , , , , , , ,12, , , , , , , , , , , 
2025-12-28 16:53:44.498 UTC, , , , , , , , , ,589,3212341,65352,672, ,12, ,12, , , , , , , , , ,12,9, , , ,3,6,9, , , , , , , , , , , ,1, , , ,3212341,46489,15, ,44172, , , , ,71218,619019620352,12,12,12,12, , , , , , , , , , , , , , , , , , , , , , , , , , , , , , , , ,71218,1766934104191,,, , , , , , , , , ,3145728,71188,1,1,0,1, , , , , , , , ,3,3, , ,1, , , , , , , , , , , , , , , , , , , ,427713416, , , , , , , ,12, , , , , , , , , , , , , , , , , , , , , , , , , , , , , , , , , ,12, , , , , , , , , , , 
2025-12-28 16:54:44.499 UTC, , , , , , , , , ,589,3212341,65352,672, ,12, ,12, , , , , , , , , ,12,9, , , ,3,6,9, , , , , , , , , , , ,1, , , ,3212341,46489,15, ,44172, , , , ,71218,619019620352,12,12,12,12, , , , , , , , , , , , , , , , , , , , , , , , , , , , , , , , ,71218,1766934104191,,, , , , , , , , , ,3145728,71188,33,33,11,33, , , , , , , , ,3,3, , ,1, , , , , , , , , , , , , , , , , , , ,427713416, , , , , , , ,12, , , , , , , , , , , , , , , , , , , , , , , , , , , , , , , , , ,12, , , , , , , , , , , 
2025-12-28 16:55:44.500 UTC, , , , , , , , , ,589,3212341,65352,672, ,12, ,12, , , , , , , , , ,12,9, , , ,3,6,9, , , , , , , , , , , ,1, , , ,3212341,46489,15, ,44172, , , , ,71218,619019620352,12,12,12,12, , , , , , , , , , , , , , , , , , , , , , , , , , , , , , , , ,71218,1766934104191,,, , , , , , , , , ,3145728,71188,1,1,0,1, , , , , , , , ,3,3, , ,1, , , , , , , , , , , , , , , , , , , ,427713416,1, , , , , , ,12, , , , , , , , , , , , , , , , , , , , , , , , , , , , , , , , , ,12, , , , , , , , , , , 
2025-12-28 16:56:44.502 UTC, , , , , , , , , ,589,3212341,65352,672, ,12, ,12, , , , , , , , , ,12,9, , , ,3,6,9, , , , , , , , , , , ,1, , , ,3212341,46489,15, ,44172, , , , ,71218,619019620352,12,12,12,12, , , , , , , , , , , , , , , , , , , , , , , , , , , , , , , , ,71218,1766934104191,,, , , , , , , , , ,3145728,71188,1,1,0,1, , , , , , , , ,3,3, , ,1, , , , , , , , , , , , , , , , , , , ,427713416,1, , , , , , ,12, , , , , , , , , , , , , , , , , , , , , , , , , , , , , , , , , ,12, , , , , , , , , , , 
2025-12-28 16:57:44.504 UTC, , , , , , , , , ,589,3212341,65352,672, ,12, ,12, , , , , , , , , ,12,9, , , ,3,6,9, , , , , , , , , , , ,1, , , ,3212341,46489,15, ,44172, , , , ,71218,619019620352,12,12,12,12, , , , , , , , , , , , , , , , , , , , , , , , , , , , , , , , ,71218,1766934104191,,, , , , , , , , , ,3145728,71188,1,1,0,1, , , , , , , , ,3,3, , ,1, , , , , , , , , , , , , , , , , , , ,427713416,1, , , , , , ,12, , , , , , , , , , , , , , , , , , , , , , , , , , , , , , , , , ,12, , , , , , , , , , , 
2025-12-28 16:58:44.506 UTC, , , , , , , , , ,589,3212341,65352,672, ,12, ,12, , , , , , , , , ,12,9, , , ,3,6,9, , , , , , , , , , , ,1, , , ,3212341,46489,15, ,44172, , , , ,71218,619019620352,12,12,12,12, , , , , , , , , , , , , , , , , , , , , , , , , , , , , , , , ,71218,1766934104191,,, , , , , , , , , ,3145728,71188,1,1,1,1, , , , , , , , ,3,3, , ,1, , , , , , , , , , , , , , , , , , , ,429810568,1, , , , , , ,12, , , , , , , , , , , , , , , , , , , , , , , , , , , , , , , , , ,12, , , , , , , , , , , 
2025-12-28 16:59:44.508 UTC, , , , , , , , , ,589,3212341,65352,672, ,12, ,12, , , , , , , , , ,12,9, , , ,3,6,9, , , , , , , , , , , ,1, , , ,3212341,46489,15, ,44172, , , , ,71218,619019620352,12,12,12,12, , , , , , , , , , , , , , , , , , , , , , , , , , , , , , , , ,71218,1766934104191,,, , , , , , , , , ,3145728,71188,0,0,0,0, , , , , , , , ,3,3, , ,1, , , , , , , , , , , , , , , , , , , ,429810568,2, , , , , , ,12, , , , , , , , , , , , , , , , , , , , , , , , , , , , , , , , , ,12, , , , , , , , , , , 
2025-12-28 17:00:44.510 UTC, , , , , , , , , ,589,3212341,65352,672, ,12, ,12, , , , , , , , , ,12,9, , , ,3,6,9, , , , , , , , , , , ,1, , , ,3212341,46489,15, ,44172, , , , ,71218,619019620352,12,12,12,12, , , , , , , , , , , , , , , , , , , , , , , , , , , , , , , , ,71218,1766934104191,,, , , , , , , , , ,3145728,71188,1,1,0,1, , , , , , , , ,3,3, , ,1, , , , , , , , , , , , , , , , , , , ,429810568,1, , , , , , ,12, , , , , , , , , , , , , , , , , , , , , , , , , , , , , , , , , ,12, , , , , , , , , , , 
2025-12-28 17:01:44.512 UTC, , , , , , , , , ,589,3212341,65352,672, ,12, ,12, , , , , , , , , ,12,9, , , ,3,6,9, , , , , , , , , , , ,1, , , ,3212341,46489,15, ,44172, , , , ,71218,619019616256,12,12,12,12, , , , , , , , , , , , , , , , , , , , , , , , , , , , , , , , ,71218,1766934104191,,, , , , , , , , , ,3145728,71188,1,1,0,1, , , , , , , , ,3,3, , ,1, , , , , , , , , , , , , , , , , , , ,429810568,1, , , , , , ,12, , , , , , , , , , , , , , , , , , , , , , , , , , , , , , , , , ,12, , , , , , , , , , , 
2025-12-28 17:02:44.515 UTC, , , , , , , , , ,589,3212341,65352,672, ,12, ,12, , , , , , , , , ,12,9, , , ,3,6,9, , , , , , , , , , , ,1, , , ,3212341,46489,15, ,44172, , , , ,71218,619019616256,12,12,12,12, , , , , , , , , , , , , , , , , , , , , , , , , , , , , , , , ,71218,1766934104191,,, , , , , , , , , ,3145728,71188,1,1,0,1, , , , , , , , ,3,3, , ,1, , , , , , , , , , , , , , , , , , , ,429810568,1, , , , , , ,12, , , , , , , , , , , , , , , , , , , , , , , , , , , , , , , , , ,12, , , , , , , , , , , 
2025-12-28 17:03:44.517 UTC, , , , , , , , , ,589,3212341,65352,672, ,12, ,12, , , , , , , , , ,12,9, , , ,3,6,9, , , , , , , , , , , ,1, , , ,3212341,46489,15, ,44172, , , , ,71218,619019616256,12,12,12,12, , , , , , , , , , , , , , , , , , , , , , , , , , , , , , , , ,71218,1766934104191,,, , , , , , , , , ,3145728,71188,1,1,0,1, , , , , , , , ,3,3, , ,1, , , , , , , , , , , , , , , , , , , ,429810568,1, , , , , , ,12, , , , , , , , , , , , , , , , , , , , , , , , , , , , , , , , , ,12, , , , , , , , , , , 
2025-12-28 17:04:44.519 UTC, , , , , , , , , ,589,3212341,65352,672, ,12, ,12, , , , , , , , , ,12,9, , , ,3,6,9, , , , , , , , , , , ,1, , , ,3212341,46489,15, ,44172, , , , ,71218,619019616256,12,12,12,12, , , , , , , , , , , , , , , , , , , , , , , , , , , , , , , , ,71218,1766934104191,,, , , , , , , , , ,3145728,71188,1,1,0,1, , , , , , , , ,3,3, , ,1, , , , , , , , , , , , , , , , , , , ,429810568, , , , , , , ,12, , , , , , , , , , , , , , , , , , , , , , , , , , , , , , , , , ,12, , , , , , , , , , , 
2025-12-28 17:05:44.522 UTC, , , , , , , , , ,589,3212341,65352,672, ,12, ,12, , , , , , , , , ,12,9, , , ,3,6,9, , , , , , , , , , , ,1, , , ,3212341,46489,15, ,44172, , , , ,71218,619019616256,12,12,12,12, , , , , , , , , , , , , , , , , , , , , , , , , , , , , , , , ,71218,1766934104191,,, , , , , , , , , ,3145728,71188,1,1,0,1, , , , , , , , ,3,3, , ,1, , , , , , , , , , , , , , , , , , , ,431907720, , , , , , , ,12, , , , , , , , , , , , , , , , , , , , , , , , , , , , , , , , , ,12, , , , , , , , , , , 
2025-12-28 17:06:44.521 UTC, , , , , , , , , ,589,3212341,65352,672, ,12, ,12, , , , , , , , , ,12,9, , , ,3,6,9, , , , , , , , , , , ,1, , , ,3212341,46489,15, ,44172, , , , ,71218,619019616256,12,12,12,12, , , , , , , , , , , , , , , , , , , , , , , , , , , , , , , , ,71218,1766934104191,,, , , , , , , , , ,3145728,71188,1,1,0,1, , , , , , , , ,3,3, , ,1, , , , , , , , , , , , , , , , , , , ,431907720, , , , , , , ,12, , , , , , , , , , , , , , , , , , , , , , , , , , , , , , , , , ,12, , , , , , , , , , , 
2025-12-28 17:07:44.525 UTC, , , , , , , , , ,589,3212341,65352,672, ,12, ,12, , , , , , , , , ,12,9, , , ,3,6,9, , , , , , , , , , , ,1, , , ,3212341,46489,15, ,44172, , , , ,71218,619019616256,12,12,12,12, , , , , , , , , , , , , , , , , , , , , , , , , , , , , , , , ,71218,1766934104191,,, , , , , , , , , ,3145728,71188,1,1,0,1, , , , , , , , ,3,3, , ,1, , , , , , , , , , , , , , , , , , , ,431907720, , , , , , , ,12, , , , , , , , , , , , , , , , , , , , , , , , , , , , , , , , , ,12, , , , , , , , , , , 
2025-12-28 17:08:44.529 UTC, , , , , , , , , ,589,3212341,65352,672, ,12, ,12, , , , , , , , , ,12,9, , , ,3,6,9, , , , , , , , , , , ,1, , , ,3212341,46489,15, ,44172, , , , ,71218,619019616256,12,12,12,12, , , , , , , , , , , , , , , , , , , , , , , , , , , , , , , , ,71218,1766934104191,,, , , , , , , , , ,3145728,71188,1,1,0,1, , , , , , , , ,3,3, , ,1, , , , , , , , , , , , , , , , , , , ,431907720, , , , , , , ,12, , , , , , , , , , , , , , , , , , , , , , , , , , , , , , , , , ,12, , , , , , , , , , , 
2025-12-28 17:09:44.532 UTC, , , , , , , , , ,589,3212341,65352,672, ,12, ,12, , , , , , , , , ,12,9, , , ,3,6,9, , , , , , , , , , , ,1, , , ,3212341,46489,15, ,44172, , , , ,71218,619019612160,12,12,12,12, , , , , , , , , , , , , , , , , , , , , , , , , , , , , , , , ,71218,1766934104191,,, , , , , , , , , ,3145728,71188,1,1,0,1, , , , , , , , ,3,3, , ,1, , , , , , , , , , , , , , , , , , , ,434004872, , , , , , , ,12, , , , , , , , , , , , , , , , , , , , , , , , , , , , , , , , , ,12, , , , , , , , , , , 
2025-12-28 17:10:44.533 UTC, , , , , , , , , ,589,3212341,65352,672, ,12, ,12, , , , , , , , , ,12,9, , , ,3,6,9, , , , , , , , , , , ,1, , , ,3212341,46489,15, ,44172, , , , ,71218,619019612160,12,12,12,12, , , , , , , , , , , , , , , , , , , , , , , , , , , , , , , , ,71218,1766934104191,,, , , , , , , , , ,3145728,71188,1,1,0,1, , , , , , , , ,3,3, , ,1, , , , , , , , , , , , , , , , , , , ,434004872, , , , , , , ,12, , , , , , , , , , , , , , , , , , , , , , , , , , , , , , , , , ,12, , , , , , , , , , , 
2025-12-28 17:11:44.536 UTC, , , , , , , , , ,589,3212341,65352,672, ,12, ,12, , , , , , , , , ,12,9, , , ,3,6,9, , , , , , , , , , , ,1, , , ,3212341,46489,15, ,44172, , , , ,71218,619019612160,12,12,12,12, , , , , , , , , , , , , , , , , , , , , , , , , , , , , , , , ,71218,1766934104191,,, , , , , , , , , ,3145728,71188,1,1,1,1, , , , , , , , ,3,3, , ,1, , , , , , , , , , , , , , , , , , , ,434004872,1, , , , , , ,12, , , , , , , , , , , , , , , , , , , , , , , , , , , , , , , , , ,12, , , , , , , , , , , 
2025-12-28 17:12:44.537 UTC, , , , , , , , , ,589,3212341,65352,672, ,12, ,12, , , , , , , , , ,12,9, , , ,3,6,9, , , , , , , , , , , ,1, , , ,3212341,46489,15, ,44172, , , , ,71218,619019612160,12,12,12,12, , , , , , , , , , , , , , , , , , , , , , , , , , , , , , , , ,71218,1766934104191,,, , , , , , , , , ,3145728,71188,1,1,0,1, , , , , , , , ,3,3, , ,1, , , , , , , , , , , , , , , , , , , ,434004872,1, , , , , , ,12, , , , , , , , , , , , , , , , , , , , , , , , , , , , , , , , , ,12, , , , , , , , , , , 
2025-12-28 17:13:44.539 UTC, , , , , , , , , ,589,3212341,65352,672, ,12, ,12, , , , , , , , , ,12,9, , , ,3,6,9, , , , , , , , , , , ,1, , , ,3212341,46489,15, ,44172, , , , ,71218,619019612160,12,12,12,12, , , , , , , , , , , , , , , , , , , , , , , , , , , , , , , , ,71218,1766934104191,,, , , , , , , , , ,3145728,71188,1,1,0,1, , , , , , , , ,3,3, , ,1, , , , , , , , , , , , , , , , , , , ,434004872,1, , , , , , ,12, , , , , , , , , , , , , , , , , , , , , , , , , , , , , , , , , ,12, , , , , , , , , , , 
2025-12-28 17:14:44.542 UTC, , , , , , , , , ,589,3212341,65352,672, ,12, ,12, , , , , , , , , ,12,9, , , ,3,6,9, , , , , , , , , , , ,1, , , ,3212341,46489,15, ,44172, , , , ,71218,619019612160,12,12,12,12, , , , , , , , , , , , , , , , , , , , , , , , , , , , , , , , ,71218,1766934104191,,, , , , , , , , , ,3145728,71188,1,1,0,1, , , , , , , , ,3,3, , ,1, , , , , , , , , , , , , , , , , , , ,434004872,1, , , , , , ,12, , , , , , , , , , , , , , , , , , , , , , , , , , , , , , , , , ,12, , , , , , , , , , , 
2025-12-28 17:15:44.544 UTC, , , , , , , , , ,589,3212341,65352,672, ,12, ,12, , , , , , , , , ,12,9, , , ,3,6,9, , , , , , , , , , , ,1, , , ,3212341,46489,15, ,44172, , , , ,71218,619019612160,12,12,12,12, , , , , , , , , , , , , , , , , , , , , , , , , , , , , , , , ,71218,1766934104191,,, , , , , , , , , ,3145728,71188,1,1,0,1, , , , , , , , ,3,3, , ,1, , , , , , , , , , , , , , , , , , , ,434004872,1, , , , , , ,12, , , , , , , , , , , , , , , , , , , , , , , , , , , , , , , , , ,12, , , , , , , , , , , 
2025-12-28 17:16:44.546 UTC, , , , , , , , , ,589,3212341,65352,672, ,12, ,12, , , , , , , , , ,12,9, , , ,3,6,9, , , , , , , , , , , ,1, , , ,3212341,46489,15, ,44172, , , , ,71218,619019608064,12,12,12,12, , , , , , , , , , , , , , , , , , , , , , , , , , , , , , , , ,71218,1766934104191,,, , , , , , , , , ,3145728,71188,19,19,7,19, , , , , , , , ,3,3, , ,1, , , , , , , , , , , , , , , , , , , ,434004872,1, , , , , , ,12, , , , , , , , , , , , , , , , , , , , , , , , , , , , , , , , , ,12, , , , , , , , , , , 
2025-12-28 17:17:44.546 UTC, , , , , , , , , ,589,3212341,65352,672, ,12, ,12, , , , , , , , , ,12,9, , , ,3,6,9, , , , , , , , , , , ,1, , , ,3212341,46489,15, ,44172, , , , ,71218,619019608064,12,12,12,12, , , , , , , , , , , , , , , , , , , , , , , , , , , , , , , , ,71218,1766934104191,,, , , , , , , , , ,3145728,71188,1,1,0,1, , , , , , , , ,3,3, , ,1, , , , , , , , , , , , , , , , , , , ,434004872,1, , , , , , ,12, , , , , , , , , , , , , , , , , , , , , , , , , , , , , , , , , ,12, , , , , , , , , , , 
2025-12-28 17:18:44.549 UTC, , , , , , , , , ,589,3212341,65352,672, ,12, ,12, , , , , , , , , ,12,9, , , ,3,6,9, , , , , , , , , , , ,1, , , ,3212341,46489,15, ,44172, , , , ,71218,619019608064,12,12,12,12, , , , , , , , , , , , , , , , , , , , , , , , , , , , , , , , ,71218,1766934104191,,, , , , , , , , , ,3145728,71188,1,1,1,1, , , , , , , , ,3,3, , ,1, , , , , , , , , , , , , , , , , , , ,436102024,1, , , , , , ,12, , , , , , , , , , , , , , , , , , , , , , , , , , , , , , , , , ,12, , , , , , , , , , , 
2025-12-28 17:19:44.551 UTC, , , , , , , , , ,589,3212341,65352,672, ,12, ,12, , , , , , , , , ,12,9, , , ,3,6,9, , , , , , , , , , , ,1, , , ,3212341,46489,15, ,44172, , , , ,71218,619019608064,12,12,12,12, , , , , , , , , , , , , , , , , , , , , , , , , , , , , , , , ,71218,1766934104191,,, , , , , , , , , ,3145728,71188,1,1,0,1, , , , , , , , ,3,3, , ,1, , , , , , , , , , , , , , , , , , , ,436102024,1, , , , , , ,12, , , , , , , , , , , , , , , , , , , , , , , , , , , , , , , , , ,12, , , , , , , , , , , 
2025-12-28 17:20:44.553 UTC, , , , , , , , , ,589,3212341,65352,672, ,12, ,12, , , , , , , , , ,12,9, , , ,3,6,9, , , , , , , , , , , ,1, , , ,3212341,46489,15, ,44172, , , , ,71218,619019608064,12,12,12,12, , , , , , , , , , , , , , , , , , , , , , , , , , , , , , , , ,71218,1766934104191,,, , , , , , , , , ,3145728,71188,1,1,0,1, , , , , , , , ,3,3, , ,1, , , , , , , , , , , , , , , , , , , ,436102024,1, , , , , , ,12, , , , , , , , , , , , , , , , , , , , , , , , , , , , , , , , , ,12, , , , , , , , , , , 
2025-12-28 17:21:44.554 UTC, , , , , , , , , ,589,3212341,65352,672, ,12, ,12, , , , , , , , , ,12,9, , , ,3,6,9, , , , , , , , , , , ,1, , , ,3212341,46489,15, ,44172, , , , ,71218,619019608064,12,12,12,12, , , , , , , , , , , , , , , , , , , , , , , , , , , , , , , , ,71218,1766934104191,,, , , , , , , , , ,3145728,71188,1,1,0,1, , , , , , , , ,3,3, , ,1, , , , , , , , , , , , , , , , , , , ,436102024,1, , , , , , ,12, , , , , , , , , , , , , , , , , , , , , , , , , , , , , , , , , ,12, , , , , , , , , , , 
2025-12-28 17:22:44.556 UTC, , , , , , , , , ,589,3212341,65352,672, ,12, ,12, , , , , , , , , ,12,9, , , ,3,6,9, , , , , , , , , , , ,1, , , ,3212341,46489,15, ,44172, , , , ,71218,619019608064,12,12,12,12, , , , , , , , , , , , , , , , , , , , , , , , , , , , , , , , ,71218,1766934104191,,, , , , , , , , , ,3145728,71188,1,1,0,1, , , , , , , , ,3,3, , ,1, , , , , , , , , , , , , , , , , , , ,436102024,1, , , , , , ,12, , , , , , , , , , , , , , , , , , , , , , , , , , , , , , , , , ,12, , , , , , , , , , , 
2025-12-28 17:23:44.559 UTC, , , , , , , , , ,589,3212341,65352,672, ,12, ,12, , , , , , , , , ,12,9, , , ,3,6,9, , , , , , , , , , , ,1, , , ,3212341,46489,15, ,44172, , , , ,71218,619019608064,12,12,12,12, , , , , , , , , , , , , , , , , , , , , , , , , , , , , , , , ,71218,1766934104191,,, , , , , , , , , ,3145728,71188,1,1,0,1, , , , , , , , ,3,3, , ,1, , , , , , , , , , , , , , , , , , , ,438199176,1, , , , , , ,12, , , , , , , , , , , , , , , , , , , , , , , , , , , , , , , , , ,12, , , , , , , , , , , 
2025-12-28 17:24:44.561 UTC, , , , , , , , , ,589,3212341,65352,672, ,12, ,12, , , , , , , , , ,12,9, , , ,3,6,9, , , , , , , , , , , ,1, , , ,3212341,46489,15, ,44172, , , , ,71218,619019603968,12,12,12,12, , , , , , , , , , , , , , , , , , , , , , , , , , , , , , , , ,71218,1766934104191,,, , , , , , , , , ,3145728,71188,1,1,0,1, , , , , , , , ,3,3, , ,1, , , , , , , , , , , , , , , , , , , ,438199176,1, , , , , , ,12, , , , , , , , , , , , , , , , , , , , , , , , , , , , , , , , , ,12, , , , , , , , , , , 
2025-12-28 17:25:44.564 UTC, , , , , , , , , ,589,3212341,65352,672, ,12, ,12, , , , , , , , , ,12,9, , , ,3,6,9, , , , , , , , , , , ,1, , , ,3212341,46489,15, ,44172, , , , ,71218,619019603968,12,12,12,12, , , , , , , , , , , , , , , , , , , , , , , , , , , , , , , , ,71218,1766934104191,,, , , , , , , , , ,3145728,71188,1,1,1,1, , , , , , , , ,3,3, , ,1, , , , , , , , , , , , , , , , , , , ,438199176, , , , , , , ,12, , , , , , , , , , , , , , , , , , , , , , , , , , , , , , , , , ,12, , , , , , , , , , , 
2025-12-28 17:26:44.565 UTC, , , , , , , , , ,589,3212341,65352,672, ,12, ,12, , , , , , , , , ,12,9, , , ,3,6,9, , , , , , , , , , , ,1, , , ,3212341,46489,15, ,44172, , , , ,71218,619019603968,12,12,12,12, , , , , , , , , , , , , , , , , , , , , , , , , , , , , , , , ,71218,1766934104191,,, , , , , , , , , ,3145728,71188,1,1,0,1, , , , , , , , ,3,3, , ,1, , , , , , , , , , , , , , , , , , , ,438199176,1, , , , , , ,12, , , , , , , , , , , , , , , , , , , , , , , , , , , , , , , , , ,12, , , , , , , , , , , 
2025-12-28 17:27:44.565 UTC, , , , , , , , , ,589,3212341,65352,672, ,12, ,12, , , , , , , , , ,12,9, , , ,3,6,9, , , , , , , , , , , ,1, , , ,3212341,46489,15, ,44172, , , , ,71218,619019603968,12,12,12,12, , , , , , , , , , , , , , , , , , , , , , , , , , , , , , , , ,71218,1766934104191,,, , , , , , , , , ,3145728,71188,1,1,0,1, , , , , , , , ,3,3, , ,1, , , , , , , , , , , , , , , , , , , ,438199176,1, , , , , , ,12, , , , , , , , , , , , , , , , , , , , , , , , , , , , , , , , , ,12, , , , , , , , , , , 
2025-12-28 17:28:44.566 UTC, , , , , , , , , ,589,3212341,65352,672, ,12, ,12, , , , , , , , , ,12,9, , , ,3,6,9, , , , , , , , , , , ,1, , , ,3212341,46489,15, ,44172, , , , ,71218,619019603968,12,12,12,12, , , , , , , , , , , , , , , , , , , , , , , , , , , , , , , , ,71218,1766934104191,,, , , , , , , , , ,3145728,71188,1,1,1,1, , , , , , , , ,3,3, , ,1, , , , , , , , , , , , , , , , , , , ,438199176,1, , , , , , ,12, , , , , , , , , , , , , , , , , , , , , , , , , , , , , , , , , ,12, , , , , , , , , , , 
2025-12-28 17:29:44.570 UTC, , , , , , , , , ,589,3212341,65352,672, ,12, ,12, , , , , , , , , ,12,9, , , ,3,6,9, , , , , , , , , , , ,1, , , ,3212341,46489,15, ,44172, , , , ,71218,619019603968,12,12,12,12, , , , , , , , , , , , , , , , , , , , , , , , , , , , , , , , ,71218,1766934104191,,, , , , , , , , , ,3145728,71188,1,1,0,1, , , , , , , , ,3,3, , ,1, , , , , , , , , , , , , , , , , , , ,438199176, , , , , , , ,12, , , , , , , , , , , , , , , , , , , , , , , , , , , , , , , , , ,12, , , , , , , , , , , 
2025-12-28 17:30:44.571 UTC, , , , , , , , , ,589,3212341,65352,672, ,12, ,12, , , , , , , , , ,12,9, , , ,3,6,9, , , , , , , , , , , ,1, , , ,3212341,46489,15, ,44172, , , , ,71218,619019603968,12,12,12,12, , , , , , , , , , , , , , , , , , , , , , , , , , , , , , , , ,71218,1766934104191,,, , , , , , , , , ,3145728,71188,1,1,0,1, , , , , , , , ,3,3, , ,1, , , , , , , , , , , , , , , , , , , ,438199176, , , , , , , ,12, , , , , , , , , , , , , , , , , , , , , , , , , , , , , , , , , ,12, , , , , , , , , , , 
2025-12-28 17:31:44.572 UTC, , , , , , , , , ,589,3212341,65352,672, ,12, ,12, , , , , , , , , ,12,9, , , ,3,6,9, , , , , , , , , , , ,1, , , ,3212341,46489,15, ,44172, , , , ,71218,619019603968,12,12,12,12, , , , , , , , , , , , , , , , , , , , , , , , , , , , , , , , ,71218,1766934104191,,, , , , , , , , , ,3145728,71188,1,1,0,1, , , , , , , , ,3,3, , ,1, , , , , , , , , , , , , , , , , , , ,440296328, , , , , , , ,12, , , , , , , , , , , , , , , , , , , , , , , , , , , , , , , , , ,12, , , , , , , , , , , 
2025-12-28 17:32:44.572 UTC, , , , , , , , , ,589,3212341,65352,672, ,12, ,12, , , , , , , , , ,12,9, , , ,3,6,9, , , , , , , , , , , ,1, , , ,3212341,46489,15, ,44172, , , , ,71218,619019599872,12,12,12,12, , , , , , , , , , , , , , , , , , , , , , , , , , , , , , , , ,71218,1766934104191,,, , , , , , , , , ,3145728,71188,1,1,0,1, , , , , , , , ,3,3, , ,1, , , , , , , , , , , , , , , , , , , ,440296328, , , , , , , ,12, , , , , , , , , , , , , , , , , , , , , , , , , , , , , , , , , ,12, , , , , , , , , , , 
2025-12-28 17:33:44.573 UTC, , , , , , , , , ,589,3212341,65352,672, ,12, ,12, , , , , , , , , ,12,9, , , ,3,6,9, , , , , , , , , , , ,1, , , ,3212341,46489,15, ,44172, , , , ,71218,619019599872,12,12,12,12, , , , , , , , , , , , , , , , , , , , , , , , , , , , , , , , ,71218,1766934104191,,, , , , , , , , , ,3145728,71188,1,1,0,1, , , , , , , , ,3,3, , ,1, , , , , , , , , , , , , , , , , , , ,440296328, , , , , , , ,12, , , , , , , , , , , , , , , , , , , , , , , , , , , , , , , , , ,12, , , , , , , , , , , 
2025-12-28 17:34:44.573 UTC, , , , , , , , , ,589,3212341,65352,672, ,12, ,12, , , , , , , , , ,12,9, , , ,3,6,9, , , , , , , , , , , ,1, , , ,3212341,46489,15, ,44172, , , , ,71218,619019599872,12,12,12,12, , , , , , , , , , , , , , , , , , , , , , , , , , , , , , , , ,71218,1766934104191,,, , , , , , , , , ,3145728,71188,1,1,0,1, , , , , , , , ,3,3, , ,1, , , , , , , , , , , , , , , , , , , ,440296328, , , , , , , ,12, , , , , , , , , , , , , , , , , , , , , , , , , , , , , , , , , ,12, , , , , , , , , , , 
2025-12-28 17:35:44.574 UTC, , , , , , , , , ,589,3212341,65352,672, ,12, ,12, , , , , , , , , ,12,9, , , ,3,6,9, , , , , , , , , , , ,1, , , ,3212341,46489,15, ,44172, , , , ,71218,619019599872,12,12,12,12, , , , , , , , , , , , , , , , , , , , , , , , , , , , , , , , ,71218,1766934104191,,, , , , , , , , , ,3145728,71188,1,1,0,1, , , , , , , , ,3,3, , ,1, , , , , , , , , , , , , , , , , , , ,442393480,1, , , , , , ,12, , , , , , , , , , , , , , , , , , , , , , , , , , , , , , , , , ,12, , , , , , , , , , , 
2025-12-28 17:36:44.574 UTC, , , , , , , , , ,589,3212341,65352,672, ,12, ,12, , , , , , , , , ,12,9, , , ,3,6,9, , , , , , , , , , , ,1, , , ,3212341,46489,15, ,44172, , , , ,71218,619019599872,12,12,12,12, , , , , , , , , , , , , , , , , , , , , , , , , , , , , , , , ,71218,1766934104191,,, , , , , , , , , ,3145728,71188,1,1,0,1, , , , , , , , ,3,3, , ,1, , , , , , , , , , , , , , , , , , , ,442393480, , , , , , , ,12, , , , , , , , , , , , , , , , , , , , , , , , , , , , , , , , , ,12, , , , , , , , , , , 
2025-12-28 17:37:44.575 UTC, , , , , , , , , ,589,3212341,65352,672, ,12, ,12, , , , , , , , , ,12,9, , , ,3,6,9, , , , , , , , , , , ,1, , , ,3212341,46489,15, ,44172, , , , ,71218,619019599872,12,12,12,12, , , , , , , , , , , , , , , , , , , , , , , , , , , , , , , , ,71218,1766934104191,,, , , , , , , , , ,3145728,71188,81,81,27,81, , , , , , , , ,3,3, , ,1, , , , , , , , , , , , , , , , , , , ,442393480,1, , , , , , ,12, , , , , , , , , , , , , , , , , , , , , , , , , , , , , , , , , ,12, , , , , , , , , , , 
2025-12-28 17:38:44.575 UTC, , , , , , , , , ,589,3212341,65352,672, ,12, ,12, , , , , , , , , ,12,9, , , ,3,6,9, , , , , , , , , , , ,1, , , ,3212341,46489,15, ,44172, , , , ,71218,619019599872,12,12,12,12, , , , , , , , , , , , , , , , , , , , , , , , , , , , , , , , ,71218,1766934104191,,, , , , , , , , , ,3145728,71188,1,1,0,1, , , , , , , , ,3,3, , ,1, , , , , , , , , , , , , , , , , , , ,442393480,1, , , , , , ,12, , , , , , , , , , , , , , , , , , , , , , , , , , , , , , , , , ,12, , , , , , , , , , , 
2025-12-28 17:39:44.575 UTC, , , , , , , , , ,589,3212341,65352,672, ,12, ,12, , , , , , , , , ,12,9, , , ,3,6,9, , , , , , , , , , , ,1, , , ,3212341,46489,15, ,44172, , , , ,71218,619019599872,12,12,12,12, , , , , , , , , , , , , , , , , , , , , , , , , , , , , , , , ,71218,1766934104191,,, , , , , , , , , ,3145728,71188,1,1,0,1, , , , , , , , ,3,3, , ,1, , , , , , , , , , , , , , , , , , , ,442393480, , , , , , , ,12, , , , , , , , , , , , , , , , , , , , , , , , , , , , , , , , , ,12, , , , , , , , , , , 
2025-12-28 17:40:44.576 UTC, , , , , , , , , ,589,3212341,65352,672, ,12, ,12, , , , , , , , , ,12,9, , , ,3,6,9, , , , , , , , , , , ,1, , , ,3212341,46489,15, ,44172, , , , ,71218,619019595776,12,12,12,12, , , , , , , , , , , , , , , , , , , , , , , , , , , , , , , , ,71218,1766934104191,,, , , , , , , , , ,3145728,71188,1,1,0,1, , , , , , , , ,3,3, , ,1, , , , , , , , , , , , , , , , , , , ,442393480, , , , , , , ,12, , , , , , , , , , , , , , , , , , , , , , , , , , , , , , , , , ,12, , , , , , , , , , , 
2025-12-28 17:41:44.576 UTC, , , , , , , , , ,589,3212341,65352,672, ,12, ,12, , , , , , , , , ,12,9, , , ,3,6,9, , , , , , , , , , , ,1, , , ,3212341,46489,15, ,44172, , , , ,71218,619019595776,12,12,12,12, , , , , , , , , , , , , , , , , , , , , , , , , , , , , , , , ,71218,1766934104191,,, , , , , , , , , ,3145728,71188,1,1,0,1, , , , , , , , ,3,3, , ,1, , , , , , , , , , , , , , , , , , , ,442393480, , , , , , , ,12, , , , , , , , , , , , , , , , , , , , , , , , , , , , , , , , , ,12, , , , , , , , , , , 
2025-12-28 17:42:44.577 UTC, , , , , , , , , ,589,3212341,65352,672, ,12, ,12, , , , , , , , , ,12,9, , , ,3,6,9, , , , , , , , , , , ,1, , , ,3212341,46489,15, ,44172, , , , ,71218,619019595776,12,12,12,12, , , , , , , , , , , , , , , , , , , , , , , , , , , , , , , , ,71218,1766934104191,,, , , , , , , , , ,3145728,71188,53,53,18,53, , , , , , , , ,3,3, , ,1, , , , , , , , , , , , , , , , , , , ,442393480, , , , , , , ,12, , , , , , , , , , , , , , , , , , , , , , , , , , , , , , , , , ,12, , , , , , , , , , , 
2025-12-28 17:43:44.580 UTC, , , , , , , , , ,589,3212341,65352,672, ,12, ,12, , , , , , , , , ,12,9, , , ,3,6,9, , , , , , , , , , , ,1, , , ,3212341,46489,15, ,44172, , , , ,71218,619019595776,12,12,12,12, , , , , , , , , , , , , , , , , , , , , , , , , , , , , , , , ,71218,1766934104191,,, , , , , , , , , ,3145728,71188,1,1,0,1, , , , , , , , ,3,3, , ,1, , , , , , , , , , , , , , , , , , , ,442393480,1, , , , , , ,12, , , , , , , , , , , , , , , , , , , , , , , , , , , , , , , , , ,12, , , , , , , , , , , 
2025-12-28 17:44:44.582 UTC, , , , , , , , , ,589,3212341,65352,672, ,12, ,12, , , , , , , , , ,12,9, , , ,3,6,9, , , , , , , , , , , ,1, , , ,3212341,46489,15, ,44172, , , , ,71218,619019595776,12,12,12,12, , , , , , , , , , , , , , , , , , , , , , , , , , , , , , , , ,71218,1766934104191,,, , , , , , , , , ,3145728,71188,1,1,0,1, , , , , , , , ,3,3, , ,1, , , , , , , , , , , , , , , , , , , ,442393480, , , , , , , ,12, , , , , , , , , , , , , , , , , , , , , , , , , , , , , , , , , ,12, , , , , , , , , , , 
2025-12-28 17:45:44.583 UTC, , , , , , , , , ,589,3212341,65352,672, ,12, ,12, , , , , , , , , ,12,9, , , ,3,6,9, , , , , , , , , , , ,1, , , ,3212341,46489,15, ,44172, , , , ,71218,619019595776,12,12,12,12, , , , , , , , , , , , , , , , , , , , , , , , , , , , , , , , ,71218,1766934104191,,, , , , , , , , , ,3145728,71188,1,1,1,1, , , , , , , , ,3,3, , ,1, , , , , , , , , , , , , , , , , , , ,444490632,1, , , , , , ,12, , , , , , , , , , , , , , , , , , , , , , , , , , , , , , , , , ,12, , , , , , , , , , , 
2025-12-28 17:46:44.586 UTC, , , , , , , , , ,589,3212341,65352,672, ,12, ,12, , , , , , , , , ,12,9, , , ,3,6,9, , , , , , , , , , , ,1, , , ,3212341,46489,15, ,44172, , , , ,71218,619019595776,12,12,12,12, , , , , , , , , , , , , , , , , , , , , , , , , , , , , , , , ,71218,1766934104191,,, , , , , , , , , ,3145728,71188,1,1,0,1, , , , , , , , ,3,3, , ,1, , , , , , , , , , , , , , , , , , , ,444490632, , , , , , , ,12, , , , , , , , , , , , , , , , , , , , , , , , , , , , , , , , , ,12, , , , , , , , , , , 
2025-12-28 17:47:44.588 UTC, , , , , , , , , ,589,3212341,65352,672, ,12, ,12, , , , , , , , , ,12,9, , , ,3,6,9, , , , , , , , , , , ,1, , , ,3212341,46489,15, ,44172, , , , ,71218,619019595776,12,12,12,12, , , , , , , , , , , , , , , , , , , , , , , , , , , , , , , , ,71218,1766934104191,,, , , , , , , , , ,3145728,71188,1,1,0,1, , , , , , , , ,3,3, , ,1, , , , , , , , , , , , , , , , , , , ,444490632, , , , , , , ,12, , , , , , , , , , , , , , , , , , , , , , , , , , , , , , , , , ,12, , , , , , , , , , , 
2025-12-28 17:48:44.595 UTC, , , , , , , , , ,589,3212341,65352,672, ,12, ,12, , , , , , , , , ,12,9, , , ,3,6,9, , , , , , , , , , , ,1, , , ,3212341,46489,15, ,44172, , , , ,71218,619019591680,12,12,12,12, , , , , , , , , , , , , , , , , , , , , , , , , , , , , , , , ,71218,1766934104191,,, , , , , , , , , ,3145728,71188,1,1,1,1, , , , , , , , ,3,3, , ,1, , , , , , , , , , , , , , , , , , , ,444490632, , , , , , , ,12, , , , , , , , , , , , , , , , , , , , , , , , , , , , , , , , , ,12, , , , , , , , , , , 
2025-12-28 17:49:44.597 UTC, , , , , , , , , ,589,3212341,65352,672, ,12, ,12, , , , , , , , , ,12,9, , , ,3,6,9, , , , , , , , , , , ,1, , , ,3212341,46489,15, ,44172, , , , ,71218,619019591680,12,12,12,12, , , , , , , , , , , , , , , , , , , , , , , , , , , , , , , , ,71218,1766934104191,,, , , , , , , , , ,3145728,71188,1,1,0,1, , , , , , , , ,3,3, , ,1, , , , , , , , , , , , , , , , , , , ,446587784, , , , , , , ,12, , , , , , , , , , , , , , , , , , , , , , , , , , , , , , , , , ,12, , , , , , , , , , , 
2025-12-28 17:50:44.600 UTC, , , , , , , , , ,589,3212341,65352,672, ,12, ,12, , , , , , , , , ,12,9, , , ,3,6,9, , , , , , , , , , , ,1, , , ,3212341,46489,15, ,44172, , , , ,71218,619019591680,12,12,12,12, , , , , , , , , , , , , , , , , , , , , , , , , , , , , , , , ,71218,1766934104191,,, , , , , , , , , ,3145728,71188,1,1,0,1, , , , , , , , ,3,3, , ,1, , , , , , , , , , , , , , , , , , , ,446587784,1, , , , , , ,12, , , , , , , , , , , , , , , , , , , , , , , , , , , , , , , , , ,12, , , , , , , , , , , 
2025-12-28 17:51:44.601 UTC, , , , , , , , , ,589,3212341,65352,672, ,12, ,12, , , , , , , , , ,12,9, , , ,3,6,9, , , , , , , , , , , ,1, , , ,3212341,46489,15, ,44172, , , , ,71218,619019591680,12,12,12,12, , , , , , , , , , , , , , , , , , , , , , , , , , , , , , , , ,71218,1766934104191,,, , , , , , , , , ,3145728,71188,1,1,0,1, , , , , , , , ,3,3, , ,1, , , , , , , , , , , , , , , , , , , ,446587784,1, , , , , , ,12, , , , , , , , , , , , , , , , , , , , , , , , , , , , , , , , , ,12, , , , , , , , , , , 
2025-12-28 17:52:44.604 UTC, , , , , , , , , ,589,3212341,65352,672, ,12, ,12, , , , , , , , , ,12,9, , , ,3,6,9, , , , , , , , , , , ,1, , , ,3212341,46489,15, ,44172, , , , ,71218,619019591680,12,12,12,12, , , , , , , , , , , , , , , , , , , , , , , , , , , , , , , , ,71218,1766934104191,,, , , , , , , , , ,3145728,71188,1,1,1,1, , , , , , , , ,3,3, , ,1, , , , , , , , , , , , , , , , , , , ,446587784,1, , , , , , ,12, , , , , , , , , , , , , , , , , , , , , , , , , , , , , , , , , ,12, , , , , , , , , , , 
2025-12-28 17:53:44.606 UTC, , , , , , , , , ,589,3212341,65352,672, ,12, ,12, , , , , , , , , ,12,9, , , ,3,6,9, , , , , , , , , , , ,1, , , ,3212341,46489,15, ,44172, , , , ,71218,619019591680,12,12,12,12, , , , , , , , , , , , , , , , , , , , , , , , , , , , , , , , ,71218,1766934104191,,, , , , , , , , , ,3145728,71188,1,1,0,1, , , , , , , , ,3,3, , ,1, , , , , , , , , , , , , , , , , , , ,446587784,1, , , , , , ,12, , , , , , , , , , , , , , , , , , , , , , , , , , , , , , , , , ,12, , , , , , , , , , , 
2025-12-28 17:54:44.609 UTC, , , , , , , , , ,589,3212341,65352,672, ,12, ,12, , , , , , , , , ,12,9, , , ,3,6,9, , , , , , , , , , , ,1, , , ,3212341,46489,15, ,44172, , , , ,71218,619019591680,12,12,12,12, , , , , , , , , , , , , , , , , , , , , , , , , , , , , , , , ,71218,1766934104191,,, , , , , , , , , ,3145728,71188,1,1,1,1, , , , , , , , ,3,3, , ,1, , , , , , , , , , , , , , , , , , , ,446587784,1, , , , , , ,12, , , , , , , , , , , , , , , , , , , , , , , , , , , , , , , , , ,12, , , , , , , , , , , 
2025-12-28 17:55:44.611 UTC, , , , , , , , , ,589,3212341,65352,672, ,12, ,12, , , , , , , , , ,12,9, , , ,3,6,9, , , , , , , , , , , ,1, , , ,3212341,46489,15, ,44172, , , , ,71218,619019591680,12,12,12,12, , , , , , , , , , , , , , , , , , , , , , , , , , , , , , , , ,71218,1766934104191,,, , , , , , , , , ,3145728,71188,15,15,5,15, , , , , , , , ,3,3, , ,1, , , , , , , , , , , , , , , , , , , ,446587784,1, , , , , , ,12, , , , , , , , , , , , , , , , , , , , , , , , , , , , , , , , , ,12, , , , , , , , , , , 
2025-12-28 17:56:44.614 UTC, , , , , , , , , ,589,3212341,65352,672, ,12, ,12, , , , , , , , , ,12,9, , , ,3,6,9, , , , , , , , , , , ,1, , , ,3212341,46489,15, ,44172, , , , ,71218,619019587584,12,12,12,12, , , , , , , , , , , , , , , , , , , , , , , , , , , , , , , , ,71218,1766934104191,,, , , , , , , , , ,3145728,71188,1,1,0,1, , , , , , , , ,3,3, , ,1, , , , , , , , , , , , , , , , , , , ,446587784,1, , , , , , ,12, , , , , , , , , , , , , , , , , , , , , , , , , , , , , , , , , ,12, , , , , , , , , , , 
2025-12-28 17:57:44.615 UTC, , , , , , , , , ,589,3212341,65352,672, ,12, ,12, , , , , , , , , ,12,9, , , ,3,6,9, , , , , , , , , , , ,1, , , ,3212341,46489,15, ,44172, , , , ,71218,619019587584,12,12,12,12, , , , , , , , , , , , , , , , , , , , , , , , , , , , , , , , ,71218,1766934104191,,, , , , , , , , , ,3145728,71188,1,1,0,1, , , , , , , , ,3,3, , ,1, , , , , , , , , , , , , , , , , , , ,448684936,1, , , , , , ,12, , , , , , , , , , , , , , , , , , , , , , , , , , , , , , , , , ,12, , , , , , , , , , , 
2025-12-28 17:58:44.617 UTC, , , , , , , , , ,589,3212341,65352,672, ,12, ,12, , , , , , , , , ,12,9, , , ,3,6,9, , , , , , , , , , , ,1, , , ,3212341,46489,15, ,44172, , , , ,71218,619019587584,12,12,12,12, , , , , , , , , , , , , , , , , , , , , , , , , , , , , , , , ,71218,1766934104191,,, , , , , , , , , ,3145728,71188,1,1,0,1, , , , , , , , ,3,3, , ,1, , , , , , , , , , , , , , , , , , , ,448684936, , , , , , , ,12, , , , , , , , , , , , , , , , , , , , , , , , , , , , , , , , , ,12, , , , , , , , , , , 
2025-12-28 17:59:44.619 UTC, , , , , , , , , ,589,3212341,65352,672, ,12, ,12, , , , , , , , , ,12,9, , , ,3,6,9, , , , , , , , , , , ,1, , , ,3212341,46489,15, ,44172, , , , ,71218,619019587584,12,12,12,12, , , , , , , , , , , , , , , , , , , , , , , , , , , , , , , , ,71218,1766934104191,,, , , , , , , , , ,3145728,71188,1,1,0,1, , , , , , , , ,3,3, , ,1, , , , , , , , , , , , , , , , , , , ,448684936,1, , , , , , ,12, , , , , , , , , , , , , , , , , , , , , , , , , , , , , , , , , ,12, , , , , , , , , , , 
2025-12-28 18:00:44.622 UTC, , , , , , , , , ,589,3212341,65352,672, ,12, ,12, , , , , , , , , ,12,9, , , ,3,6,9, , , , , , , , , , , ,1, , , ,3212341,46489,15, ,44172, , , , ,71218,619019587584,12,12,12,12, , , , , , , , , , , , , , , , , , , , , , , , , , , , , , , , ,71218,1766934104191,,, , , , , , , , , ,3145728,71188,26,26,9,26, , , , , , , , ,3,3, , ,1, , , , , , , , , , , , , , , , , , , ,448684936,1, , , , , , ,12, , , , , , , , , , , , , , , , , , , , , , , , , , , , , , , , , ,12, , , , , , , , , , , 
2025-12-28 18:01:44.624 UTC, , , , , , , , , ,589,3212341,65352,672, ,12, ,12, , , , , , , , , ,12,9, , , ,3,6,9, , , , , , , , , , , ,1, , , ,3212341,46489,15, ,44172, , , , ,71218,619019587584,12,12,12,12, , , , , , , , , , , , , , , , , , , , , , , , , , , , , , , , ,71218,1766934104191,,, , , , , , , , , ,3145728,71188,1,1,0,1, , , , , , , , ,3,3, , ,1, , , , , , , , , , , , , , , , , , , ,448684936, , , , , , , ,12, , , , , , , , , , , , , , , , , , , , , , , , , , , , , , , , , ,12, , , , , , , , , , , 
2025-12-28 18:02:44.626 UTC, , , , , , , , , ,589,3212341,65352,672, ,12, ,12, , , , , , , , , ,12,9, , , ,3,6,9, , , , , , , , , , , ,1, , , ,3212341,46489,15, ,44172, , , , ,71218,619019587584,12,12,12,12, , , , , , , , , , , , , , , , , , , , , , , , , , , , , , , , ,71218,1766934104191,,, , , , , , , , , ,3145728,71188,1,1,0,1, , , , , , , , ,3,3, , ,1, , , , , , , , , , , , , , , , , , , ,448684936,1, , , , , , ,12, , , , , , , , , , , , , , , , , , , , , , , , , , , , , , , , , ,12, , , , , , , , , , , 
2025-12-28 18:03:44.629 UTC, , , , , , , , , ,589,3212341,65352,672, ,12, ,12, , , , , , , , , ,12,9, , , ,3,6,9, , , , , , , , , , , ,1, , , ,3212341,46489,15, ,44172, , , , ,71218,619019587584,12,12,12,12, , , , , , , , , , , , , , , , , , , , , , , , , , , , , , , , ,71218,1766934104191,,, , , , , , , , , ,3145728,71188,1,1,0,1, , , , , , , , ,3,3, , ,1, , , , , , , , , , , , , , , , , , , ,450782088, , , , , , , ,12, , , , , , , , , , , , , , , , , , , , , , , , , , , , , , , , , ,12, , , , , , , , , , , 
2025-12-28 18:04:44.633 UTC, , , , , , , , , ,589,3212341,65352,672, ,12, ,12, , , , , , , , , ,12,9, , , ,3,6,9, , , , , , , , , , , ,1, , , ,3212341,46489,15, ,44172, , , , ,71218,619019583488,12,12,12,12, , , , , , , , , , , , , , , , , , , , , , , , , , , , , , , , ,71218,1766934104191,,, , , , , , , , , ,3145728,71188,1,1,0,1, , , , , , , , ,3,3, , ,1, , , , , , , , , , , , , , , , , , , ,450782088, , , , , , , ,12, , , , , , , , , , , , , , , , , , , , , , , , , , , , , , , , , ,12, , , , , , , , , , , 
2025-12-28 18:05:44.637 UTC, , , , , , , , , ,589,3212341,65352,672, ,12, ,12, , , , , , , , , ,12,9, , , ,3,6,9, , , , , , , , , , , ,1, , , ,3212341,46489,15, ,44172, , , , ,71218,619019583488,12,12,12,12, , , , , , , , , , , , , , , , , , , , , , , , , , , , , , , , ,71218,1766934104191,,, , , , , , , , , ,3145728,71188,1,1,0,1, , , , , , , , ,3,3, , ,1, , , , , , , , , , , , , , , , , , , ,450782088, , , , , , , ,12, , , , , , , , , , , , , , , , , , , , , , , , , , , , , , , , , ,12, , , , , , , , , , , 
2025-12-28 18:06:44.639 UTC, , , , , , , , , ,589,3212341,65352,672, ,12, ,12, , , , , , , , , ,12,9, , , ,3,6,9, , , , , , , , , , , ,1, , , ,3212341,46489,15, ,44172, , , , ,71218,619019583488,12,12,12,12, , , , , , , , , , , , , , , , , , , , , , , , , , , , , , , , ,71218,1766934104191,,, , , , , , , , , ,3145728,71188,1,1,0,1, , , , , , , , ,3,3, , ,1, , , , , , , , , , , , , , , , , , , ,450782088,1, , , , , , ,12, , , , , , , , , , , , , , , , , , , , , , , , , , , , , , , , , ,12, , , , , , , , , , , 
2025-12-28 18:07:44.640 UTC, , , , , , , , , ,589,3212341,65352,672, ,12, ,12, , , , , , , , , ,12,9, , , ,3,6,9, , , , , , , , , , , ,1, , , ,3212341,46489,15, ,44172, , , , ,71218,619019583488,12,12,12,12, , , , , , , , , , , , , , , , , , , , , , , , , , , , , , , , ,71218,1766934104191,,, , , , , , , , , ,3145728,71188,1,1,0,1, , , , , , , , ,3,3, , ,1, , , , , , , , , , , , , , , , , , , ,450782088,1, , , , , , ,12, , , , , , , , , , , , , , , , , , , , , , , , , , , , , , , , , ,12, , , , , , , , , , , 
2025-12-28 18:08:44.642 UTC, , , , , , , , , ,589,3212341,65352,672, ,12, ,12, , , , , , , , , ,12,9, , , ,3,6,9, , , , , , , , , , , ,1, , , ,3212341,46489,15, ,44172, , , , ,71218,619019583488,12,12,12,12, , , , , , , , , , , , , , , , , , , , , , , , , , , , , , , , ,71218,1766934104191,,, , , , , , , , , ,3145728,71188,1,1,0,1, , , , , , , , ,3,3, , ,1, , , , , , , , , , , , , , , , , , , ,450782088, , , , , , , ,12, , , , , , , , , , , , , , , , , , , , , , , , , , , , , , , , , ,12, , , , , , , , , , , 
2025-12-28 18:09:44.643 UTC, , , , , , , , , ,589,3212341,65352,672, ,12, ,12, , , , , , , , , ,12,9, , , ,3,6,9, , , , , , , , , , , ,1, , , ,3212341,46489,15, ,44172, , , , ,71218,619019583488,12,12,12,12, , , , , , , , , , , , , , , , , , , , , , , , , , , , , , , , ,71218,1766934104191,,, , , , , , , , , ,3145728,71188,1,1,0,1, , , , , , , , ,3,3, , ,1, , , , , , , , , , , , , , , , , , , ,450782088, , , , , , , ,12, , , , , , , , , , , , , , , , , , , , , , , , , , , , , , , , , ,12, , , , , , , , , , , 
2025-12-28 18:10:44.648 UTC, , , , , , , , , ,589,3212341,65352,672, ,12, ,12, , , , , , , , , ,12,9, , , ,3,6,9, , , , , , , , , , , ,1, , , ,3212341,46489,15, ,44172, , , , ,71218,619019583488,12,12,12,12, , , , , , , , , , , , , , , , , , , , , , , , , , , , , , , , ,71218,1766934104191,,, , , , , , , , , ,3145728,71188,36,36,12,36, , , , , , , , ,3,3, , ,1, , , , , , , , , , , , , , , , , , , ,452879240, , , , , , , ,12, , , , , , , , , , , , , , , , , , , , , , , , , , , , , , , , , ,12, , , , , , , , , , , 
2025-12-28 18:11:44.651 UTC, , , , , , , , , ,589,3212341,65352,672, ,12, ,12, , , , , , , , , ,12,9, , , ,3,6,9, , , , , , , , , , , ,1, , , ,3212341,46489,15, ,44172, , , , ,71218,619019583488,12,12,12,12, , , , , , , , , , , , , , , , , , , , , , , , , , , , , , , , ,71218,1766934104191,,, , , , , , , , , ,3145728,71188,1,1,0,1, , , , , , , , ,3,3, , ,1, , , , , , , , , , , , , , , , , , , ,452879240,1, , , , , , ,12, , , , , , , , , , , , , , , , , , , , , , , , , , , , , , , , , ,12, , , , , , , , , , , 
2025-12-28 18:12:44.653 UTC, , , , , , , , , ,589,3212341,65352,672, ,12, ,12, , , , , , , , , ,12,9, , , ,3,6,9, , , , , , , , , , , ,1, , , ,3212341,46489,15, ,44172, , , , ,71218,619019579392,12,12,12,12, , , , , , , , , , , , , , , , , , , , , , , , , , , , , , , , ,71218,1766934104191,,, , , , , , , , , ,3145728,71188,0,0,0,0, , , , , , , , ,3,3, , ,1, , , , , , , , , , , , , , , , , , , ,452879240,1, , , , , , ,12, , , , , , , , , , , , , , , , , , , , , , , , , , , , , , , , , ,12, , , , , , , , , , , 
2025-12-28 18:13:44.655 UTC, , , , , , , , , ,589,3212341,65352,672, ,12, ,12, , , , , , , , , ,12,9, , , ,3,6,9, , , , , , , , , , , ,1, , , ,3212341,46489,15, ,44172, , , , ,71218,619019579392,12,12,12,12, , , , , , , , , , , , , , , , , , , , , , , , , , , , , , , , ,71218,1766934104191,,, , , , , , , , , ,3145728,71188,1,1,1,1, , , , , , , , ,3,3, , ,1, , , , , , , , , , , , , , , , , , , ,452879240,1, , , , , , ,12, , , , , , , , , , , , , , , , , , , , , , , , , , , , , , , , , ,12, , , , , , , , , , , 
2025-12-28 18:14:44.656 UTC, , , , , , , , , ,589,3212341,65352,672, ,12, ,12, , , , , , , , , ,12,9, , , ,3,6,9, , , , , , , , , , , ,1, , , ,3212341,46489,15, ,44172, , , , ,71218,619019579392,12,12,12,12, , , , , , , , , , , , , , , , , , , , , , , , , , , , , , , , ,71218,1766934104191,,, , , , , , , , , ,3145728,71188,1,1,1,1, , , , , , , , ,3,3, , ,1, , , , , , , , , , , , , , , , , , , ,454976392,1, , , , , , ,12, , , , , , , , , , , , , , , , , , , , , , , , , , , , , , , , , ,12, , , , , , , , , , , 
2025-12-28 18:15:44.657 UTC, , , , , , , , , ,589,3212341,65352,672, ,12, ,12, , , , , , , , , ,12,9, , , ,3,6,9, , , , , , , , , , , ,1, , , ,3212341,46489,15, ,44172, , , , ,71218,619019579392,12,12,12,12, , , , , , , , , , , , , , , , , , , , , , , , , , , , , , , , ,71218,1766934104191,,, , , , , , , , , ,3145728,71188,1,1,0,1, , , , , , , , ,3,3, , ,1, , , , , , , , , , , , , , , , , , , ,454976392,1, , , , , , ,12, , , , , , , , , , , , , , , , , , , , , , , , , , , , , , , , , ,12, , , , , , , , , , , 
2025-12-28 18:16:44.657 UTC, , , , , , , , , ,589,3212341,65352,672, ,12, ,12, , , , , , , , , ,12,9, , , ,3,6,9, , , , , , , , , , , ,1, , , ,3212341,46489,15, ,44172, , , , ,71218,619019579392,12,12,12,12, , , , , , , , , , , , , , , , , , , , , , , , , , , , , , , , ,71218,1766934104191,,, , , , , , , , , ,3145728,71188,39,39,13,39, , , , , , , , ,3,3, , ,1, , , , , , , , , , , , , , , , , , , ,454976392,1, , , , , , ,12, , , , , , , , , , , , , , , , , , , , , , , , , , , , , , , , , ,12, , , , , , , , , , , 
2025-12-28 18:17:44.658 UTC, , , , , , , , , ,589,3212341,65352,672, ,12, ,12, , , , , , , , , ,12,9, , , ,3,6,9, , , , , , , , , , , ,1, , , ,3212341,46489,15, ,44172, , , , ,71218,619019579392,12,12,12,12, , , , , , , , , , , , , , , , , , , , , , , , , , , , , , , , ,71218,1766934104191,,, , , , , , , , , ,3145728,71188,1,1,0,1, , , , , , , , ,3,3, , ,1, , , , , , , , , , , , , , , , , , , ,454976392,1, , , , , , ,12, , , , , , , , , , , , , , , , , , , , , , , , , , , , , , , , , ,12, , , , , , , , , , , 
2025-12-28 18:18:44.660 UTC, , , , , , , , , ,589,3212341,65352,672, ,12, ,12, , , , , , , , , ,12,9, , , ,3,6,9, , , , , , , , , , , ,1, , , ,3212341,46489,15, ,44172, , , , ,71218,619019579392,12,12,12,12, , , , , , , , , , , , , , , , , , , , , , , , , , , , , , , , ,71218,1766934104191,,, , , , , , , , , ,3145728,71188,1,1,0,1, , , , , , , , ,3,3, , ,1, , , , , , , , , , , , , , , , , , , ,454976392,1, , , , , , ,12, , , , , , , , , , , , , , , , , , , , , , , , , , , , , , , , , ,12, , , , , , , , , , , 
2025-12-28 18:19:44.660 UTC, , , , , , , , , ,589,3212341,65352,672, ,12, ,12, , , , , , , , , ,12,9, , , ,3,6,9, , , , , , , , , , , ,1, , , ,3212341,46489,15, ,44172, , , , ,71218,619019579392,12,12,12,12, , , , , , , , , , , , , , , , , , , , , , , , , , , , , , , , ,71218,1766934104191,,, , , , , , , , , ,3145728,71188,1,1,1,1, , , , , , , , ,3,3, , ,1, , , , , , , , , , , , , , , , , , , ,454976392,1, , , , , , ,12, , , , , , , , , , , , , , , , , , , , , , , , , , , , , , , , , ,12, , , , , , , , , , , 
2025-12-28 18:20:44.660 UTC, , , , , , , , , ,589,3212341,65352,672, ,12, ,12, , , , , , , , , ,12,9, , , ,3,6,9, , , , , , , , , , , ,1, , , ,3212341,46489,15, ,44172, , , , ,71218,619019575296,12,12,12,12, , , , , , , , , , , , , , , , , , , , , , , , , , , , , , , , ,71218,1766934104191,,, , , , , , , , , ,3145728,71188,33,33,11,33, , , , , , , , ,3,3, , ,1, , , , , , , , , , , , , , , , , , , ,454976392,1, , , , , , ,12, , , , , , , , , , , , , , , , , , , , , , , , , , , , , , , , , ,12, , , , , , , , , , , 
2025-12-28 18:21:44.660 UTC, , , , , , , , , ,589,3212341,65352,672, ,12, ,12, , , , , , , , , ,12,9, , , ,3,6,9, , , , , , , , , , , ,1, , , ,3212341,46489,15, ,44172, , , , ,71218,619019575296,12,12,12,12, , , , , , , , , , , , , , , , , , , , , , , , , , , , , , , , ,71218,1766934104191,,, , , , , , , , , ,3145728,71188,1,1,0,1, , , , , , , , ,3,3, , ,1, , , , , , , , , , , , , , , , , , , ,454976392,1, , , , , , ,12, , , , , , , , , , , , , , , , , , , , , , , , , , , , , , , , , ,12, , , , , , , , , , , 
2025-12-28 18:22:44.662 UTC, , , , , , , , , ,589,3212341,65352,672, ,12, ,12, , , , , , , , , ,12,9, , , ,3,6,9, , , , , , , , , , , ,1, , , ,3212341,46489,15, ,44172, , , , ,71218,619019575296,12,12,12,12, , , , , , , , , , , , , , , , , , , , , , , , , , , , , , , , ,71218,1766934104191,,, , , , , , , , , ,3145728,71188,1,1,0,1, , , , , , , , ,3,3, , ,1, , , , , , , , , , , , , , , , , , , ,454976392,1, , , , , , ,12, , , , , , , , , , , , , , , , , , , , , , , , , , , , , , , , , ,12, , , , , , , , , , , 
2025-12-28 18:23:44.663 UTC, , , , , , , , , ,589,3212341,65352,672, ,12, ,12, , , , , , , , , ,12,9, , , ,3,6,9, , , , , , , , , , , ,1, , , ,3212341,46489,15, ,44172, , , , ,71218,619019575296,12,12,12,12, , , , , , , , , , , , , , , , , , , , , , , , , , , , , , , , ,71218,1766934104191,,, , , , , , , , , ,3145728,71188,1,1,1,1, , , , , , , , ,3,3, , ,1, , , , , , , , , , , , , , , , , , , ,457073544,1, , , , , , ,12, , , , , , , , , , , , , , , , , , , , , , , , , , , , , , , , , ,12, , , , , , , , , , , 
2025-12-28 18:24:44.665 UTC, , , , , , , , , ,589,3212341,65352,672, ,12, ,12, , , , , , , , , ,12,9, , , ,3,6,9, , , , , , , , , , , ,1, , , ,3212341,46489,15, ,44172, , , , ,71218,619019575296,12,12,12,12, , , , , , , , , , , , , , , , , , , , , , , , , , , , , , , , ,71218,1766934104191,,, , , , , , , , , ,3145728,71188,1,1,1,1, , , , , , , , ,3,3, , ,1, , , , , , , , , , , , , , , , , , , ,457073544,1, , , , , , ,12, , , , , , , , , , , , , , , , , , , , , , , , , , , , , , , , , ,12, , , , , , , , , , , 
2025-12-28 18:25:44.665 UTC, , , , , , , , , ,589,3212341,65352,672, ,12, ,12, , , , , , , , , ,12,9, , , ,3,6,9, , , , , , , , , , , ,1, , , ,3212341,46489,15, ,44172, , , , ,71218,619019575296,12,12,12,12, , , , , , , , , , , , , , , , , , , , , , , , , , , , , , , , ,71218,1766934104191,,, , , , , , , , , ,3145728,71188,1,1,0,1, , , , , , , , ,3,3, , ,1, , , , , , , , , , , , , , , , , , , ,457073544, , , , , , , ,12, , , , , , , , , , , , , , , , , , , , , , , , , , , , , , , , , ,12, , , , , , , , , , , 
2025-12-28 18:26:44.666 UTC, , , , , , , , , ,589,3212341,65352,672, ,12, ,12, , , , , , , , , ,12,9, , , ,3,6,9, , , , , , , , , , , ,1, , , ,3212341,46489,15, ,44172, , , , ,71218,619019575296,12,12,12,12, , , , , , , , , , , , , , , , , , , , , , , , , , , , , , , , ,71218,1766934104191,,, , , , , , , , , ,3145728,71188,1,1,0,1, , , , , , , , ,3,3, , ,1, , , , , , , , , , , , , , , , , , , ,457073544,1, , , , , , ,12, , , , , , , , , , , , , , , , , , , , , , , , , , , , , , , , , ,12, , , , , , , , , , , 
2025-12-28 18:27:44.666 UTC, , , , , , , , , ,589,3212341,65352,672, ,12, ,12, , , , , , , , , ,12,9, , , ,3,6,9, , , , , , , , , , , ,1, , , ,3212341,46489,15, ,44172, , , , ,71218,619019575296,12,12,12,12, , , , , , , , , , , , , , , , , , , , , , , , , , , , , , , , ,71218,1766934104191,,, , , , , , , , , ,3145728,71188,1,1,0,1, , , , , , , , ,3,3, , ,1, , , , , , , , , , , , , , , , , , , ,457073544, , , , , , , ,12, , , , , , , , , , , , , , , , , , , , , , , , , , , , , , , , , ,12, , , , , , , , , , , 
2025-12-28 18:28:44.682 UTC, , , , , , , , , ,589,3212341,65352,672, ,12, ,12, , , , , , , , , ,12,9, , , ,3,6,9, , , , , , , , , , , ,1, , , ,3212341,46489,15, ,44172, , , , ,71218,619019571200,12,12,12,12, , , , , , , , , , , , , , , , , , , , , , , , , , , , , , , , ,71218,1766934104191,,, , , , , , , , , ,3145728,71188,1,1,0,1, , , , , , , , ,3,3, , ,1, , , , , , , , , , , , , , , , , , , ,459170696, , , , , , , ,12, , , , , , , , , , , , , , , , , , , , , , , , , , , , , , , , , ,12, , , , , , , , , , , 
2025-12-28 18:29:44.683 UTC, , , , , , , , , ,589,3212341,65352,672, ,12, ,12, , , , , , , , , ,12,9, , , ,3,6,9, , , , , , , , , , , ,1, , , ,3212341,46489,15, ,44172, , , , ,71218,619019571200,12,12,12,12, , , , , , , , , , , , , , , , , , , , , , , , , , , , , , , , ,71218,1766934104191,,, , , , , , , , , ,3145728,71188,14,14,5,14, , , , , , , , ,3,3, , ,1, , , , , , , , , , , , , , , , , , , ,459170696,1, , , , , , ,12, , , , , , , , , , , , , , , , , , , , , , , , , , , , , , , , , ,12, , , , , , , , , , , 
2025-12-28 18:30:44.683 UTC, , , , , , , , , ,589,3212341,65352,672, ,12, ,12, , , , , , , , , ,12,9, , , ,3,6,9, , , , , , , , , , , ,1, , , ,3212341,46489,15, ,44172, , , , ,71218,619019571200,12,12,12,12, , , , , , , , , , , , , , , , , , , , , , , , , , , , , , , , ,71218,1766934104191,,, , , , , , , , , ,3145728,71188,1,1,0,1, , , , , , , , ,3,3, , ,1, , , , , , , , , , , , , , , , , , , ,459170696, , , , , , , ,12, , , , , , , , , , , , , , , , , , , , , , , , , , , , , , , , , ,12, , , , , , , , , , , 
2025-12-28 18:31:44.684 UTC, , , , , , , , , ,589,3212341,65352,672, ,12, ,704, , , , , , , , , ,12,9, , , ,3,6,9, ,728, , , , , , , , , ,1, , , ,3212341,46489,15, ,44172, , , , ,71218,619179352064,12,12,12,12, , , , , , , , , , , , , , , , , , , , , , , , , , , , , , , , ,71218,1766934104191,,, , , , , , , , , ,3145728,71188,4,4,1,4, , , , , , , , ,3,3, , ,1, , , , , , , , , , , , , , , , , , , ,467559304, , , , , , , ,7620, , , , , , , , , , , , , , , , , , , , , , , , , , , , , , , , ,7100,520, , , , , , , , , , , 
2025-12-28 18:32:44.684 UTC, , , , , , , , , ,589,3212341,65352,672, ,12, ,12, , , , , , , , , ,12,9, , , ,3,6,9, , , , , , , , , , , ,1, , , ,3212341,46489,15, ,44172, , , , ,71218,619019567104,12,12,12,12, , , , , , , , , , , , , , , , , , , , , , , , , , , , , , , , ,71218,1766934104191,,, , , , , , , , , ,3145728,71188,16,16,10,16, , , , , , , , ,3,3, , ,1, , , , , , , , , , , , , , , , , , , ,467559304, , , , , , , ,12, , , , , , , , , , , , , , , , , , , , , , , , , , , , , , , , , ,12, , , , , , , , , , , 
2025-12-28 18:33:44.685 UTC, , , , , , , , , ,589,3213357,66368,672, ,12, ,1990, , , , , , , , , ,12,9, , , ,3,6,9, ,2080, , , , , , , , , ,1, , , ,3213357,46489,15, ,44172, , , , ,72646,619019567104,12,12,12,12, , , , , , , , , , , , , , , , , , , , , , , , , , , , , , , , ,72646,1766934104191,,, , , , , , , , , ,3145728,72616,32,32,13,32, , , ,4,4, ,4, ,3,7, , ,1, , , , , , , , , ,1428,4, , , , , , , , ,503210888,1, , , , , , ,21792, , , , , , , , , , , , , , , , , , , , , , , , , , , , , , ,26, ,20314,1452, , , , , , , , , , , 
2025-12-28 18:34:44.687 UTC, , , , , , , , , ,589,3213357,66368,672, ,12, ,12, , , , , , , , , ,12,9, , , ,3,6,9, , , , , , , , , , , ,1, , , ,3213357,46489,15, ,44172, , , , ,72646,619019567104,12,12,12,12, , , , , , , , , , , , , , , , , , , , , , , , , , , , , , , , ,72646,1766934104191,,, , , , , , , , , ,3145728,72616,63,63,39,63, , , , , , , , ,3,3, , ,1, , , , , , , , , , , , , , , , , , , ,503210888,1, , , , , , ,12, , , , , , , , , , , , , , , , , , , , , , , , , , , , , , , , , ,12, , , , , , , , , , , 
2025-12-28 18:35:44.688 UTC, , , , , , , , , ,589,3213357,66368,672, ,12, ,12, , , , , , , , , ,12,9, , , ,3,6,9, , , , , , , , , , , ,1, , , ,3213357,46489,15, ,44172, , , , ,72646,619019567104,12,12,12,12, , , , , , , , , , , , , , , , , , , , , , , , , , , , , , , , ,72646,1766934104191,,, , , , , , , , , ,3145728,72616,117,117,52,117, , , , , , , , ,3,3, , ,1, , , , , , , , , , , , , , , , , , , ,503210888,1, , , , , , ,12, , , , , , , , , , , , , , , , , , , , , , , , , , , , , , , , , ,12, , , , , , , , , , , 
2025-12-28 18:36:44.689 UTC, , , , , , , , , ,589,3213357,66368,672, ,12, ,12, , , , , , , , , ,12,9, , , ,3,6,9, , , , , , , , , , , ,1, , , ,3213357,46489,15, ,44172, , , , ,72646,619019563008,12,12,12,12, , , , , , , , , , , , , , , , , , , , , , , , , , , , , , , , ,72646,1766934104191,,, , , , , , , , , ,3145728,72616,1,1,0,1, , , , , , , , ,3,3, , ,1, , , , , , , , , , , , , , , , , , , ,503210888,1, , , , , , ,12, , , , , , , , , , , , , , , , , , , , , , , , , , , , , , , , , ,12, , , , , , , , , , , 
2025-12-28 18:37:44.691 UTC, , , , , , , , , ,589,3213357,66368,672, ,12, ,12, , , , , , , , , ,12,9, , , ,3,6,9, , , , , , , , , , , ,1, , , ,3213357,46489,15, ,44172, , , , ,72646,619019563008,12,12,12,12, , , , , , , , , , , , , , , , , , , , , , , , , , , , , , , , ,72646,1766934104191,,, , , , , , , , , ,3145728,72616,12,12,4,12, , , , , , , , ,3,3, , ,1, , , , , , , , , , , , , , , , , , , ,505308040,1, , , , , , ,12, , , , , , , , , , , , , , , , , , , , , , , , , , , , , , , , , ,12, , , , , , , , , , , 
2025-12-28 18:38:44.691 UTC, , , , , , , , , ,589,3213357,66368,672, ,12, ,12, , , , , , , , , ,12,9, , , ,3,6,9, , , , , , , , , , , ,1, , , ,3213357,46489,15, ,44172, , , , ,72646,619019563008,12,12,12,12, , , , , , , , , , , , , , , , , , , , , , , , , , , , , , , , ,72646,1766934104191,,, , , , , , , , , ,3145728,72616,1,1,0,1, , , , , , , , ,3,3, , ,1, , , , , , , , , , , , , , , , , , , ,505308040, , , , , , , ,12, , , , , , , , , , , , , , , , , , , , , , , , , , , , , , , , , ,12, , , , , , , , , , , 
2025-12-28 18:39:44.692 UTC, , , , , , , , , ,589,3213357,66368,672, ,12, ,12, , , , , , , , , ,12,9, , , ,3,6,9, , , , , , , , , , , ,1, , , ,3213357,46489,15, ,44172, , , , ,72646,619019563008,12,12,12,12, , , , , , , , , , , , , , , , , , , , , , , , , , , , , , , , ,72646,1766934104191,,, , , , , , , , , ,3145728,72616,1,1,0,1, , , , , , , , ,3,3, , ,1, , , , , , , , , , , , , , , , , , , ,505308040, , , , , , , ,12, , , , , , , , , , , , , , , , , , , , , , , , , , , , , , , , , ,12, , , , , , , , , , , 
2025-12-28 18:40:44.703 UTC, , , , , , , , , ,589,3213357,66368,672, ,12, ,1952, , , , , , , , , ,12,9, , , ,3,6,9, ,2153, , , , , , , , , ,1, , , ,3213357,46489,15, ,44172, , , , ,72646,619019563008,12,12,12,12, , , , , , , , , , , , , , , , , , , , , , , , , , , , , , , , ,72646,1766934104191,,, , , , , , , , , ,3145728,72616,45,45,15,45, , , , , , , , ,3,3, , ,1, , , , , , , , , , , , , , , , , ,1,196,108244608,1, , , , , , ,22217, , , , , , , , , , , , , , , , , , , , , , , , , , , , , , , , ,20768,1449, , , , , , , , , , , 
2025-12-28 18:41:44.717 UTC, , , , , , , , , ,589,3214469,67480,672, ,12, ,807, , , , , , , , , ,12,9, , , ,3,6,9, ,898, , , , , , , , , ,1, , , ,3214469,46489,15, ,44172, , , , ,73281,619019563008,13,13,13,13, , , , , , , , , , , , , , , , , , , , , , , , , , , , , , , , ,73281,1766934104191,,, , , , , , , , , ,3145728,73251,43,43,15,43, , , ,2,2, ,2, ,3,5, , ,1, , , , , , , , , ,635,2, , , , , , , , ,120827520, , , , , , , ,8836, , , , , , , , , , , , , , , , , , , , , , , , , , , , , , ,11, ,8222,603, , , , , , , , , , , 
2025-12-28 18:42:44.720 UTC, , , , , , , , , ,589,3214469,67480,672, ,12, ,12, , , , , , , , , ,12,9, , , ,3,6,9, , , , , , , , , , , ,1, , , ,3214469,46489,15, ,44172, , , , ,73281,619179347968,13,13,13,13, , , , , , , , , , , , , , , , , , , , , , , , , , , , , , , , ,73281,1766934104191,,, , , , , , , , , ,3145728,73251,7,7,2,7, , , , , , , , ,3,3, , ,1, , , , , , , , , , , , , , , , , , , ,120827520, , , , , , , ,12, , , , , , , , , , , , , , , , , , , , , , , , , , , , , , , , , ,12, , , , , , , , , , , 
2025-12-28 18:43:44.722 UTC, , , , , , , , , ,589,3214469,67480,672, ,12, ,12, , , , , , , , , ,12,9, , , ,3,6,9, , , , , , , , , , , ,1, , , ,3214469,46489,15, ,44172, , , , ,73281,619019563008,13,13,13,13, , , , , , , , , , , , , , , , , , , , , , , , , , , , , , , , ,73281,1766934104191,,, , , , , , , , , ,3145728,73251,1,1,0,1, , , , , , , , ,3,3, , ,1, , , , , , , , , , , , , , , , , , , ,120827520, , , , , , , ,12, , , , , , , , , , , , , , , , , , , , , , , , , , , , , , , , , ,12, , , , , , , , , , , 
2025-12-28 18:44:44.733 UTC, , , , , , , , , ,589,3214469,67480,672, ,12, ,12, , , , , , , , , ,12,9, , , ,3,6,9, , , , , , , , , , , ,1, , , ,3214469,46489,15, ,44172, , , , ,73281,619019558912,13,13,13,13, , , , , , , , , , , , , , , , , , , , , , , , , , , , , , , , ,73281,1766934104191,,, , , , , , , , , ,3145728,73251,7,7,2,7, , , , , , , , ,3,3, , ,1, , , , , , , , , , , , , , , , , , , ,122924672, , , , , , , ,12, , , , , , , , , , , , , , , , , , , , , , , , , , , , , , , , , ,12, , , , , , , , , , , 
2025-12-28 18:45:44.735 UTC, , , , , , , , , ,589,3214469,67480,672, ,12, ,1648, , , , , , , , , ,12,9, , , ,3,6,9, ,2008, , , , , , , , , ,1, , , ,3214469,46489,15, ,44172, , , , ,73281,619019558912,13,13,13,13, , , , , , , , , , , , , , , , , , , , , , , , , , , , , , , , ,73281,1766934104191,,, , , , , , , , , ,3145728,73251,9,9,3,9, , , , , , , , ,3,3, , ,1, , , , , , , , , , , , , , , , , , , ,143896192, , , , , , , ,18202, , , , , , , , , , , , , , , , , , , , , , , , , , , , , , , , ,16981,1221, , , , , , , , , , , 
2025-12-28 18:46:44.737 UTC, , , , , , , , , ,589,3214469,67480,672, ,12, ,575, , , , , , , , , ,12,9, , , ,3,6,9, ,652, , , , , , , , , ,1, , , ,3214469,46489,15, ,44172, , , , ,73717,619019558912,13,13,13,13, , , , , , , , , , , , , , , , , , , , , , , , , , , , , , , , ,73717,1766934104191,,, , , , , , , , , ,3145728,73687,32,32,12,32, , , ,3,3, ,3, ,3,6, , ,1, , , , , , , , , ,436,3, , , , , , , , ,152284800, , , , , , , ,6302, , , , , , , , , , , , , , , , , , , , , , , , , , , , , , ,7, ,5868,427, , , , , , , , , , , 
2025-12-28 18:47:44.739 UTC, , , , , , , , , ,589,3214469,67480,672, ,12, ,12, , , , , , , , , ,12,9, , , ,3,6,9, , , , , , , , , , , ,1, , , ,3214469,46489,15, ,44172, , , , ,73717,619019558912,13,13,13,13, , , , , , , , , , , , , , , , , , , , , , , , , , , , , , , , ,73717,1766934104191,,, , , , , , , , , ,3145728,73687,1,1,0,1, , , , , , , , ,3,3, , ,1, , , , , , , , , , , , , , , , , , , ,152284800, , , , , , , ,12, , , , , , , , , , , , , , , , , , , , , , , , , , , , , , , , , ,12, , , , , , , , , , , 
2025-12-28 18:48:44.740 UTC, , , , , , , , , ,589,3214469,67480,672, ,12, ,12, , , , , , , , , ,12,9, , , ,3,6,9, , , , , , , , , , , ,1, , , ,3214469,46489,15, ,44172, , , , ,73717,619019558912,13,13,13,13, , , , , , , , , , , , , , , , , , , , , , , , , , , , , , , , ,73717,1766934104191,,, , , , , , , , , ,3145728,73687,1,1,1,1, , , , , , , , ,3,3, , ,1, , , , , , , , , , , , , , , , , , , ,152284800, , , , , , , ,12, , , , , , , , , , , , , , , , , , , , , , , , , , , , , , , , , ,12, , , , , , , , , , , 
2025-12-28 18:49:44.743 UTC, , , , , , , , , ,589,3214469,67480,672, ,12, ,12, , , , , , , , , ,12,9, , , ,3,6,9, , , , , , , , , , , ,1, , , ,3214469,46489,15, ,44172, , , , ,73717,619019558912,13,13,13,13, , , , , , , , , , , , , , , , , , , , , , , , , , , , , , , , ,73717,1766934104191,,, , , , , , , , , ,3145728,73687,1,1,0,1, , , , , , , , ,3,3, , ,1, , , , , , , , , , , , , , , , , , , ,152284800,1, , , , , , ,12, , , , , , , , , , , , , , , , , , , , , , , , , , , , , , , , , ,12, , , , , , , , , , , 
2025-12-28 18:50:44.744 UTC, , , , , , , , , ,589,3214469,67480,672, ,12, ,1734, , , , , , , , , ,12,9, , , ,3,6,9, ,2049, , , , , , , , , ,1, , , ,3214469,46489,15, ,44172, , , , ,73717,619019558912,13,13,13,13, , , , , , , , , , , , , , , , , , , , , , , , , , , , , , , , ,73717,1766934104191,,, , , , , , , , , ,3145728,73687,1,1,1,1, , , , , , , , ,3,3, , ,1, , , , , , , , , , , , , , , , , , , ,175353472,1, , , , , , ,18938, , , , , , , , , , , , , , , , , , , , , , , , , , , , , , , , ,17640,1298, , , , , , , , , , , 
2025-12-28 18:51:44.764 UTC, , , , , , , , , ,589,3215509,68520,672, ,12, ,2143, , , , , , , , , ,12,9, , , ,3,6,9, ,2412, , , , , , , , , ,1, , , ,3215509,46489,15, ,44172, , , , ,74335,619019534336,13,13,13,13, , , , , , , , , , , , , , , , , , , , , , , , , , , , , , , , ,74335,1766934104191,,, , , , , , , , , ,3145728,74305,45,45,15,45, , , ,2,2, ,2, ,3,5, , ,1, , , , , , , , , ,618,2, , , , , , , , ,202616448,1, , , , , , ,24069, , , , , , , , , , , , , , , , , , , , , , , , , , , , , , ,11, ,22438,1620, , , , , , , , , , , 
2025-12-28 18:52:44.772 UTC, , , , , , , , , ,589,3218029,71040,672, ,13, ,1403, , , , , , , , , ,13,9, , , ,3,6,8, ,1582, , , , , , , , , ,1, , , ,3218029,46489,15, ,44172, , , , ,74335,619019526144,13,13,13,13, , , , , , , , , , , , , , , , , , , , , , , , , , , , , , , , ,74335,1766934104191,,, , , , , , , , , ,3145728,78104,41,41,17,41, , , ,2,2, ,2, ,3,5, , ,1, , , , , , , , , ,3799,2, , , , , , , , ,221490816,1, , , , , , ,15745, , , , , , , , , , , , , , , , , , , , , , , , , , , , , , ,11, ,14671,1063, , , , , , , , , , , 
2025-12-28 18:53:44.776 UTC, , , , , , , , , ,589,3218029,71040,672, ,13, ,856, , , , , , , , , ,13,9, , , ,3,6,8, ,948, , , , , , , , , ,1, , , ,3218029,46489,15, ,44172, , , , ,78134,619019526144,13,13,13,13, , , , , , , , , , , , , , , , , , , , , , , , , , , , , , , , ,78134,1766934104191,,, , , , , , , , , ,3145728,78104,1,1,0,1, , , , , , , , ,3,3, , ,1, , , , , , , , , , , , , , , , , , , ,238268032, , , , , , , ,9092, , , , , , , , , , , , , , , , , , , , , , , , , , , , , , , , ,8464,628, , , , , , , , , , , 
2025-12-28 18:54:44.779 UTC, , , , , , , , , ,589,3218029,71040,672, ,13, ,1513, , , , , , , , , ,13,9, , , ,3,6,8, ,1656, , , , , , , , , ,1, , , ,3218029,46489,15, ,44172, , , , ,78134,619019522048,13,13,13,13, , , , , , , , , , , , , , , , , , , , , , , , , , , , , , , , ,78134,1766934104191,,, , , , , , , , , ,3145728,78723,43,43,13,43, , , ,2,2, ,2, ,3,5, , ,1, , , , , , , , , ,619,2, , , , , , , , ,255045248,1, , , , , , ,16223, , , , , , , , , , , , , , , , , , , , , , , , , , , , , , ,11, ,15112,1100, , , , , , , , , , , 
2025-12-28 18:55:44.781 UTC, , , , , , , , , ,589,3218029,71040,672, ,13, ,878, , , , , , , , , ,13,9, , , ,3,6,8, ,992, , , , , , , , , ,1, , , ,3218029,46489,15, ,44172, , , , ,78753,619179307008,13,13,13,13, , , , , , , , , , , , , , , , , , , , , , , , , , , , , , , , ,78753,1766934104191,,, , , , , , , , , ,3145728,78723,102,102,35,102, , , , , , , , ,3,3, , ,1, , , , , , , , , , , , , , , , , , , ,267628160, , , , , , , ,9370, , , , , , , , , , , , , , , , , , , , , , , , , , , , , , , , ,8720,650, , , , , , , , , , , 
2025-12-28 18:56:44.783 UTC, , , , , , , , , ,589,3218029,71040,672, ,13, ,2438, , , , , , , , , ,13,9, , , ,3,6,8, ,2766, , , , , , , , , ,1, , , ,3218029,46489,15, ,44172, , , , ,79372,619019522048,13,13,13,13, , , , , , , , , , , , , , , , , , , , , , , , , , , , , , , , ,79372,1766934104191,,, , , , , , , , , ,3145728,79342,37,37,17,37, , , ,2,2, ,2, ,3,5, , ,1, , , , , , , , , ,619,2, , , , , , , , ,309571200,1, , , , , , ,26337, , , , , , , , , , , , , , , , , , , , , , , , , , , , , , ,11, ,24529,1797, , , , , , , , , , , 
2025-12-28 18:57:44.787 UTC, , , , , , , , , ,589,3218029,71040,672, ,13, ,12, , , , , , , , , ,13,9, , , ,3,6,8, , , , , , , , , , , ,1, , , ,3218029,46489,15, ,44172, , , , ,79372,619019522048,13,13,13,13, , , , , , , , , , , , , , , , , , , , , , , , , , , , , , , , ,79372,1766934104191,,, , , , , , , , , ,3145728,79342,1,1,0,1, , , , , , , , ,3,3, , ,1, , , , , , , , , , , , , , , , , , , ,309571200, , , , , , , ,12, , , , , , , , , , , , , , , , , , , , , , , , , , , , , , , , , ,12, , , , , , , , , , , 
2025-12-28 18:58:44.789 UTC, , , , , , , , , ,589,3218029,71040,672, ,13, ,12, , , , , , , , , ,13,9, , , ,3,6,8, , , , , , , , , , , ,1, , , ,3218029,46489,15, ,44172, , , , ,79372,619019522048,13,13,13,13, , , , , , , , , , , , , , , , , , , , , , , , , , , , , , , , ,79372,1766934104191,,, , , , , , , , , ,3145728,79342,1,1,0,1, , , , , , , , ,3,3, , ,1, , , , , , , , , , , , , , , , , , , ,309571200, , , , , , , ,12, , , , , , , , , , , , , , , , , , , , , , , , , , , , , , , , , ,12, , , , , , , , , , , 
2025-12-28 18:59:44.790 UTC, , , , , , , , , ,589,3218029,71040,672, ,13, ,12, , , , , , , , , ,13,9, , , ,3,6,8, , , , , , , , , , , ,1, , , ,3218029,46489,15, ,44172, , , , ,79372,619179302912,13,13,13,13, , , , , , , , , , , , , , , , , , , , , , , , , , , , , , , , ,79372,1766934104191,,, , , , , , , , , ,3145728,79342,43,43,15,43, , , , , , , , ,3,3, , ,1, , , , , , , , , , , , , , , , , , , ,309571200, , , , , , , ,12, , , , , , , , , , , , , , , , , , , , , , , , , , , , , , , , , ,12, , , , , , , , , , , 
2025-12-28 19:00:44.796 UTC, , , , , , , , , ,589,3219085,72096,672, ,13, ,2497, , , , , , , , , ,13,9, , , ,3,6,8, ,2906, , , , , , , , , ,1, , , ,3219085,46489,15, ,44172, , , , ,80020,619019517952,14,14,14,14, , , , , , , , , , , , , , , , , , , , , , , , , , , , , , , , ,80020,1766934104191,,, , , , , , , , , ,3145728,79990,31,31,14,31, , , ,2,2, ,2, ,3,5, , ,1, , , , , , , , , ,648,2, , , , , , , , ,349417088, , , , , , , ,27093, , , , , , , , , , , , , , , , , , , , , , , , , , , , , , ,11, ,25226,1856, , , , , , , , , , , 
2025-12-28 19:01:44.800 UTC, , , , , , , , , ,589,3219085,72096,672, ,13, ,12, , , , , , , , , ,13,9, , , ,3,6,8, , , , , , , , , , , ,1, , , ,3219085,46489,15, ,44172, , , , ,80020,619019517952,14,14,14,14, , , , , , , , , , , , , , , , , , , , , , , , , , , , , , , , ,80020,1766934104191,,, , , , , , , , , ,3145728,79990,1,1,0,1, , , , , , , , ,3,3, , ,1, , , , , , , , , , , , , , , , , , , ,349417088, , , , , , , ,12, , , , , , , , , , , , , , , , , , , , , , , , , , , , , , , , , ,12, , , , , , , , , , , 
2025-12-28 19:02:44.801 UTC, , , , , , , , , ,589,3219085,72096,672, ,13, ,12, , , , , , , , , ,13,9, , , ,3,6,8, , , , , , , , , , , ,1, , , ,3219085,46489,15, ,44172, , , , ,80020,619019517952,14,14,14,14, , , , , , , , , , , , , , , , , , , , , , , , , , , , , , , , ,80020,1766934104191,,, , , , , , , , , ,3145728,79990,2,2,1,2, , , , , , , , ,3,3, , ,1, , , , , , , , , , , , , , , , , , , ,349417088, , , , , , , ,12, , , , , , , , , , , , , , , , , , , , , , , , , , , , , , , , , ,12, , , , , , , , , , , 
2025-12-28 19:03:44.804 UTC, , , , , , , , , ,589,3219085,72096,672, ,13, ,12, , , , , , , , , ,13,9, , , ,3,6,8, , , , , , , , , , , ,1, , , ,3219085,46489,15, ,44172, , , , ,80020,619019517952,14,14,14,14, , , , , , , , , , , , , , , , , , , , , , , , , , , , , , , , ,80020,1766934104191,,, , , , , , , , , ,3145728,79990,1,1,0,1, , , , , , , , ,3,3, , ,1, , , , , , , , , , , , , , , , , , , ,349417088, , , , , , , ,12, , , , , , , , , , , , , , , , , , , , , , , , , , , , , , , , , ,12, , , , , , , , , , , 
2025-12-28 19:04:44.806 UTC, , , , , , , , , ,589,3219085,72096,672, ,13, ,12, , , , , , , , , ,13,9, , , ,3,6,8, , , , , , , , , , , ,1, , , ,3219085,46489,15, ,44172, , , , ,80020,619019517952,14,14,14,14, , , , , , , , , , , , , , , , , , , , , , , , , , , , , , , , ,80020,1766934104191,,, , , , , , , , , ,3145728,79990,1,1,0,1, , , , , , , , ,3,3, , ,1, , , , , , , , , , , , , , , , , , , ,349417088, , , , , , , ,12, , , , , , , , , , , , , , , , , , , , , , , , , , , , , , , , , ,12, , , , , , , , , , , 
2025-12-28 19:05:44.808 UTC, , , , , , , , , ,589,3219085,72096,672, ,13, ,12, , , , , , , , , ,13,9, , , ,3,6,8, , , , , , , , , , , ,1, , , ,3219085,46489,15, ,44172, , , , ,80020,619019517952,14,14,14,14, , , , , , , , , , , , , , , , , , , , , , , , , , , , , , , , ,80020,1766934104191,,, , , , , , , , , ,3145728,79990,1,1,1,1, , , , , , , , ,3,3, , ,1, , , , , , , , , , , , , , , , , , , ,349417088, , , , , , , ,12, , , , , , , , , , , , , , , , , , , , , , , , , , , , , , , , , ,12, , , , , , , , , , , 
2025-12-28 19:06:44.810 UTC, , , , , , , , , ,589,3219085,72096,672, ,13, ,12, , , , , , , , , ,13,9, , , ,3,6,8, , , , , , , , , , , ,1, , , ,3219085,46489,15, ,44172, , , , ,80020,619019517952,14,14,14,14, , , , , , , , , , , , , , , , , , , , , , , , , , , , , , , , ,80020,1766934104191,,, , , , , , , , , ,3145728,79990,1,1,0,1, , , , , , , , ,3,3, , ,1, , , , , , , , , , , , , , , , , , , ,349417088,1, , , , , , ,12, , , , , , , , , , , , , , , , , , , , , , , , , , , , , , , , , ,12, , , , , , , , , , , 
2025-12-28 19:07:44.811 UTC, , , , , , , , , ,589,3219085,72096,672, ,13, ,12, , , , , , , , , ,13,9, , , ,3,6,8, , , , , , , , , , , ,1, , , ,3219085,46489,15, ,44172, , , , ,80020,619019513856,14,14,14,14, , , , , , , , , , , , , , , , , , , , , , , , , , , , , , , , ,80020,1766934104191,,, , , , , , , , , ,3145728,79990,1,1,0,1, , , , , , , , ,3,3, , ,1, , , , , , , , , , , , , , , , , , , ,349417088,1, , , , , , ,12, , , , , , , , , , , , , , , , , , , , , , , , , , , , , , , , , ,12, , , , , , , , , , , 
2025-12-28 19:08:44.813 UTC, , , , , , , , , ,589,3219085,72096,672, ,13, ,12, , , , , , , , , ,13,9, , , ,3,6,8, , , , , , , , , , , ,1, , , ,3219085,46489,15, ,44172, , , , ,80020,619019513856,14,14,14,14, , , , , , , , , , , , , , , , , , , , , , , , , , , , , , , , ,80020,1766934104191,,, , , , , , , , , ,3145728,79990,1,1,0,1, , , , , , , , ,3,3, , ,1, , , , , , , , , , , , , , , , , , , ,351514240,1, , , , , , ,12, , , , , , , , , , , , , , , , , , , , , , , , , , , , , , , , , ,12, , , , , , , , , , , 
2025-12-28 19:09:44.815 UTC, , , , , , , , , ,589,3219085,72096,672, ,13, ,12, , , , , , , , , ,13,9, , , ,3,6,8, , , , , , , , , , , ,1, , , ,3219085,46489,15, ,44172, , , , ,80020,619019513856,14,14,14,14, , , , , , , , , , , , , , , , , , , , , , , , , , , , , , , , ,80020,1766934104191,,, , , , , , , , , ,3145728,79990,1,1,0,1, , , , , , , , ,3,3, , ,1, , , , , , , , , , , , , , , , , , , ,351514240,1, , , , , , ,12, , , , , , , , , , , , , , , , , , , , , , , , , , , , , , , , , ,12, , , , , , , , , , , 
2025-12-28 19:10:44.816 UTC, , , , , , , , , ,589,3219085,72096,672, ,13, ,106, , , , , , , , , ,13,9, , , ,3,6,8, ,125, , , , , , , , , ,1, , , ,3219085,46489,15, ,44172, , , , ,80020,619019513856,14,14,14,14, , , , , , , , , , , , , , , , , , , , , , , , , , , , , , , , ,80020,1766934104191,,, , , , , , , , , ,3145728,79990,1,1,0,1, , , , , , , , ,3,3, , ,1, , , , , , , , , , , , , , , , , , , ,359902848,1, , , , , , ,1042, , , , , , , , , , , , , , , , , , , , , , , , , , , , , , , , ,961,81, , , , , , , , , , , 
2025-12-28 19:11:44.817 UTC, , , , , , , , , ,589,3219085,72096,672, ,13, ,12, , , , , , , , , ,13,9, , , ,3,6,8, , , , , , , , , , , ,1, , , ,3219085,46489,15, ,44172, , , , ,80020,619019517952,14,14,14,14, , , , , , , , , , , , , , , , , , , , , , , , , , , , , , , , ,80020,1766934104191,,, , , , , , , , , ,3145728,79990,15,15,8,15, , , , , , , , ,3,3, , ,1, , , , , , , , , , , , , , , , , , , ,359902848, , , , , , , ,12, , , , , , , , , , , , , , , , , , , , , , , , , , , , , , , , , ,12, , , , , , , , , , , 
2025-12-28 19:12:44.820 UTC, , , , , , , , , ,589,3219085,72096,672, ,13, ,12, , , , , , , , , ,13,9, , , ,3,6,8, , , , , , , , , , , ,1, , , ,3219085,46489,15, ,44172, , , , ,80020,619019517952,14,14,14,14, , , , , , , , , , , , , , , , , , , , , , , , , , , , , , , , ,80020,1766934104191,,, , , , , , , , , ,3145728,79990,1,1,0,1, , , , , , , , ,3,3, , ,1, , , , , , , , , , , , , , , , , , , ,359902848,1, , , , , , ,12, , , , , , , , , , , , , , , , , , , , , , , , , , , , , , , , , ,12, , , , , , , , , , , 
2025-12-28 19:13:44.820 UTC, , , , , , , , , ,589,3220149,73160,672, ,13, ,3118, , , , , , , , , ,13,9, , , ,3,6,8, ,3756, , , , , , , , , ,1, , , ,3220149,46489,15, ,44172, , , , ,80020,619019517952,14,14,14,14, , , , , , , , , , , , , , , , , , , , , , , , , , , , , , , , ,80020,1766934104191,,, , , , , , , , , ,3145728,80643,43,43,17,43, , , ,2,2, ,2, ,3,5, , ,1, , , , , , , , , ,653,2, , , , , , , , ,397651584,1, , , , , , ,34085, , , , , , , , , , , , , , , , , , , , , , , , , , , , , , ,11, ,31744,2330, , , , , , , , , , , 
2025-12-28 19:14:44.822 UTC, , , , , , , , , ,589,3220149,73160,672, ,13, ,360, , , , , , , , , ,13,9, , , ,3,6,8, ,429, , , , , , , , , ,1, , , ,3220149,46489,15, ,44172, , , , ,80673,619179298816,14,14,14,14, , , , , , , , , , , , , , , , , , , , , , , , , , , , , , , , ,80673,1766934104191,,, , , , , , , , , ,3145728,80643,1,1,0,1, , , , , , , , ,3,3, , ,1, , , , , , , , , , , , , , , , , , , ,403943040,1, , , , , , ,3690, , , , , , , , , , , , , , , , , , , , , , , , , , , , , , , , ,3411,279, , , , , , , , , , , 
2025-12-28 19:15:44.824 UTC, , , , , , , , , ,589,3220149,73160,672, ,13, ,944, , , , , , , , , ,13,9, , , ,3,6,8, ,1168, , , , , , , , , ,1, , , ,3220149,46489,15, ,44172, , , , ,80673,619019509760,14,14,14,14, , , , , , , , , , , , , , , , , , , , , , , , , , , , , , , , ,80673,1766934104191,,, , , , , , , , , ,3145728,80643,1,1,0,1, , , , , , , , ,3,3, , ,1, , , , , , , , , , , , , , , , , , , ,414428800,1, , , , , , ,10204, , , , , , , , , , , , , , , , , , , , , , , , , , , , , , , , ,9488,716, , , , , , , , , , , 
2025-12-28 19:16:44.826 UTC, , , , , , , , , ,589,3220149,73160,672, ,13, ,12, , , , , , , , , ,13,9, , , ,3,6,8, , , , , , , , , , , ,1, , , ,3220149,46489,15, ,44172, , , , ,80673,619019509760,14,14,14,14, , , , , , , , , , , , , , , , , , , , , , , , , , , , , , , , ,80673,1766934104191,,, , , , , , , , , ,3145728,80643,4,4,1,4, , , , , , , , ,3,3, , ,1, , , , , , , , , , , , , , , , , , , ,414428800,1, , , , , , ,12, , , , , , , , , , , , , , , , , , , , , , , , , , , , , , , , , ,12, , , , , , , , , , , 
2025-12-28 19:17:44.838 UTC, , , , , , , , , ,589,3220149,73160,672, ,13, ,12, , , , , , , , , ,13,9, , , ,3,6,8, , , , , , , , , , , ,1, , , ,3220149,46489,15, ,44172, , , , ,80673,619019509760,14,14,14,14, , , , , , , , , , , , , , , , , , , , , , , , , , , , , , , , ,80673,1766934104191,,, , , , , , , , , ,3145728,80643,1,1,0,1, , , , , , , , ,3,3, , ,1, , , , , , , , , , , , , , , , , , , ,414428800, , , , , , , ,12, , , , , , , , , , , , , , , , , , , , , , , , , , , , , , , , , ,12, , , , , , , , , , , 
2025-12-28 19:18:44.839 UTC, , , , , , , , , ,589,3220149,73160,672, ,13, ,12, , , , , , , , , ,13,9, , , ,3,6,8, , , , , , , , , , , ,1, , , ,3220149,46489,15, ,44172, , , , ,80673,619019509760,14,14,14,14, , , , , , , , , , , , , , , , , , , , , , , , , , , , , , , , ,80673,1766934104191,,, , , , , , , , , ,3145728,80643,28,28,9,28, , , , , , , , ,3,3, , ,1, , , , , , , , , , , , , , , , , , , ,414428800, , , , , , , ,12, , , , , , , , , , , , , , , , , , , , , , , , , , , , , , , , , ,12, , , , , , , , , , , 
2025-12-28 19:19:44.840 UTC, , , , , , , , , ,589,3220149,73160,672, ,13, ,2615, , , , , , , , , ,13,9, , , ,3,6,8, ,3260, , , , , , , , , ,1, , , ,3220149,46489,15, ,44172, , , , ,81304,619019509760,14,14,14,14, , , , , , , , , , , , , , , , , , , , , , , , , , , , , , , , ,81304,1766934104191,,, , , , , , , , , ,3145728,81274,44,44,17,44, , , ,2,2, ,2, ,3,5, , ,1, , , , , , , , , ,631,2, , , , , , , , ,445886080, , , , , , , ,28605, , , , , , , , , , , , , , , , , , , , , , , , , , , , , , ,11, ,26620,1974, , , , , , , , , , , 
2025-12-28 19:20:44.844 UTC, , , , , , , , , ,589,3220149,73160,672, ,13, ,61, , , , , , , , , ,13,9, , , ,3,6,8, ,71, , , , , , , , , ,1, , , ,3220149,46489,15, ,44172, , , , ,81304,619019509760,14,14,14,14, , , , , , , , , , , , , , , , , , , , , , , , , , , , , , , , ,81304,1766934104191,,, , , , , , , , , ,3145728,81274,1,1,0,1, , , , , , , , ,3,3, , ,1, , , , , , , , , , , , , , , , , , , ,447983232, , , , , , , ,539, , , , , , , , , , , , , , , , , , , , , , , , , , , , , , , , ,491,48, , , , , , , , , , , 
2025-12-28 19:21:44.846 UTC, , , , , , , , , ,589,3220149,73160,672, ,13, ,12, , , , , , , , , ,13,9, , , ,3,6,8, , , , , , , , , , , ,1, , , ,3220149,46489,15, ,44172, , , , ,81304,619019509760,14,14,14,14, , , , , , , , , , , , , , , , , , , , , , , , , , , , , , , , ,81304,1766934104191,,, , , , , , , , , ,3145728,81274,1,1,0,1, , , , , , , , ,3,3, , ,1, , , , , , , , , , , , , , , , , , , ,447983232, , , , , , , ,12, , , , , , , , , , , , , , , , , , , , , , , , , , , , , , , , , ,12, , , , , , , , , , , 
2025-12-28 19:22:44.847 UTC, , , , , , , , , ,589,3220149,73160,672, ,13, ,12, , , , , , , , , ,13,9, , , ,3,6,8, , , , , , , , , , , ,1, , , ,3220149,46489,15, ,44172, , , , ,81304,619019509760,14,14,14,14, , , , , , , , , , , , , , , , , , , , , , , , , , , , , , , , ,81304,1766934104191,,, , , , , , , , , ,3145728,81274,1,1,1,1, , , , , , , , ,3,3, , ,1, , , , , , , , , , , , , , , , , , , ,447983232, , , , , , , ,12, , , , , , , , , , , , , , , , , , , , , , , , , , , , , , , , , ,12, , , , , , , , , , , 
2025-12-28 19:23:44.849 UTC, , , , , , , , , ,589,3220149,73160,672, ,13, ,12, , , , , , , , , ,13,9, , , ,3,6,8, , , , , , , , , , , ,1, , , ,3220149,46489,15, ,44172, , , , ,81304,619019505664,14,14,14,14, , , , , , , , , , , , , , , , , , , , , , , , , , , , , , , , ,81304,1766934104191,,, , , , , , , , , ,3145728,81274,1,1,0,1, , , , , , , , ,3,3, , ,1, , , , , , , , , , , , , , , , , , , ,447983232,1, , , , , , ,12, , , , , , , , , , , , , , , , , , , , , , , , , , , , , , , , , ,12, , , , , , , , , , , 
2025-12-28 19:24:44.855 UTC, , , , , , , , , ,589,3220149,73160,672, ,13, ,12, , , , , , , , , ,13,9, , , ,3,6,8, , , , , , , , , , , ,1, , , ,3220149,46489,15, ,44172, , , , ,81304,619019505664,14,14,14,14, , , , , , , , , , , , , , , , , , , , , , , , , , , , , , , , ,81304,1766934104191,,, , , , , , , , , ,3145728,81274,1,1,1,1, , , , , , , , ,3,3, , ,1, , , , , , , , , , , , , , , , , , , ,450080384, , , , , , , ,12, , , , , , , , , , , , , , , , , , , , , , , , , , , , , , , , , ,12, , , , , , , , , , , 
2025-12-28 19:25:44.857 UTC, , , , , , , , , ,589,3220149,73160,672, ,13, ,12, , , , , , , , , ,13,9, , , ,3,6,8, , , , , , , , , , , ,1, , , ,3220149,46489,15, ,44172, , , , ,81304,619019505664,14,14,14,14, , , , , , , , , , , , , , , , , , , , , , , , , , , , , , , , ,81304,1766934104191,,, , , , , , , , , ,3145728,81274,1,1,0,1, , , , , , , , ,3,3, , ,1, , , , , , , , , , , , , , , , , , , ,450080384, , , , , , , ,12, , , , , , , , , , , , , , , , , , , , , , , , , , , , , , , , , ,12, , , , , , , , , , , 
2025-12-28 19:26:44.860 UTC, , , , , , , , , ,589,3220149,73160,672, ,13, ,12, , , , , , , , , ,13,9, , , ,3,6,8, , , , , , , , , , , ,1, , , ,3220149,46489,15, ,44172, , , , ,81304,619019505664,14,14,14,14, , , , , , , , , , , , , , , , , , , , , , , , , , , , , , , , ,81304,1766934104191,,, , , , , , , , , ,3145728,81274,16,16,5,16, , , , , , , , ,3,3, , ,1, , , , , , , , , , , , , , , , , , , ,450080384,1, , , , , , ,12, , , , , , , , , , , , , , , , , , , , , , , , , , , , , , , , , ,12, , , , , , , , , , , 
2025-12-28 19:27:44.862 UTC, , , , , , , , , ,589,3220149,73160,672, ,13, ,12, , , , , , , , , ,13,9, , , ,3,6,8, , , , , , , , , , , ,1, , , ,3220149,46489,15, ,44172, , , , ,81304,619019505664,14,14,14,14, , , , , , , , , , , , , , , , , , , , , , , , , , , , , , , , ,81304,1766934104191,,, , , , , , , , , ,3145728,81274,1,1,0,1, , , , , , , , ,3,3, , ,1, , , , , , , , , , , , , , , , , , , ,450080384,1, , , , , , ,12, , , , , , , , , , , , , , , , , , , , , , , , , , , , , , , , , ,12, , , , , , , , , , , 
2025-12-28 19:28:44.864 UTC, , , , , , , , , ,589,3220149,73160,672, ,13, ,12, , , , , , , , , ,13,9, , , ,3,6,8, , , , , , , , , , , ,1, , , ,3220149,46489,15, ,44172, , , , ,81304,619019505664,14,14,14,14, , , , , , , , , , , , , , , , , , , , , , , , , , , , , , , , ,81304,1766934104191,,, , , , , , , , , ,3145728,81274,1,1,0,1, , , , , , , , ,3,3, , ,1, , , , , , , , , , , , , , , , , , , ,450080384,1, , , , , , ,12, , , , , , , , , , , , , , , , , , , , , , , , , , , , , , , , , ,12, , , , , , , , , , , 
2025-12-28 19:29:44.867 UTC, , , , , , , , , ,589,3220149,73160,672, ,13, ,12, , , , , , , , , ,13,9, , , ,3,6,8, , , , , , , , , , , ,1, , , ,3220149,46489,15, ,44172, , , , ,81304,619019505664,14,14,14,14, , , , , , , , , , , , , , , , , , , , , , , , , , , , , , , , ,81304,1766934104191,,, , , , , , , , , ,3145728,81274,1,1,0,1, , , , , , , , ,3,3, , ,1, , , , , , , , , , , , , , , , , , , ,452177536, , , , , , , ,12, , , , , , , , , , , , , , , , , , , , , , , , , , , , , , , , , ,12, , , , , , , , , , , 
2025-12-28 19:30:44.869 UTC, , , , , , , , , ,589,3220149,73160,672, ,13, ,12, , , , , , , , , ,13,9, , , ,3,6,8, , , , , , , , , , , ,1, , , ,3220149,46489,15, ,44172, , , , ,81304,619019505664,14,14,14,14, , , , , , , , , , , , , , , , , , , , , , , , , , , , , , , , ,81304,1766934104191,,, , , , , , , , , ,3145728,81274,1,1,0,1, , , , , , , , ,3,3, , ,1, , , , , , , , , , , , , , , , , , , ,452177536,1, , , , , , ,12, , , , , , , , , , , , , , , , , , , , , , , , , , , , , , , , , ,12, , , , , , , , , , , 
2025-12-28 19:31:44.871 UTC, , , , , , , , , ,589,3220149,73160,672, ,13, ,12, , , , , , , , , ,13,9, , , ,3,6,8, , , , , , , , , , , ,1, , , ,3220149,46489,15, ,44172, , , , ,81304,619019501568,14,14,14,14, , , , , , , , , , , , , , , , , , , , , , , , , , , , , , , , ,81304,1766934104191,,, , , , , , , , , ,3145728,81274,1,1,0,1, , , , , , , , ,3,3, , ,1, , , , , , , , , , , , , , , , , , , ,452177536,1, , , , , , ,12, , , , , , , , , , , , , , , , , , , , , , , , , , , , , , , , , ,12, , , , , , , , , , , 
2025-12-28 19:32:44.873 UTC, , , , , , , , , ,589,3220149,73160,672, ,13, ,12, , , , , , , , , ,13,9, , , ,3,6,8, , , , , , , , , , , ,1, , , ,3220149,46489,15, ,44172, , , , ,81304,619019501568,14,14,14,14, , , , , , , , , , , , , , , , , , , , , , , , , , , , , , , , ,81304,1766934104191,,, , , , , , , , , ,3145728,81274,1,1,1,1, , , , , , , , ,3,3, , ,1, , , , , , , , , , , , , , , , , , , ,452177536, , , , , , , ,12, , , , , , , , , , , , , , , , , , , , , , , , , , , , , , , , , ,12, , , , , , , , , , , 
2025-12-28 19:33:44.876 UTC, , , , , , , , , ,589,3220149,73160,672, ,13, ,12, , , , , , , , , ,13,9, , , ,3,6,8, , , , , , , , , , , ,1, , , ,3220149,46489,15, ,44172, , , , ,81304,619019501568,14,14,14,14, , , , , , , , , , , , , , , , , , , , , , , , , , , , , , , , ,81304,1766934104191,,, , , , , , , , , ,3145728,81274,1,1,0,1, , , , , , , , ,3,3, , ,1, , , , , , , , , , , , , , , , , , , ,452177536,1, , , , , , ,12, , , , , , , , , , , , , , , , , , , , , , , , , , , , , , , , , ,12, , , , , , , , , , , 
2025-12-28 19:34:44.878 UTC, , , , , , , , , ,589,3220149,73160,672, ,13, ,12, , , , , , , , , ,13,9, , , ,3,6,8, , , , , , , , , , , ,1, , , ,3220149,46489,15, ,44172, , , , ,81304,619019501568,14,14,14,14, , , , , , , , , , , , , , , , , , , , , , , , , , , , , , , , ,81304,1766934104191,,, , , , , , , , , ,3145728,81274,1,1,1,1, , , , , , , , ,3,3, , ,1, , , , , , , , , , , , , , , , , , , ,452177536,1, , , , , , ,12, , , , , , , , , , , , , , , , , , , , , , , , , , , , , , , , , ,12, , , , , , , , , , , 
2025-12-28 19:35:44.880 UTC, , , , , , , , , ,589,3220149,73160,672, ,13, ,12, , , , , , , , , ,13,9, , , ,3,6,8, , , , , , , , , , , ,1, , , ,3220149,46489,15, ,44172, , , , ,81304,619019501568,14,14,14,14, , , , , , , , , , , , , , , , , , , , , , , , , , , , , , , , ,81304,1766934104191,,, , , , , , , , , ,3145728,81274,0,0,0,0, , , , , , , , ,3,3, , ,1, , , , , , , , , , , , , , , , , , , ,452177536, , , , , , , ,12, , , , , , , , , , , , , , , , , , , , , , , , , , , , , , , , , ,12, , , , , , , , , , , 
2025-12-28 19:36:44.883 UTC, , , , , , , , , ,589,3220149,73160,672, ,13, ,12, , , , , , , , , ,13,9, , , ,3,6,8, , , , , , , , , , , ,1, , , ,3220149,46489,15, ,44172, , , , ,81304,619019501568,14,14,14,14, , , , , , , , , , , , , , , , , , , , , , , , , , , , , , , , ,81304,1766934104191,,, , , , , , , , , ,3145728,81274,1,1,0,1, , , , , , , , ,3,3, , ,1, , , , , , , , , , , , , , , , , , , ,452177536, , , , , , , ,12, , , , , , , , , , , , , , , , , , , , , , , , , , , , , , , , , ,12, , , , , , , , , , , 
2025-12-28 19:37:44.883 UTC, , , , , , , , , ,589,3220149,73160,672, ,13, ,12, , , , , , , , , ,13,9, , , ,3,6,8, , , , , , , , , , , ,1, , , ,3220149,46489,15, ,44172, , , , ,81304,619019501568,14,14,14,14, , , , , , , , , , , , , , , , , , , , , , , , , , , , , , , , ,81304,1766934104191,,, , , , , , , , , ,3145728,81274,0,0,0,0, , , , , , , , ,3,3, , ,1, , , , , , , , , , , , , , , , , , , ,452177536,1, , , , , , ,12, , , , , , , , , , , , , , , , , , , , , , , , , , , , , , , , , ,12, , , , , , , , , , , 
2025-12-28 19:38:44.885 UTC, , , , , , , , , ,589,3220149,73160,672, ,13, ,12, , , , , , , , , ,13,9, , , ,3,6,8, , , , , , , , , , , ,1, , , ,3220149,46489,15, ,44172, , , , ,81304,619019501568,14,14,14,14, , , , , , , , , , , , , , , , , , , , , , , , , , , , , , , , ,81304,1766934104191,,, , , , , , , , , ,3145728,81274,1,1,0,1, , , , , , , , ,3,3, , ,1, , , , , , , , , , , , , , , , , , , ,454274688, , , , , , , ,12, , , , , , , , , , , , , , , , , , , , , , , , , , , , , , , , , ,12, , , , , , , , , , , 
2025-12-28 19:39:44.885 UTC, , , , , , , , , ,589,3220149,73160,672, ,13, ,12, , , , , , , , , ,13,9, , , ,3,6,8, , , , , , , , , , , ,1, , , ,3220149,46489,15, ,44172, , , , ,81304,619019497472,14,14,14,14, , , , , , , , , , , , , , , , , , , , , , , , , , , , , , , , ,81304,1766934104191,,, , , , , , , , , ,3145728,81274,1,1,0,1, , , , , , , , ,3,3, , ,1, , , , , , , , , , , , , , , , , , , ,454274688, , , , , , , ,12, , , , , , , , , , , , , , , , , , , , , , , , , , , , , , , , , ,12, , , , , , , , , , , 
2025-12-28 19:40:44.887 UTC, , , , , , , , , ,589,3220149,73160,672, ,13, ,12, , , , , , , , , ,13,9, , , ,3,6,8, , , , , , , , , , , ,1, , , ,3220149,46489,15, ,44172, , , , ,81304,619019497472,14,14,14,14, , , , , , , , , , , , , , , , , , , , , , , , , , , , , , , , ,81304,1766934104191,,, , , , , , , , , ,3145728,81274,1,1,0,1, , , , , , , , ,3,3, , ,1, , , , , , , , , , , , , , , , , , , ,454274688,1, , , , , , ,12, , , , , , , , , , , , , , , , , , , , , , , , , , , , , , , , , ,12, , , , , , , , , , , 
2025-12-28 19:41:44.889 UTC, , , , , , , , , ,589,3220149,73160,672, ,13, ,12, , , , , , , , , ,13,9, , , ,3,6,8, , , , , , , , , , , ,1, , , ,3220149,46489,15, ,44172, , , , ,81304,619019497472,14,14,14,14, , , , , , , , , , , , , , , , , , , , , , , , , , , , , , , , ,81304,1766934104191,,, , , , , , , , , ,3145728,81274,38,38,12,38, , , , , , , , ,3,3, , ,1, , , , , , , , , , , , , , , , , , , ,454274688, , , , , , , ,12, , , , , , , , , , , , , , , , , , , , , , , , , , , , , , , , , ,12, , , , , , , , , , , 
2025-12-28 19:42:44.890 UTC, , , , , , , , , ,589,3220149,73160,672, ,13, ,12, , , , , , , , , ,13,9, , , ,3,6,8, , , , , , , , , , , ,1, , , ,3220149,46489,15, ,44172, , , , ,81304,619019497472,14,14,14,14, , , , , , , , , , , , , , , , , , , , , , , , , , , , , , , , ,81304,1766934104191,,, , , , , , , , , ,3145728,81274,1,1,0,1, , , , , , , , ,3,3, , ,1, , , , , , , , , , , , , , , , , , , ,454274688, , , , , , , ,12, , , , , , , , , , , , , , , , , , , , , , , , , , , , , , , , , ,12, , , , , , , , , , , 
2025-12-28 19:43:44.892 UTC, , , , , , , , , ,589,3220149,73160,672, ,13, ,12, , , , , , , , , ,13,9, , , ,3,6,8, , , , , , , , , , , ,1, , , ,3220149,46489,15, ,44172, , , , ,81304,619019497472,14,14,14,14, , , , , , , , , , , , , , , , , , , , , , , , , , , , , , , , ,81304,1766934104191,,, , , , , , , , , ,3145728,81274,1,1,0,1, , , , , , , , ,3,3, , ,1, , , , , , , , , , , , , , , , , , , ,454274688, , , , , , , ,12, , , , , , , , , , , , , , , , , , , , , , , , , , , , , , , , , ,12, , , , , , , , , , , 
2025-12-28 19:44:44.893 UTC, , , , , , , , , ,589,3220149,73160,672, ,13, ,12, , , , , , , , , ,13,9, , , ,3,6,8, , , , , , , , , , , ,1, , , ,3220149,46489,15, ,44172, , , , ,81304,619019497472,14,14,14,14, , , , , , , , , , , , , , , , , , , , , , , , , , , , , , , , ,81304,1766934104191,,, , , , , , , , , ,3145728,81274,0,0,0,0, , , , , , , , ,3,3, , ,1, , , , , , , , , , , , , , , , , , , ,456371840,1, , , , , , ,12, , , , , , , , , , , , , , , , , , , , , , , , , , , , , , , , , ,12, , , , , , , , , , , 
2025-12-28 19:45:44.893 UTC, , , , , , , , , ,589,3220149,73160,672, ,13, ,12, , , , , , , , , ,13,9, , , ,3,6,8, , , , , , , , , , , ,1, , , ,3220149,46489,15, ,44172, , , , ,81304,619019497472,14,14,14,14, , , , , , , , , , , , , , , , , , , , , , , , , , , , , , , , ,81304,1766934104191,,, , , , , , , , , ,3145728,81274,1,1,0,1, , , , , , , , ,3,3, , ,1, , , , , , , , , , , , , , , , , , , ,456371840,1, , , , , , ,12, , , , , , , , , , , , , , , , , , , , , , , , , , , , , , , , , ,12, , , , , , , , , , , 
2025-12-28 19:46:44.894 UTC, , , , , , , , , ,589,3220149,73160,672, ,13, ,12, , , , , , , , , ,13,9, , , ,3,6,8, , , , , , , , , , , ,1, , , ,3220149,46489,15, ,44172, , , , ,81304,619019497472,14,14,14,14, , , , , , , , , , , , , , , , , , , , , , , , , , , , , , , , ,81304,1766934104191,,, , , , , , , , , ,3145728,81274,1,1,0,1, , , , , , , , ,3,3, , ,1, , , , , , , , , , , , , , , , , , , ,456371840,1, , , , , , ,12, , , , , , , , , , , , , , , , , , , , , , , , , , , , , , , , , ,12, , , , , , , , , , , 
2025-12-28 19:47:44.895 UTC, , , , , , , , , ,589,3220149,73160,672, ,13, ,12, , , , , , , , , ,13,9, , , ,3,6,8, , , , , , , , , , , ,1, , , ,3220149,46489,15, ,44172, , , , ,81304,619019493376,14,14,14,14, , , , , , , , , , , , , , , , , , , , , , , , , , , , , , , , ,81304,1766934104191,,, , , , , , , , , ,3145728,81274,1,1,0,1, , , , , , , , ,3,3, , ,1, , , , , , , , , , , , , , , , , , , ,456371840,1, , , , , , ,12, , , , , , , , , , , , , , , , , , , , , , , , , , , , , , , , , ,12, , , , , , , , , , , 
2025-12-28 19:48:44.895 UTC, , , , , , , , , ,589,3220149,73160,672, ,13, ,12, , , , , , , , , ,13,9, , , ,3,6,8, , , , , , , , , , , ,1, , , ,3220149,46489,15, ,44172, , , , ,81304,619019493376,14,14,14,14, , , , , , , , , , , , , , , , , , , , , , , , , , , , , , , , ,81304,1766934104191,,, , , , , , , , , ,3145728,81274,1,1,0,1, , , , , , , , ,3,3, , ,1, , , , , , , , , , , , , , , , , , , ,456371840,1, , , , , , ,12, , , , , , , , , , , , , , , , , , , , , , , , , , , , , , , , , ,12, , , , , , , , , , , 
2025-12-28 19:49:44.897 UTC, , , , , , , , , ,589,3220149,73160,672, ,13, ,12, , , , , , , , , ,13,9, , , ,3,6,8, , , , , , , , , , , ,1, , , ,3220149,46489,15, ,44172, , , , ,81304,619019493376,14,14,14,14, , , , , , , , , , , , , , , , , , , , , , , , , , , , , , , , ,81304,1766934104191,,, , , , , , , , , ,3145728,81274,1,1,0,1, , , , , , , , ,3,3, , ,1, , , , , , , , , , , , , , , , , , , ,458468992, , , , , , , ,12, , , , , , , , , , , , , , , , , , , , , , , , , , , , , , , , , ,12, , , , , , , , , , , 
2025-12-28 19:50:44.900 UTC, , , , , , , , , ,589,3220149,73160,672, ,13, ,12, , , , , , , , , ,13,9, , , ,3,6,8, , , , , , , , , , , ,1, , , ,3220149,46489,15, ,44172, , , , ,81304,619019493376,14,14,14,14, , , , , , , , , , , , , , , , , , , , , , , , , , , , , , , , ,81304,1766934104191,,, , , , , , , , , ,3145728,81274,1,1,0,1, , , , , , , , ,3,3, , ,1, , , , , , , , , , , , , , , , , , , ,458468992,1, , , , , , ,12, , , , , , , , , , , , , , , , , , , , , , , , , , , , , , , , , ,12, , , , , , , , , , , 
2025-12-28 19:51:44.930 UTC, , , , , , , , , ,589,3220149,73160,672, ,13, ,12, , , , , , , , , ,13,9, , , ,3,6,8, , , , , , , , , , , ,1, , , ,3220149,46489,15, ,44172, , , , ,81304,619031433216,14,14,14,14, , , , , , , , , , , , , , , , , , , , , , , , , , , , , , , , ,81304,1766934104191,,, , , , , , , , , ,3145728,81274,109,109,53,109, , , , , , , , ,3,3, , ,1, , , , , , , , , , , , , , , , , , , ,458468992,1, , , , , , ,12, , , , , , , , , , , , , , , , , , , , , , , , , , , , , , , , , ,12, , , , , , , , , , , 
2025-12-28 19:52:44.967 UTC, , , , , , , , , ,589,3220149,73160,672, ,13, ,12, , , , , , , , , ,13,9, , , ,3,6,8, , , , , , , , , , , ,1, , , ,3220149,46489,15, ,44172, , , , ,81304,619030720512,14,14,14,14, , , , , , , , , , , , , , , , , , , , , , , , , , , , , , , , ,81304,1766934104191,,, , , , , , , , , ,3145728,81274,16,16,12,16, , , , , , , , ,3,3, , ,1, , , , , , , , , , , , , , , , , , , ,458468992,1, , , , , , ,12, , , , , , , , , , , , , , , , , , , , , , , , , , , , , , , , , ,12, , , , , , , , , , , 
2025-12-28 19:53:45.022 UTC, , , , , , , , , ,589,3220149,73160,672, ,13, ,12, , , , , , , , , ,13,9, , , ,3,6,8, , , , , , , , , , , ,1, , , ,3220149,46489,15, ,44172, , , , ,81304,619030392832,14,14,14,14, , , , , , , , , , , , , , , , , , , , , , , , , , , , , , , , ,81304,1766934104191,,, , , , , , , , , ,3145728,81274,22,22,12,22, , , , , , , , ,3,3, , ,1, , , , , , , , , , , , , , , , , , , ,458468992, , , , , , , ,12, , , , , , , , , , , , , , , , , , , , , , , , , , , , , , , , , ,12, , , , , , , , , , , 
2025-12-28 19:54:45.061 UTC, , , , , , , , , ,589,3220149,73160,672, ,13, ,12, , , , , , , , , ,13,9, , , ,3,6,8, , , , , , , , , , , ,1, , , ,3220149,46489,15, ,44172, , , , ,81304,619030011904,14,14,14,14, , , , , , , , , , , , , , , , , , , , , , , , , , , , , , , , ,81304,1766934104191,,, , , , , , , , , ,3145728,81274,16,16,10,16, , , , , , , , ,3,3, , ,1, , , , , , , , , , , , , , , , , , , ,458468992, , , , , , , ,12, , , , , , , , , , , , , , , , , , , , , , , , , , , , , , , , , ,12, , , , , , , , , , , 
2025-12-28 19:55:45.083 UTC, , , , , , , , , ,589,3220149,73160,672, ,13, ,12, , , , , , , , , ,13,9, , , ,3,6,8, , , , , , , , , , , ,1, , , ,3220149,46489,15, ,44172, , , , ,81304,619029942272,14,14,14,14, , , , , , , , , , , , , , , , , , , , , , , , , , , , , , , , ,81304,1766934104191,,, , , , , , , , , ,3145728,81274,85,85,70,85, , , , , , , , ,3,3, , ,1, , , , , , , , , , , , , , , , , , , ,458468992, , , , , , , ,12, , , , , , , , , , , , , , , , , , , , , , , , , , , , , , , , , ,12, , , , , , , , , , , 
2025-12-28 19:56:45.103 UTC, , , , , , , , , ,589,3220149,73160,672, ,13, ,12, , , , , , , , , ,13,9, , , ,3,6,8, , , , , , , , , , , ,1, , , ,3220149,46489,15, ,44172, , , , ,81304,619029938176,14,14,14,14, , , , , , , , , , , , , , , , , , , , , , , , , , , , , , , , ,81304,1766934104191,,, , , , , , , , , ,3145728,81274,14,14,9,14, , , , , , , , ,3,3, , ,1, , , , , , , , , , , , , , , , , , , ,458468992, , , , , , , ,12, , , , , , , , , , , , , , , , , , , , , , , , , , , , , , , , , ,12, , , , , , , , , , , 
2025-12-28 19:57:45.123 UTC, , , , , , , , , ,589,3220149,73160,672, ,13, ,12, , , , , , , , , ,13,9, , , ,3,6,8, , , , , , , , , , , ,1, , , ,3220149,46489,15, ,44172, , , , ,81304,619029925888,14,14,14,14, , , , , , , , , , , , , , , , , , , , , , , , , , , , , , , , ,81304,1766934104191,,, , , , , , , , , ,3145728,81274,18,18,9,18, , , , , , , , ,3,3, , ,1, , , , , , , , , , , , , , , , , , , ,460566144, , , , , , , ,12, , , , , , , , , , , , , , , , , , , , , , , , , , , , , , , , , ,12, , , , , , , , , , , 
2025-12-28 19:58:45.126 UTC, , , , , , , , , ,589,3220149,73160,672, ,13, ,12, , , , , , , , , ,13,9, , , ,3,6,8, , , , , , , , , , , ,1, , , ,3220149,46489,15, ,44172, , , , ,81304,619029925888,14,14,14,14, , , , , , , , , , , , , , , , , , , , , , , , , , , , , , , , ,81304,1766934104191,,, , , , , , , , , ,3145728,81274,28,28,9,28, , , , , , , , ,3,3, , ,1, , , , , , , , , , , , , , , , , , , ,460566144, , , , , , , ,12, , , , , , , , , , , , , , , , , , , , , , , , , , , , , , , , , ,12, , , , , , , , , , , 
2025-12-28 19:59:45.128 UTC, , , , , , , , , ,589,3220149,73160,672, ,13, ,12, , , , , , , , , ,13,9, , , ,3,6,8, , , , , , , , , , , ,1, , , ,3220149,46489,15, ,44172, , , , ,81304,619029925888,14,14,14,14, , , , , , , , , , , , , , , , , , , , , , , , , , , , , , , , ,81304,1766934104191,,, , , , , , , , , ,3145728,81274,1,1,0,1, , , , , , , , ,3,3, , ,1, , , , , , , , , , , , , , , , , , , ,460566144,1, , , , , , ,12, , , , , , , , , , , , , , , , , , , , , , , , , , , , , , , , , ,12, , , , , , , , , , , 
2025-12-28 20:00:45.130 UTC, , , , , , , , , ,589,3220149,73160,672, ,13, ,12, , , , , , , , , ,13,9, , , ,3,6,8, , , , , , , , , , , ,1, , , ,3220149,46489,15, ,44172, , , , ,81304,619029925888,14,14,14,14, , , , , , , , , , , , , , , , , , , , , , , , , , , , , , , , ,81304,1766934104191,,, , , , , , , , , ,3145728,81274,16,16,15,16, , , , , , , , ,3,3, , ,1, , , , , , , , , , , , , , , , , , , ,460566144, , , , , , , ,12, , , , , , , , , , , , , , , , , , , , , , , , , , , , , , , , , ,12, , , , , , , , , , , 
2025-12-28 20:01:45.135 UTC, , , , , , , , , ,589,3220149,73160,672, ,13, ,12, , , , , , , , , ,13,9, , , ,3,6,8, , , , , , , , , , , ,1, , , ,3220149,46489,15, ,44172, , , , ,81304,619029925888,14,14,14,14, , , , , , , , , , , , , , , , , , , , , , , , , , , , , , , , ,81304,1766934104191,,, , , , , , , , , ,3145728,81274,18,18,10,18, , , , , , , , ,3,3, , ,1, , , , , , , , , , , , , , , , , , , ,460566144, , , , , , , ,12, , , , , , , , , , , , , , , , , , , , , , , , , , , , , , , , , ,12, , , , , , , , , , , 
2025-12-28 20:02:45.139 UTC, , , , , , , , , ,589,3220149,73160,672, ,13, ,12, , , , , , , , , ,13,9, , , ,3,6,8, , , , , , , , , , , ,1, , , ,3220149,46489,15, ,44172, , , , ,81304,619029925888,14,14,14,14, , , , , , , , , , , , , , , , , , , , , , , , , , , , , , , , ,81304,1766934104191,,, , , , , , , , , ,3145728,81274,14,14,8,14, , , , , , , , ,3,3, , ,1, , , , , , , , , , , , , , , , , , , ,460566144, , , , , , , ,12, , , , , , , , , , , , , , , , , , , , , , , , , , , , , , , , , ,12, , , , , , , , , , , 
2025-12-28 20:03:45.142 UTC, , , , , , , , , ,589,3220149,73160,672, ,13, ,12, , , , , , , , , ,13,9, , , ,3,6,8, , , , , , , , , , , ,1, , , ,3220149,46489,15, ,44172, , , , ,81304,619029917696,14,14,14,14, , , , , , , , , , , , , , , , , , , , , , , , , , , , , , , , ,81304,1766934104191,,, , , , , , , , , ,3145728,81274,14,14,7,14, , , , , , , , ,3,3, , ,1, , , , , , , , , , , , , , , , , , , ,462663296, , , , , , , ,12, , , , , , , , , , , , , , , , , , , , , , , , , , , , , , , , , ,12, , , , , , , , , , , 
2025-12-28 20:04:45.143 UTC, , , , , , , , , ,589,3220149,73160,672, ,13, ,12, , , , , , , , , ,13,9, , , ,3,6,8, , , , , , , , , , , ,1, , , ,3220149,46489,15, ,44172, , , , ,81304,619029917696,14,14,14,14, , , , , , , , , , , , , , , , , , , , , , , , , , , , , , , , ,81304,1766934104191,,, , , , , , , , , ,3145728,81274,16,16,8,16, , , , , , , , ,3,3, , ,1, , , , , , , , , , , , , , , , , , , ,462663296, , , , , , , ,12, , , , , , , , , , , , , , , , , , , , , , , , , , , , , , , , , ,12, , , , , , , , , , , 
2025-12-28 20:05:45.145 UTC, , , , , , , , , ,589,3220149,73160,672, ,13, ,12, , , , , , , , , ,13,9, , , ,3,6,8, , , , , , , , , , , ,1, , , ,3220149,46489,15, ,44172, , , , ,81304,619029917696,14,14,14,14, , , , , , , , , , , , , , , , , , , , , , , , , , , , , , , , ,81304,1766934104191,,, , , , , , , , , ,3145728,81274,12,12,6,12, , , , , , , , ,3,3, , ,1, , , , , , , , , , , , , , , , , , , ,462663296, , , , , , , ,12, , , , , , , , , , , , , , , , , , , , , , , , , , , , , , , , , ,12, , , , , , , , , , , 
2025-12-28 20:06:45.147 UTC, , , , , , , , , ,589,3220149,73160,672, ,13, ,12, , , , , , , , , ,13,9, , , ,3,6,8, , , , , , , , , , , ,1, , , ,3220149,46489,15, ,44172, , , , ,81304,619029901312,14,14,14,14, , , , , , , , , , , , , , , , , , , , , , , , , , , , , , , , ,81304,1766934104191,,, , , , , , , , , ,3145728,81274,15,15,11,15, , , , , , , , ,3,3, , ,1, , , , , , , , , , , , , , , , , , , ,462663296, , , , , , , ,12, , , , , , , , , , , , , , , , , , , , , , , , , , , , , , , , , ,12, , , , , , , , , , , 
2025-12-29 14:31:00.106 UTC, , , , , , , , , ,125,3211725,65872, , ,12,1,887,12,0.01, , , , , , , ,12,8, ,415,1,2,10,8, ,501,30, , , , , , , , ,1, , , ,3211725,93241,16,81607,81607,1,5,4,10,93295,618990788608,-1,-1,-1,-1, , , , , ,10,874, , , , , , , , , , , , , , , , , , , , , , , , , ,93295,1767018658846,,, , , , , , , , , ,3145728,93241,40,40,20,40, , ,52,1,1,4,1, ,3,2, ,52, ,2048,1, , , , , ,544957,115,11759,1, , , , , , ,1,121,101115592,1, , , , , , ,476, , , , , , , , , , , , , , , , , , , , , , , , , , , , , , , , , , , , , , , , , , , , , 
2025-12-29 14:31:00.302 UTC, , , , , , , , , ,125,3211725,65872, , ,12, ,11, , , , , , , , , ,12,8, , , ,2,9,8, ,5,2, , , , , , , , ,1, , , ,3211725,93241,16,81607,81607, , , , ,93295,618990788608,14,14,14,14, , , , , , , , , , , , , , , , , , , , , , , , , , , , , , , , ,93295,1767018658846,,, , , , , , , , , ,3145728,93241, , , , , , ,2, , ,1, , ,3, , ,2,1, , , , , , , ,2188,3, , , , , , , , , , ,105309896,2, , , , , , ,22, , , , , , , , , , , , , , , , , , , , , , , , , , , , , , , , ,10,8, , , , , , , , , , , 
2025-12-29 14:31:00.577 UTC, , , , , , , , , ,125,3166333,20480, , ,3,1,26,3,0.12,1, , , , , , ,3,3, ,2,1,2,1,4, ,55,32, , , , , , , , ,1, , , ,3166333,93919,17, ,93384, , , , , , ,-1,-1,-1,-1, , , , , ,12,903, , , , , , , , , , , , , , , , , , , , , , , , , , ,1767018660431,,, , , , , , , , , ,3145728,93919, , , , , , ,41, , ,2, , ,3, , ,41, ,2048,1, , , , , ,285047,74, , , , , , , , ,1,121,124184264,2, , , , , , ,19, , , , , , , , , , , , , , , , , , , , , , , , , , , , , , , , , , , , , , , , , , , , , 
2025-12-29 14:32:00.581 UTC, , , , , , , , , ,125,3177853,31328,672, ,6,2,28,3,0.11, , , , , , , ,6,6, , ,2,2,4,6, ,12,6, , , , , , , , ,1, , , ,3177853,93919,17, ,93384, , , , ,94179,618990788608,14,14,14,14, , , , , , , , , , , , , , , , , , , , , , , , , , , , , , , , ,94179,1767018660431,,, , , , , , , , , ,3145728,94149,23,23,6,23, , ,14,1,1,3,1, ,3,4, ,14,1, , , , , , , ,22772,17,208,1, , , , , , ,2,34,205089216,1, , , , , , ,31, , , , , , , , , , , , , , , , , , , , , , , , , , , , , , ,1, , ,12,2, , , , , , , , , , 
2025-12-29 14:33:00.592 UTC, , , , , , , , , ,125,3177853,31328,672, ,6, ,12, , , , , , , , , ,6,6, , , ,2,4,6, , , , , , , , , , , ,1, , , ,3177853,93919,17, ,93384, , , , ,94179,618990784512,14,14,14,14, , , , , , , , , , , , , , , , , , , , , , , , , , , , , , , , ,94179,1767018660431,,, , , , , , , , , ,3145728,94149,15,15,5,15, , , , , , , , ,3,3, , ,1, , , , , , , , , , , , , , , , , , , ,205089216,2, , , , , , ,12, , , , , , , , , , , , , , , , , , , , , , , , , , , , , , , , , ,12, , , , , , , , , , , 
2025-12-29 14:34:00.592 UTC, , , , , , , , , ,125,3177853,31328,672, ,6, ,12, , , , , , , , , ,6,6, , , ,2,4,6, , , , , , , , , , , ,1, , , ,3177853,93919,17, ,93384, , , , ,94179,618990784512,14,14,14,14, , , , , , , , , , , , , , , , , , , , , , , , , , , , , , , , ,94179,1767018660431,,, , , , , , , , , ,3145728,94149,1,1,0,1, , , , , , , , ,3,3, , ,1, , , , , , , , , , , , , , , , , , , ,205089216,1, , , , , , ,12, , , , , , , , , , , , , , , , , , , , , , , , , , , , , , , , , ,12, , , , , , , , , , , 
2025-12-29 14:35:00.595 UTC, , , , , , , , , ,125,3177853,31328,672, ,6, ,12, , , , , , , , , ,6,6, , , ,2,4,6, , , , , , , , , , , ,1, , , ,3177853,93919,17, ,93384, , , , ,94179,618990784512,14,14,14,14, , , , , , , , , , , , , , , , , , , , , , , , , , , , , , , , ,94179,1767018660431,,, , , , , , , , , ,3145728,94149,1,1,0,1, , , , , , , , ,3,3, , ,1, , , , , , , , , , , , , , , , , , , ,205089216,1, , , , , , ,12, , , , , , , , , , , , , , , , , , , , , , , , , , , , , , , , , ,12, , , , , , , , , , , 
2025-12-29 14:36:00.596 UTC, , , , , , , , , ,125,3177853,31328,672, ,6, ,12, , , , , , , , , ,6,6, , , ,2,4,6, , , , , , , , , , , ,1, , , ,3177853,93919,17, ,93384, , , , ,94179,618990784512,14,14,14,14, , , , , , , , , , , , , , , , , , , , , , , , , , , , , , , , ,94179,1767018660431,,, , , , , , , , , ,3145728,94149,3,3,1,3, , , , , , , , ,3,3, , ,1, , , , , , , , , , , , , , , , , , , ,205089216,1, , , , , , ,12, , , , , , , , , , , , , , , , , , , , , , , , , , , , , , , , , ,12, , , , , , , , , , , 
2025-12-29 14:37:00.598 UTC, , , , , , , , , ,125,3177853,31328,672, ,6, ,12, , , , , , , , , ,6,6, , , ,2,4,6, , , , , , , , , , , ,1, , , ,3177853,93919,17, ,93384, , , , ,94179,618990784512,14,14,14,14, , , , , , , , , , , , , , , , , , , , , , , , , , , , , , , , ,94179,1767018660431,,, , , , , , , , , ,3145728,94149,1,1,0,1, , , , , , , , ,3,3, , ,1, , , , , , , , , , , , , , , , , , , ,205089216,1, , , , , , ,12, , , , , , , , , , , , , , , , , , , , , , , , , , , , , , , , , ,12, , , , , , , , , , , 
2025-12-29 14:38:00.598 UTC, , , , , , , , , ,125,3177853,31328,672, ,6, ,12, , , , , , , , , ,6,6, , , ,2,4,6, , , , , , , , , , , ,1, , , ,3177853,93919,17, ,93384, , , , ,94179,618990784512,14,14,14,14, , , , , , , , , , , , , , , , , , , , , , , , , , , , , , , , ,94179,1767018660431,,, , , , , , , , , ,3145728,94149,1,1,0,1, , , , , , , , ,3,3, , ,1, , , , , , , , , , , , , , , , , , , ,205089216,1, , , , , , ,12, , , , , , , , , , , , , , , , , , , , , , , , , , , , , , , , , ,12, , , , , , , , , , , 
2025-12-29 14:39:00.599 UTC, , , , , , , , , ,125,3177853,31328,672, ,6, ,12, , , , , , , , , ,6,6, , , ,2,4,6, , , , , , , , , , , ,1, , , ,3177853,93919,17, ,93384, , , , ,94179,618990784512,14,14,14,14, , , , , , , , , , , , , , , , , , , , , , , , , , , , , , , , ,94179,1767018660431,,, , , , , , , , , ,3145728,94149,0,0,0,0, , , , , , , , ,3,2, , ,1, , , , , , , , , , , , , , , , , , , ,205089216,1, , , , , , ,12, , , , , , , , , , , , , , , , , , , , , , , , , , , , , , , , , ,12, , , , , , , , , , , 
2025-12-29 14:40:00.600 UTC, , , , , , , , , ,125,3177853,31328,672, ,6, ,12, , , , , , , , , ,6,6, , , ,2,4,6, , , , , , , , , , , ,1, , , ,3177853,93919,17, ,93384, , , , ,94179,618990780416,14,14,14,14, , , , , , , , , , , , , , , , , , , , , , , , , , , , , , , , ,94179,1767018660431,,, , , , , , , , , ,3145728,94149,44,44,11,44, , , , , , , , ,3,4, , ,1, , , , , , , , , , , , , , , , , , , ,207186368,1, , , , , , ,12, , , , , , , , , , , , , , , , , , , , , , , , , , , , , , , , , ,12, , , , , , , , , , , 
2025-12-29 14:41:00.602 UTC, , , , , , , , , ,125,3177853,31328,672, ,6, ,12, , , , , , , , , ,6,6, , , ,2,4,6, , , , , , , , , , , ,1, , , ,3177853,93919,17, ,93384, , , , ,94179,618990780416,14,14,14,14, , , , , , , , , , , , , , , , , , , , , , , , , , , , , , , , ,94179,1767018660431,,, , , , , , , , , ,3145728,94149,1,1,0,1, , , , , , , , ,3,3, , ,1, , , , , , , , , , , , , , , , , , , ,207186368,1, , , , , , ,12, , , , , , , , , , , , , , , , , , , , , , , , , , , , , , , , , ,12, , , , , , , , , , , 
2025-12-29 14:42:00.604 UTC, , , , , , , , , ,125,3177853,31328,672, ,6, ,12, , , , , , , , , ,6,6, , , ,2,4,6, , , , , , , , , , , ,1, , , ,3177853,93919,17, ,93384, , , , ,94179,618990780416,14,14,14,14, , , , , , , , , , , , , , , , , , , , , , , , , , , , , , , , ,94179,1767018660431,,, , , , , , , , , ,3145728,94149,1,1,0,1, , , , , , , , ,3,3, , ,1, , , , , , , , , , , , , , , , , , , ,207186368,1, , , , , , ,12, , , , , , , , , , , , , , , , , , , , , , , , , , , , , , , , , ,12, , , , , , , , , , , 
2025-12-29 14:43:00.605 UTC, , , , , , , , , ,125,3209549,63024,672, ,12,2,335,6,0.02, , , , , , , ,12,8, , ,2,5,5,9, ,365,52, , , , , , , , ,1, , , ,3209549,93919,17, ,93384, , , , ,94179,618990780416,14,14,14,14, , , , , , , , , , , , , , , , , , , , , , , , , , , , , , , , ,94179,1767018660431,,, , , , , , , , , ,3145728,94149,1,1,0,1, , ,62, , , , , ,3,3, ,62,1, , , , , ,2, ,30260,64, , , , , , , , ,2,23,98565928, , , , , , , ,3013, , , , , , , , , , , , , , , , , , , , , , , , , , , , , , , , ,2743,270, , , , , , , , , , , 
2025-12-29 14:44:00.607 UTC, , , , , , , , , ,125,3209549,63024,672, ,12, ,382, , , , , , , , , ,12,8, , , ,5,5,9, ,612, , , , , , , , , ,1, , , ,3209549,93919,17, ,93384, , , , ,94179,618990780416,14,14,14,14, , , , , , , , , , , , , , , , , , , , , , , , , , , , , , , , ,94179,1767018660431,,, , , , , , , , , ,3145728,94149,9,9,3,9, , , , , , , , ,3,3, , ,1, , , , , , , , , , , , , , , , , , , ,121634600, , , , , , , ,4816, , , , , , , , , , , , , , , , , , , , , , , , , , , , , , , , ,4537,279, , , , , , , , , , , 
2025-12-29 14:45:00.619 UTC, , , , , , , , , ,125,3209549,63024,672, ,12, ,12, , , , , , , , , ,12,8, , , ,5,5,9, , , , , , , , , , , ,1, , , ,3209549,93919,17, ,93384, , , , ,94179,618990780416,14,14,14,14, , , , , , , , , , , , , , , , , , , , , , , , , , , , , , , , ,94179,1767018660431,,, , , , , , , , , ,3145728,94149,1,1,0,1, , , , , , , , ,3,3, , ,1, , , , , , , , , , , , , , , , , , , ,121634600, , , , , , , ,12, , , , , , , , , , , , , , , , , , , , , , , , , , , , , , , , , ,12, , , , , , , , , , , 
2025-12-29 14:46:00.618 UTC, , , , , , , , , ,125,3209549,63024,672, ,12, ,12, , , , , , , , , ,12,8, , , ,5,5,9, , , , , , , , , , , ,1, , , ,3209549,93919,17, ,93384, , , , ,94179,618990780416,14,14,14,14, , , , , , , , , , , , , , , , , , , , , , , , , , , , , , , , ,94179,1767018660431,,, , , , , , , , , ,3145728,94149,1,1,0,1, , , , , , , , ,3,3, , ,1, , , , , , , , , , , , , , , , , , , ,121634600, , , , , , , ,12, , , , , , , , , , , , , , , , , , , , , , , , , , , , , , , , , ,12, , , , , , , , , , , 
2025-12-29 14:47:00.619 UTC, , , , , , , , , ,125,3209549,63024,672, ,12, ,12, , , , , , , , , ,12,8, , , ,5,5,9, , , , , , , , , , , ,1, , , ,3209549,93919,17, ,93384, , , , ,94179,618990780416,14,14,14,14, , , , , , , , , , , , , , , , , , , , , , , , , , , , , , , , ,94179,1767018660431,,, , , , , , , , , ,3145728,94149,1,1,0,1, , , , , , , , ,3,3, , ,1, , , , , , , , , , , , , , , , , , , ,121634600,1, , , , , , ,12, , , , , , , , , , , , , , , , , , , , , , , , , , , , , , , , , ,12, , , , , , , , , , , 
2025-12-29 14:48:00.620 UTC, , , , , , , , , ,125,3209549,63024,672, ,12, ,12, , , , , , , , , ,12,8, , , ,5,5,9, , , , , , , , , , , ,1, , , ,3209549,93919,17, ,93384, , , , ,94179,618990776320,14,14,14,14, , , , , , , , , , , , , , , , , , , , , , , , , , , , , , , , ,94179,1767018660431,,, , , , , , , , , ,3145728,94149,42,42,18,42, , , , , , , , ,3,3, , ,1, , , , , , , , , , , , , , , , , , , ,123731752, , , , , , , ,12, , , , , , , , , , , , , , , , , , , , , , , , , , , , , , , , , ,12, , , , , , , , , , , 
2025-12-29 14:49:00.621 UTC, , , , , , , , , ,125,3209549,63024,672, ,12, ,12, , , , , , , , , ,12,8, , , ,5,5,9, , , , , , , , , , , ,1, , , ,3209549,93919,17, ,93384, , , , ,94179,618990776320,14,14,14,14, , , , , , , , , , , , , , , , , , , , , , , , , , , , , , , , ,94179,1767018660431,,, , , , , , , , , ,3145728,94149,1,1,0,1, , , , , , , , ,3,3, , ,1, , , , , , , , , , , , , , , , , , , ,123731752,1, , , , , , ,12, , , , , , , , , , , , , , , , , , , , , , , , , , , , , , , , , ,12, , , , , , , , , , , 
2025-12-29 14:50:00.621 UTC, , , , , , , , , ,125,3209549,63024,672, ,12, ,12, , , , , , , , , ,12,8, , , ,5,5,9, , , , , , , , , , , ,1, , , ,3209549,93919,17, ,93384, , , , ,94179,618990776320,14,14,14,14, , , , , , , , , , , , , , , , , , , , , , , , , , , , , , , , ,94179,1767018660431,,, , , , , , , , , ,3145728,94149,0,0,0,0, , , , , , , , ,3,3, , ,1, , , , , , , , , , , , , , , , , , , ,123731752,1, , , , , , ,12, , , , , , , , , , , , , , , , , , , , , , , , , , , , , , , , , ,12, , , , , , , , , , , 
2025-12-29 14:51:00.621 UTC, , , , , , , , , ,125,3209549,63024,672, ,12, ,12, , , , , , , , , ,12,8, , , ,5,5,9, , , , , , , , , , , ,1, , , ,3209549,93919,17, ,93384, , , , ,94179,618990776320,14,14,14,14, , , , , , , , , , , , , , , , , , , , , , , , , , , , , , , , ,94179,1767018660431,,, , , , , , , , , ,3145728,94149,1,1,0,1, , , , , , , , ,3,3, , ,1, , , , , , , , , , , , , , , , , , , ,123731752,1, , , , , , ,12, , , , , , , , , , , , , , , , , , , , , , , , , , , , , , , , , ,12, , , , , , , , , , , 
2025-12-29 14:52:00.622 UTC, , , , , , , , , ,125,3209549,63024,672, ,12, ,12, , , , , , , , , ,12,8, , , ,5,5,9, , , , , , , , , , , ,1, , , ,3209549,93919,17, ,93384, , , , ,94179,618990776320,14,14,14,14, , , , , , , , , , , , , , , , , , , , , , , , , , , , , , , , ,94179,1767018660431,,, , , , , , , , , ,3145728,94149,4,4,1,4, , , , , , , , ,3,3, , ,1, , , , , , , , , , , , , , , , , , , ,123731752,1, , , , , , ,12, , , , , , , , , , , , , , , , , , , , , , , , , , , , , , , , , ,12, , , , , , , , , , , 
2025-12-29 14:53:00.622 UTC, , , , , , , , , ,125,3209549,63024,672, ,12, ,12, , , , , , , , , ,12,8, , , ,5,5,9, , , , , , , , , , , ,1, , , ,3209549,93919,17, ,93384, , , , ,94179,618990776320,14,14,14,14, , , , , , , , , , , , , , , , , , , , , , , , , , , , , , , , ,94179,1767018660431,,, , , , , , , , , ,3145728,94149,1,1,0,1, , , , , , , , ,3,3, , ,1, , , , , , , , , , , , , , , , , , , ,123731752,1, , , , , , ,12, , , , , , , , , , , , , , , , , , , , , , , , , , , , , , , , , ,12, , , , , , , , , , , 
2025-12-29 14:54:00.623 UTC, , , , , , , , , ,125,3209549,63024,672, ,12, ,12, , , , , , , , , ,12,8, , , ,5,5,9, , , , , , , , , , , ,1, , , ,3209549,93919,17, ,93384, , , , ,94179,618990776320,14,14,14,14, , , , , , , , , , , , , , , , , , , , , , , , , , , , , , , , ,94179,1767018660431,,, , , , , , , , , ,3145728,94149,0,0,0,0, , , , , , , , ,3,3, , ,1, , , , , , , , , , , , , , , , , , , ,125828904,1, , , , , , ,12, , , , , , , , , , , , , , , , , , , , , , , , , , , , , , , , , ,12, , , , , , , , , , , 
2025-12-29 14:55:00.623 UTC, , , , , , , , , ,125,3209549,63024,672, ,12, ,12, , , , , , , , , ,12,8, , , ,5,5,9, , , , , , , , , , , ,1, , , ,3209549,93919,17, ,93384, , , , ,94179,618990776320,14,14,14,14, , , , , , , , , , , , , , , , , , , , , , , , , , , , , , , , ,94179,1767018660431,,, , , , , , , , , ,3145728,94149,2,2,1,2, , , , , , , , ,3,3, , ,1, , , , , , , , , , , , , , , , , , , ,125828904,1, , , , , , ,12, , , , , , , , , , , , , , , , , , , , , , , , , , , , , , , , , ,12, , , , , , , , , , , 
2025-12-29 14:56:00.631 UTC, , , , , , , , , ,125,3209549,63024,672, ,12, ,12, , , , , , , , , ,12,8, , , ,5,5,9, , , , , , , , , , , ,1, , , ,3209549,93919,17, ,93384, , , , ,94179,618990772224,14,14,14,14, , , , , , , , , , , , , , , , , , , , , , , , , , , , , , , , ,94179,1767018660431,,, , , , , , , , , ,3145728,94149,1,1,0,1, , , , , , , , ,3,3, , ,1, , , , , , , , , , , , , , , , , , , ,125828904,1, , , , , , ,12, , , , , , , , , , , , , , , , , , , , , , , , , , , , , , , , , ,12, , , , , , , , , , , 
2025-12-29 14:57:00.636 UTC, , , , , , , , , ,125,3209549,63024,672, ,12, ,12, , , , , , , , , ,12,8, , , ,5,5,9, , , , , , , , , , , ,1, , , ,3209549,93919,17, ,93384, , , , ,94179,618990772224,14,14,14,14, , , , , , , , , , , , , , , , , , , , , , , , , , , , , , , , ,94179,1767018660431,,, , , , , , , , , ,3145728,94149,1,1,0,1, , , , , , , , ,3,3, , ,1, , , , , , , , , , , , , , , , , , , ,125828904,1, , , , , , ,12, , , , , , , , , , , , , , , , , , , , , , , , , , , , , , , , , ,12, , , , , , , , , , , 
2025-12-29 14:58:00.637 UTC, , , , , , , , , ,125,3209549,63024,672, ,12, ,12, , , , , , , , , ,12,8, , , ,5,5,9, , , , , , , , , , , ,1, , , ,3209549,93919,17, ,93384, , , , ,94179,618990772224,14,14,14,14, , , , , , , , , , , , , , , , , , , , , , , , , , , , , , , , ,94179,1767018660431,,, , , , , , , , , ,3145728,94149,1,1,0,1, , , , , , , , ,3,3, , ,1, , , , , , , , , , , , , , , , , , , ,125828904,1, , , , , , ,12, , , , , , , , , , , , , , , , , , , , , , , , , , , , , , , , , ,12, , , , , , , , , , , 
2025-12-29 14:59:00.637 UTC, , , , , , , , , ,125,3209549,63024,672, ,12, ,12, , , , , , , , , ,12,8, , , ,5,5,9, , , , , , , , , , , ,1, , , ,3209549,93919,17, ,93384, , , , ,94179,618990772224,14,14,14,14, , , , , , , , , , , , , , , , , , , , , , , , , , , , , , , , ,94179,1767018660431,,, , , , , , , , , ,3145728,94149,1,1,0,1, , , , , , , , ,3,3, , ,1, , , , , , , , , , , , , , , , , , , ,125828904,1, , , , , , ,12, , , , , , , , , , , , , , , , , , , , , , , , , , , , , , , , , ,12, , , , , , , , , , , 
2025-12-29 15:00:00.638 UTC, , , , , , , , , ,125,3209549,63024,672, ,12, ,12, , , , , , , , , ,12,8, , , ,5,5,9, , , , , , , , , , , ,1, , , ,3209549,93919,17, ,93384, , , , ,94179,618990772224,14,14,14,14, , , , , , , , , , , , , , , , , , , , , , , , , , , , , , , , ,94179,1767018660431,,, , , , , , , , , ,3145728,94149,1,1,1,1, , , , , , , , ,3,3, , ,1, , , , , , , , , , , , , , , , , , , ,125828904,1, , , , , , ,12, , , , , , , , , , , , , , , , , , , , , , , , , , , , , , , , , ,12, , , , , , , , , , , 
2025-12-29 15:01:00.638 UTC, , , , , , , , , ,125,3209549,63024,672, ,12, ,12, , , , , , , , , ,12,8, , , ,5,5,9, , , , , , , , , , , ,1, , , ,3209549,93919,17, ,93384, , , , ,94179,618990772224,14,14,14,14, , , , , , , , , , , , , , , , , , , , , , , , , , , , , , , , ,94179,1767018660431,,, , , , , , , , , ,3145728,94149,1,1,0,1, , , , , , , , ,3,3, , ,1, , , , , , , , , , , , , , , , , , , ,127926056, , , , , , , ,12, , , , , , , , , , , , , , , , , , , , , , , , , , , , , , , , , ,12, , , , , , , , , , , 
2025-12-29 15:02:00.639 UTC, , , , , , , , , ,125,3209549,63024,672, ,12, ,12, , , , , , , , , ,12,8, , , ,5,5,9, , , , , , , , , , , ,1, , , ,3209549,93919,17, ,93384, , , , ,94179,618990772224,14,14,14,14, , , , , , , , , , , , , , , , , , , , , , , , , , , , , , , , ,94179,1767018660431,,, , , , , , , , , ,3145728,94149,1,1,0,1, , , , , , , , ,3,3, , ,1, , , , , , , , , , , , , , , , , , , ,127926056, , , , , , , ,12, , , , , , , , , , , , , , , , , , , , , , , , , , , , , , , , , ,12, , , , , , , , , , , 
2025-12-29 15:03:00.640 UTC, , , , , , , , , ,125,3209549,63024,672, ,12, ,12, , , , , , , , , ,12,8, , , ,5,5,9, , , , , , , , , , , ,1, , , ,3209549,93919,17, ,93384, , , , ,94179,618990772224,14,14,14,14, , , , , , , , , , , , , , , , , , , , , , , , , , , , , , , , ,94179,1767018660431,,, , , , , , , , , ,3145728,94149,1,1,0,1, , , , , , , , ,3,3, , ,1, , , , , , , , , , , , , , , , , , , ,127926056, , , , , , , ,12, , , , , , , , , , , , , , , , , , , , , , , , , , , , , , , , , ,12, , , , , , , , , , , 
2025-12-29 15:04:00.641 UTC, , , , , , , , , ,125,3209549,63024,672, ,12, ,12, , , , , , , , , ,12,8, , , ,5,5,9, , , , , , , , , , , ,1, , , ,3209549,93919,17, ,93384, , , , ,94179,618990768128,14,14,14,14, , , , , , , , , , , , , , , , , , , , , , , , , , , , , , , , ,94179,1767018660431,,, , , , , , , , , ,3145728,94149,1,1,1,1, , , , , , , , ,3,3, , ,1, , , , , , , , , , , , , , , , , , , ,127926056, , , , , , , ,12, , , , , , , , , , , , , , , , , , , , , , , , , , , , , , , , , ,12, , , , , , , , , , , 
2025-12-29 15:05:00.640 UTC, , , , , , , , , ,125,3209549,63024,672, ,12, ,12, , , , , , , , , ,12,8, , , ,5,5,9, , , , , , , , , , , ,1, , , ,3209549,93919,17, ,93384, , , , ,94179,618990768128,14,14,14,14, , , , , , , , , , , , , , , , , , , , , , , , , , , , , , , , ,94179,1767018660431,,, , , , , , , , , ,3145728,94149,13,13,4,13, , , , , , , , ,3,3, , ,1, , , , , , , , , , , , , , , , , , , ,127926056, , , , , , , ,12, , , , , , , , , , , , , , , , , , , , , , , , , , , , , , , , , ,12, , , , , , , , , , , 
2025-12-29 15:06:00.635 UTC, , , , , , , , , ,125,3209549,63024,672, ,12, ,12, , , , , , , , , ,12,8, , , ,5,5,9, , , , , , , , , , , ,1, , , ,3209549,93919,17, ,93384, , , , ,94179,618990776320,14,14,14,14, , , , , , , , , , , , , , , , , , , , , , , , , , , , , , , , ,94179,1767018660431,,, , , , , , , , , ,3145728,94149,1,1,0,1, , , , , , , , ,3,3, , ,1, , , , , , , , , , , , , , , , , , , ,127926056,1, , , , , , ,12, , , , , , , , , , , , , , , , , , , , , , , , , , , , , , , , , ,12, , , , , , , , , , , 
2025-12-29 15:07:00.635 UTC, , , , , , , , , ,125,3209549,63024,672, ,12, ,12, , , , , , , , , ,12,8, , , ,5,5,9, , , , , , , , , , , ,1, , , ,3209549,93919,17, ,93384, , , , ,94179,618990776320,14,14,14,14, , , , , , , , , , , , , , , , , , , , , , , , , , , , , , , , ,94179,1767018660431,,, , , , , , , , , ,3145728,94149,1,1,0,1, , , , , , , , ,3,3, , ,1, , , , , , , , , , , , , , , , , , , ,130023208,1, , , , , , ,12, , , , , , , , , , , , , , , , , , , , , , , , , , , , , , , , , ,12, , , , , , , , , , , 
2025-12-29 15:08:00.633 UTC, , , , , , , , , ,125,3209549,63024,672, ,12, ,12, , , , , , , , , ,12,8, , , ,5,5,9, , , , , , , , , , , ,1, , , ,3209549,93919,17, ,93384, , , , ,94179,618990776320,14,14,14,14, , , , , , , , , , , , , , , , , , , , , , , , , , , , , , , , ,94179,1767018660431,,, , , , , , , , , ,3145728,94149,1,1,0,1, , , , , , , , ,3,3, , ,1, , , , , , , , , , , , , , , , , , , ,130023208,1, , , , , , ,12, , , , , , , , , , , , , , , , , , , , , , , , , , , , , , , , , ,12, , , , , , , , , , , 
2025-12-29 15:09:00.632 UTC, , , , , , , , , ,125,3209549,63024,672, ,12, ,12, , , , , , , , , ,12,8, , , ,5,5,9, , , , , , , , , , , ,1, , , ,3209549,93919,17, ,93384, , , , ,94179,618990776320,14,14,14,14, , , , , , , , , , , , , , , , , , , , , , , , , , , , , , , , ,94179,1767018660431,,, , , , , , , , , ,3145728,94149,1,1,0,1, , , , , , , , ,3,3, , ,1, , , , , , , , , , , , , , , , , , , ,130023208,1, , , , , , ,12, , , , , , , , , , , , , , , , , , , , , , , , , , , , , , , , , ,12, , , , , , , , , , , 
2025-12-29 15:10:00.631 UTC, , , , , , , , , ,125,3209549,63024,672, ,12, ,12, , , , , , , , , ,12,8, , , ,5,5,9, , , , , , , , , , , ,1, , , ,3209549,93919,17, ,93384, , , , ,94179,618990776320,14,14,14,14, , , , , , , , , , , , , , , , , , , , , , , , , , , , , , , , ,94179,1767018660431,,, , , , , , , , , ,3145728,94149,1,1,0,1, , , , , , , , ,3,3, , ,1, , , , , , , , , , , , , , , , , , , ,130023208,1, , , , , , ,12, , , , , , , , , , , , , , , , , , , , , , , , , , , , , , , , , ,12, , , , , , , , , , , 
2025-12-29 15:11:00.631 UTC, , , , , , , , , ,125,3209549,63024,672, ,12, ,12, , , , , , , , , ,12,8, , , ,5,5,9, , , , , , , , , , , ,1, , , ,3209549,93919,17, ,93384, , , , ,94179,618990776320,14,14,14,14, , , , , , , , , , , , , , , , , , , , , , , , , , , , , , , , ,94179,1767018660431,,, , , , , , , , , ,3145728,94149,1,1,0,1, , , , , , , , ,3,3, , ,1, , , , , , , , , , , , , , , , , , , ,130023208,1, , , , , , ,12, , , , , , , , , , , , , , , , , , , , , , , , , , , , , , , , , ,12, , , , , , , , , , , 
2025-12-29 15:12:00.630 UTC, , , , , , , , , ,125,3209549,63024,672, ,12, ,12, , , , , , , , , ,12,8, , , ,5,5,9, , , , , , , , , , , ,1, , , ,3209549,93919,17, ,93384, , , , ,94179,618990772224,14,14,14,14, , , , , , , , , , , , , , , , , , , , , , , , , , , , , , , , ,94179,1767018660431,,, , , , , , , , , ,3145728,94149,1,1,0,1, , , , , , , , ,3,3, , ,1, , , , , , , , , , , , , , , , , , , ,130023208,1, , , , , , ,12, , , , , , , , , , , , , , , , , , , , , , , , , , , , , , , , , ,12, , , , , , , , , , , 
2025-12-29 15:13:00.629 UTC, , , , , , , , , ,125,3209549,63024,672, ,12, ,12, , , , , , , , , ,12,8, , , ,5,5,9, , , , , , , , , , , ,1, , , ,3209549,93919,17, ,93384, , , , ,94179,618990772224,14,14,14,14, , , , , , , , , , , , , , , , , , , , , , , , , , , , , , , , ,94179,1767018660431,,, , , , , , , , , ,3145728,94149,1,1,0,1, , , , , , , , ,3,3, , ,1, , , , , , , , , , , , , , , , , , , ,132120360,1, , , , , , ,12, , , , , , , , , , , , , , , , , , , , , , , , , , , , , , , , , ,12, , , , , , , , , , , 
2025-12-29 15:14:00.629 UTC, , , , , , , , , ,125,3209549,63024,672, ,12, ,12, , , , , , , , , ,12,8, , , ,5,5,9, , , , , , , , , , , ,1, , , ,3209549,93919,17, ,93384, , , , ,94179,618990772224,14,14,14,14, , , , , , , , , , , , , , , , , , , , , , , , , , , , , , , , ,94179,1767018660431,,, , , , , , , , , ,3145728,94149,2,2,1,2, , , , , , , , ,3,3, , ,1, , , , , , , , , , , , , , , , , , , ,132120360,1, , , , , , ,12, , , , , , , , , , , , , , , , , , , , , , , , , , , , , , , , , ,12, , , , , , , , , , , 
2025-12-29 15:15:00.629 UTC, , , , , , , , , ,125,3209549,63024,672, ,12, ,12, , , , , , , , , ,12,8, , , ,5,5,9, , , , , , , , , , , ,1, , , ,3209549,93919,17, ,93384, , , , ,94179,618990772224,14,14,14,14, , , , , , , , , , , , , , , , , , , , , , , , , , , , , , , , ,94179,1767018660431,,, , , , , , , , , ,3145728,94149,1,1,1,1, , , , , , , , ,3,3, , ,1, , , , , , , , , , , , , , , , , , , ,132120360,1, , , , , , ,12, , , , , , , , , , , , , , , , , , , , , , , , , , , , , , , , , ,12, , , , , , , , , , , 
2025-12-29 15:16:00.628 UTC, , , , , , , , , ,125,3209549,63024,672, ,12, ,12, , , , , , , , , ,12,8, , , ,5,5,9, , , , , , , , , , , ,1, , , ,3209549,93919,17, ,93384, , , , ,94179,618990772224,14,14,14,14, , , , , , , , , , , , , , , , , , , , , , , , , , , , , , , , ,94179,1767018660431,,, , , , , , , , , ,3145728,94149,1,1,0,1, , , , , , , , ,3,3, , ,1, , , , , , , , , , , , , , , , , , , ,132120360,1, , , , , , ,12, , , , , , , , , , , , , , , , , , , , , , , , , , , , , , , , , ,12, , , , , , , , , , , 
2025-12-29 15:17:00.627 UTC, , , , , , , , , ,125,3209549,63024,672, ,12, ,12, , , , , , , , , ,12,8, , , ,5,5,9, , , , , , , , , , , ,1, , , ,3209549,93919,17, ,93384, , , , ,94179,618990772224,14,14,14,14, , , , , , , , , , , , , , , , , , , , , , , , , , , , , , , , ,94179,1767018660431,,, , , , , , , , , ,3145728,94149,4,4,2,4, , , , , , , , ,3,3, , ,1, , , , , , , , , , , , , , , , , , , ,132120360,1, , , , , , ,12, , , , , , , , , , , , , , , , , , , , , , , , , , , , , , , , , ,12, , , , , , , , , , , 
2025-12-29 15:18:00.629 UTC, , , , , , , , , ,125,3209549,63024,672, ,12, ,12, , , , , , , , , ,12,8, , , ,5,5,9, , , , , , , , , , , ,1, , , ,3209549,93919,17, ,93384, , , , ,94179,618990772224,14,14,14,14, , , , , , , , , , , , , , , , , , , , , , , , , , , , , , , , ,94179,1767018660431,,, , , , , , , , , ,3145728,94149,1,1,0,1, , , , , , , , ,3,3, , ,1, , , , , , , , , , , , , , , , , , , ,132120360,1, , , , , , ,12, , , , , , , , , , , , , , , , , , , , , , , , , , , , , , , , , ,12, , , , , , , , , , , 
2025-12-29 15:19:00.630 UTC, , , , , , , , , ,125,3209549,63024,672, ,12, ,12, , , , , , , , , ,12,8, , , ,5,5,9, , , , , , , , , , , ,1, , , ,3209549,93919,17, ,93384, , , , ,94179,618990772224,14,14,14,14, , , , , , , , , , , , , , , , , , , , , , , , , , , , , , , , ,94179,1767018660431,,, , , , , , , , , ,3145728,94149,1,1,0,1, , , , , , , , ,3,3, , ,1, , , , , , , , , , , , , , , , , , , ,132120360,1, , , , , , ,12, , , , , , , , , , , , , , , , , , , , , , , , , , , , , , , , , ,12, , , , , , , , , , , 
2025-12-29 15:20:00.630 UTC, , , , , , , , , ,125,3209549,63024,672, ,12, ,12, , , , , , , , , ,12,8, , , ,5,5,9, , , , , , , , , , , ,1, , , ,3209549,93919,17, ,93384, , , , ,94179,618990768128,14,14,14,14, , , , , , , , , , , , , , , , , , , , , , , , , , , , , , , , ,94179,1767018660431,,, , , , , , , , , ,3145728,94149,1,1,0,1, , , , , , , , ,3,3, , ,1, , , , , , , , , , , , , , , , , , , ,134217512,1, , , , , , ,12, , , , , , , , , , , , , , , , , , , , , , , , , , , , , , , , , ,12, , , , , , , , , , , 
2025-12-29 15:21:00.634 UTC, , , , , , , , , ,125,3209549,63024,672, ,12, ,12, , , , , , , , , ,12,8, , , ,5,5,9, , , , , , , , , , , ,1, , , ,3209549,93919,17, ,93384, , , , ,94179,618990768128,14,14,14,14, , , , , , , , , , , , , , , , , , , , , , , , , , , , , , , , ,94179,1767018660431,,, , , , , , , , , ,3145728,94149,1,1,0,1, , , , , , , , ,3,3, , ,1, , , , , , , , , , , , , , , , , , , ,134217512,1, , , , , , ,12, , , , , , , , , , , , , , , , , , , , , , , , , , , , , , , , , ,12, , , , , , , , , , , 
2025-12-29 15:22:00.636 UTC, , , , , , , , , ,125,3209549,63024,672, ,12, ,12, , , , , , , , , ,12,8, , , ,5,5,9, , , , , , , , , , , ,1, , , ,3209549,93919,17, ,93384, , , , ,94179,618990768128,14,14,14,14, , , , , , , , , , , , , , , , , , , , , , , , , , , , , , , , ,94179,1767018660431,,, , , , , , , , , ,3145728,94149,1,1,0,1, , , , , , , , ,3,3, , ,1, , , , , , , , , , , , , , , , , , , ,134217512,1, , , , , , ,12, , , , , , , , , , , , , , , , , , , , , , , , , , , , , , , , , ,12, , , , , , , , , , , 
2025-12-29 15:23:00.636 UTC, , , , , , , , , ,125,3209549,63024,672, ,12, ,12, , , , , , , , , ,12,8, , , ,5,5,9, , , , , , , , , , , ,1, , , ,3209549,93919,17, ,93384, , , , ,94179,618990768128,14,14,14,14, , , , , , , , , , , , , , , , , , , , , , , , , , , , , , , , ,94179,1767018660431,,, , , , , , , , , ,3145728,94149,1,1,0,1, , , , , , , , ,3,3, , ,1, , , , , , , , , , , , , , , , , , , ,134217512, , , , , , , ,12, , , , , , , , , , , , , , , , , , , , , , , , , , , , , , , , , ,12, , , , , , , , , , , 
2025-12-29 15:24:00.638 UTC, , , , , , , , , ,125,3209549,63024,672, ,12, ,12, , , , , , , , , ,12,8, , , ,5,5,9, , , , , , , , , , , ,1, , , ,3209549,93919,17, ,93384, , , , ,94179,618990768128,14,14,14,14, , , , , , , , , , , , , , , , , , , , , , , , , , , , , , , , ,94179,1767018660431,,, , , , , , , , , ,3145728,94149,1,1,0,1, , , , , , , , ,3,3, , ,1, , , , , , , , , , , , , , , , , , , ,134217512, , , , , , , ,12, , , , , , , , , , , , , , , , , , , , , , , , , , , , , , , , , ,12, , , , , , , , , , , 
2025-12-29 15:25:00.638 UTC, , , , , , , , , ,125,3209549,63024,672, ,12, ,12, , , , , , , , , ,12,8, , , ,5,5,9, , , , , , , , , , , ,1, , , ,3209549,93919,17, ,93384, , , , ,94179,618990768128,14,14,14,14, , , , , , , , , , , , , , , , , , , , , , , , , , , , , , , , ,94179,1767018660431,,, , , , , , , , , ,3145728,94149,1,1,0,1, , , , , , , , ,3,3, , ,1, , , , , , , , , , , , , , , , , , , ,136314664, , , , , , , ,12, , , , , , , , , , , , , , , , , , , , , , , , , , , , , , , , , ,12, , , , , , , , , , , 
2025-12-29 15:26:00.639 UTC, , , , , , , , , ,125,3209549,63024,672, ,12, ,12, , , , , , , , , ,12,8, , , ,5,5,9, , , , , , , , , , , ,1, , , ,3209549,93919,17, ,93384, , , , ,94179,618990768128,14,14,14,14, , , , , , , , , , , , , , , , , , , , , , , , , , , , , , , , ,94179,1767018660431,,, , , , , , , , , ,3145728,94149,1,1,0,1, , , , , , , , ,3,3, , ,1, , , , , , , , , , , , , , , , , , , ,136314664, , , , , , , ,12, , , , , , , , , , , , , , , , , , , , , , , , , , , , , , , , , ,12, , , , , , , , , , , 
2025-12-29 15:27:00.640 UTC, , , , , , , , , ,125,3209549,63024,672, ,12, ,12, , , , , , , , , ,12,8, , , ,5,5,9, , , , , , , , , , , ,1, , , ,3209549,93919,17, ,93384, , , , ,94179,618990768128,14,14,14,14, , , , , , , , , , , , , , , , , , , , , , , , , , , , , , , , ,94179,1767018660431,,, , , , , , , , , ,3145728,94149,1,1,0,1, , , , , , , , ,3,3, , ,1, , , , , , , , , , , , , , , , , , , ,136314664,1, , , , , , ,12, , , , , , , , , , , , , , , , , , , , , , , , , , , , , , , , , ,12, , , , , , , , , , , 
2025-12-29 15:28:00.640 UTC, , , , , , , , , ,125,3209549,63024,672, ,12, ,12, , , , , , , , , ,12,8, , , ,5,5,9, , , , , , , , , , , ,1, , , ,3209549,93919,17, ,93384, , , , ,94179,618990764032,14,14,14,14, , , , , , , , , , , , , , , , , , , , , , , , , , , , , , , , ,94179,1767018660431,,, , , , , , , , , ,3145728,94149,1,1,0,1, , , , , , , , ,3,3, , ,1, , , , , , , , , , , , , , , , , , , ,136314664,1, , , , , , ,12, , , , , , , , , , , , , , , , , , , , , , , , , , , , , , , , , ,12, , , , , , , , , , , 
2025-12-29 15:29:00.640 UTC, , , , , , , , , ,125,3209549,63024,672, ,12, ,12, , , , , , , , , ,12,8, , , ,5,5,9, , , , , , , , , , , ,1, , , ,3209549,93919,17, ,93384, , , , ,94179,618990764032,14,14,14,14, , , , , , , , , , , , , , , , , , , , , , , , , , , , , , , , ,94179,1767018660431,,, , , , , , , , , ,3145728,94149,1,1,0,1, , , , , , , , ,3,3, , ,1, , , , , , , , , , , , , , , , , , , ,136314664,1, , , , , , ,12, , , , , , , , , , , , , , , , , , , , , , , , , , , , , , , , , ,12, , , , , , , , , , , 
2025-12-29 15:30:00.641 UTC, , , , , , , , , ,125,3209549,63024,672, ,12, ,12, , , , , , , , , ,12,8, , , ,5,5,9, , , , , , , , , , , ,1, , , ,3209549,93919,17, ,93384, , , , ,94179,618990764032,14,14,14,14, , , , , , , , , , , , , , , , , , , , , , , , , , , , , , , , ,94179,1767018660431,,, , , , , , , , , ,3145728,94149,23,23,8,23, , , , , , , , ,3,3, , ,1, , , , , , , , , , , , , , , , , , , ,136314664, , , , , , , ,12, , , , , , , , , , , , , , , , , , , , , , , , , , , , , , , , , ,12, , , , , , , , , , , 
2025-12-29 15:31:00.641 UTC, , , , , , , , , ,125,3209549,63024,672, ,12, ,12, , , , , , , , , ,12,8, , , ,5,5,9, , , , , , , , , , , ,1, , , ,3209549,93919,17, ,93384, , , , ,94179,618990764032,14,14,14,14, , , , , , , , , , , , , , , , , , , , , , , , , , , , , , , , ,94179,1767018660431,,, , , , , , , , , ,3145728,94149,1,1,0,1, , , , , , , , ,3,3, , ,1, , , , , , , , , , , , , , , , , , , ,138411816,1, , , , , , ,12, , , , , , , , , , , , , , , , , , , , , , , , , , , , , , , , , ,12, , , , , , , , , , , 
2025-12-29 15:32:00.641 UTC, , , , , , , , , ,125,3209549,63024,672, ,12, ,12, , , , , , , , , ,12,8, , , ,5,5,9, , , , , , , , , , , ,1, , , ,3209549,93919,17, ,93384, , , , ,94179,618990764032,14,14,14,14, , , , , , , , , , , , , , , , , , , , , , , , , , , , , , , , ,94179,1767018660431,,, , , , , , , , , ,3145728,94149,17,17,6,17, , , , , , , , ,3,3, , ,1, , , , , , , , , , , , , , , , , , , ,138411816,1, , , , , , ,12, , , , , , , , , , , , , , , , , , , , , , , , , , , , , , , , , ,12, , , , , , , , , , , 
2025-12-29 15:33:00.643 UTC, , , , , , , , , ,125,3209549,63024,672, ,12, ,12, , , , , , , , , ,12,8, , , ,5,5,9, , , , , , , , , , , ,1, , , ,3209549,93919,17, ,93384, , , , ,94179,618990764032,14,14,14,14, , , , , , , , , , , , , , , , , , , , , , , , , , , , , , , , ,94179,1767018660431,,, , , , , , , , , ,3145728,94149,12,12,4,12, , , , , , , , ,3,3, , ,1, , , , , , , , , , , , , , , , , , , ,138411816,1, , , , , , ,12, , , , , , , , , , , , , , , , , , , , , , , , , , , , , , , , , ,12, , , , , , , , , , , 
2025-12-29 15:34:00.644 UTC, , , , , , , , , ,125,3209549,63024,672, ,12, ,12, , , , , , , , , ,12,8, , , ,5,5,9, , , , , , , , , , , ,1, , , ,3209549,93919,17, ,93384, , , , ,94179,618990764032,14,14,14,14, , , , , , , , , , , , , , , , , , , , , , , , , , , , , , , , ,94179,1767018660431,,, , , , , , , , , ,3145728,94149,1,1,0,1, , , , , , , , ,3,3, , ,1, , , , , , , , , , , , , , , , , , , ,138411816, , , , , , , ,12, , , , , , , , , , , , , , , , , , , , , , , , , , , , , , , , , ,12, , , , , , , , , , , 
2025-12-29 15:35:00.646 UTC, , , , , , , , , ,125,3209549,63024,672, ,12, ,12, , , , , , , , , ,12,8, , , ,5,5,9, , , , , , , , , , , ,1, , , ,3209549,93919,17, ,93384, , , , ,94179,618990764032,14,14,14,14, , , , , , , , , , , , , , , , , , , , , , , , , , , , , , , , ,94179,1767018660431,,, , , , , , , , , ,3145728,94149,1,1,1,1, , , , , , , , ,3,3, , ,1, , , , , , , , , , , , , , , , , , , ,138411816,1, , , , , , ,12, , , , , , , , , , , , , , , , , , , , , , , , , , , , , , , , , ,12, , , , , , , , , , , 
2025-12-29 15:36:00.659 UTC, , , , , , , , , ,125,3209549,63024,672, ,12, ,12, , , , , , , , , ,12,8, , , ,5,5,9, , , , , , , , , , , ,1, , , ,3209549,93919,17, ,93384, , , , ,94179,618990747648,14,14,14,14, , , , , , , , , , , , , , , , , , , , , , , , , , , , , , , , ,94179,1767018660431,,, , , , , , , , , ,3145728,94149,40,40,18,40, , , , , , , , ,3,3, , ,1, , , , , , , , , , , , , , , , , , , ,138411816,1, , , , , , ,12, , , , , , , , , , , , , , , , , , , , , , , , , , , , , , , , , ,12, , , , , , , , , , , 
2025-12-29 15:37:00.659 UTC, , , , , , , , , ,125,3209549,63024,672, ,12, ,12, , , , , , , , , ,12,8, , , ,5,5,9, , , , , , , , , , , ,1, , , ,3209549,93919,17, ,93384, , , , ,94179,618990747648,14,14,14,14, , , , , , , , , , , , , , , , , , , , , , , , , , , , , , , , ,94179,1767018660431,,, , , , , , , , , ,3145728,94149,1,1,0,1, , , , , , , , ,3,3, , ,1, , , , , , , , , , , , , , , , , , , ,138411816,1, , , , , , ,12, , , , , , , , , , , , , , , , , , , , , , , , , , , , , , , , , ,12, , , , , , , , , , , 
2025-12-29 15:38:00.661 UTC, , , , , , , , , ,125,3209549,63024,672, ,12, ,12, , , , , , , , , ,12,8, , , ,5,5,9, , , , , , , , , , , ,1, , , ,3209549,93919,17, ,93384, , , , ,94179,618990747648,14,14,14,14, , , , , , , , , , , , , , , , , , , , , , , , , , , , , , , , ,94179,1767018660431,,, , , , , , , , , ,3145728,94149,0,0,0,0, , , , , , , , ,3,3, , ,1, , , , , , , , , , , , , , , , , , , ,140508968,1, , , , , , ,12, , , , , , , , , , , , , , , , , , , , , , , , , , , , , , , , , ,12, , , , , , , , , , , 
2025-12-29 15:39:00.662 UTC, , , , , , , , , ,125,3209549,63024,672, ,12, ,12, , , , , , , , , ,12,8, , , ,5,5,9, , , , , , , , , , , ,1, , , ,3209549,93919,17, ,93384, , , , ,94179,618990747648,14,14,14,14, , , , , , , , , , , , , , , , , , , , , , , , , , , , , , , , ,94179,1767018660431,,, , , , , , , , , ,3145728,94149,2,2,1,2, , , , , , , , ,3,3, , ,1, , , , , , , , , , , , , , , , , , , ,140508968,1, , , , , , ,12, , , , , , , , , , , , , , , , , , , , , , , , , , , , , , , , , ,12, , , , , , , , , , , 
2025-12-29 15:40:00.662 UTC, , , , , , , , , ,125,3209549,63024,672, ,12, ,12, , , , , , , , , ,12,8, , , ,5,5,9, , , , , , , , , , , ,1, , , ,3209549,93919,17, ,93384, , , , ,94179,618990747648,14,14,14,14, , , , , , , , , , , , , , , , , , , , , , , , , , , , , , , , ,94179,1767018660431,,, , , , , , , , , ,3145728,94149,1,1,0,1, , , , , , , , ,3,3, , ,1, , , , , , , , , , , , , , , , , , , ,140508968,1, , , , , , ,12, , , , , , , , , , , , , , , , , , , , , , , , , , , , , , , , , ,12, , , , , , , , , , , 
2025-12-29 15:41:00.662 UTC, , , , , , , , , ,125,3209549,63024,672, ,12, ,12, , , , , , , , , ,12,8, , , ,5,5,9, , , , , , , , , , , ,1, , , ,3209549,93919,17, ,93384, , , , ,94179,618990747648,14,14,14,14, , , , , , , , , , , , , , , , , , , , , , , , , , , , , , , , ,94179,1767018660431,,, , , , , , , , , ,3145728,94149,1,1,0,1, , , , , , , , ,3,3, , ,1, , , , , , , , , , , , , , , , , , , ,140508968,1, , , , , , ,12, , , , , , , , , , , , , , , , , , , , , , , , , , , , , , , , , ,12, , , , , , , , , , , 
2025-12-29 15:42:00.663 UTC, , , , , , , , , ,125,3209549,63024,672, ,12, ,12, , , , , , , , , ,12,8, , , ,5,5,9, , , , , , , , , , , ,1, , , ,3209549,93919,17, ,93384, , , , ,94179,618990747648,14,14,14,14, , , , , , , , , , , , , , , , , , , , , , , , , , , , , , , , ,94179,1767018660431,,, , , , , , , , , ,3145728,94149,1,1,0,1, , , , , , , , ,3,3, , ,1, , , , , , , , , , , , , , , , , , , ,140508968, , , , , , , ,12, , , , , , , , , , , , , , , , , , , , , , , , , , , , , , , , , ,12, , , , , , , , , , , 
2025-12-29 15:43:00.663 UTC, , , , , , , , , ,125,3209549,63024,672, ,12, ,12, , , , , , , , , ,12,8, , , ,5,5,9, , , , , , , , , , , ,1, , , ,3209549,93919,17, ,93384, , , , ,94179,618990747648,14,14,14,14, , , , , , , , , , , , , , , , , , , , , , , , , , , , , , , , ,94179,1767018660431,,, , , , , , , , , ,3145728,94149,1,1,0,1, , , , , , , , ,3,3, , ,1, , , , , , , , , , , , , , , , , , , ,140508968,1, , , , , , ,12, , , , , , , , , , , , , , , , , , , , , , , , , , , , , , , , , ,12, , , , , , , , , , , 
2025-12-29 15:44:00.664 UTC, , , , , , , , , ,125,3209549,63024,672, ,12, ,12, , , , , , , , , ,12,8, , , ,5,5,9, , , , , , , , , , , ,1, , , ,3209549,93919,17, ,93384, , , , ,94179,618990743552,14,14,14,14, , , , , , , , , , , , , , , , , , , , , , , , , , , , , , , , ,94179,1767018660431,,, , , , , , , , , ,3145728,94149,1,1,0,1, , , , , , , , ,3,3, , ,1, , , , , , , , , , , , , , , , , , , ,142606120,1, , , , , , ,12, , , , , , , , , , , , , , , , , , , , , , , , , , , , , , , , , ,12, , , , , , , , , , , 
2025-12-29 15:45:00.664 UTC, , , , , , , , , ,125,3209549,63024,672, ,12, ,12, , , , , , , , , ,12,8, , , ,5,5,9, , , , , , , , , , , ,1, , , ,3209549,93919,17, ,93384, , , , ,94179,618990743552,14,14,14,14, , , , , , , , , , , , , , , , , , , , , , , , , , , , , , , , ,94179,1767018660431,,, , , , , , , , , ,3145728,94149,48,48,16,48, , , , , , , , ,3,3, , ,1, , , , , , , , , , , , , , , , , , , ,142606120,1, , , , , , ,12, , , , , , , , , , , , , , , , , , , , , , , , , , , , , , , , , ,12, , , , , , , , , , , 
2025-12-29 15:46:00.665 UTC, , , , , , , , , ,125,3209549,63024,672, ,12, ,12, , , , , , , , , ,12,8, , , ,5,5,9, , , , , , , , , , , ,1, , , ,3209549,93919,17, ,93384, , , , ,94179,618990743552,14,14,14,14, , , , , , , , , , , , , , , , , , , , , , , , , , , , , , , , ,94179,1767018660431,,, , , , , , , , , ,3145728,94149,1,1,0,1, , , , , , , , ,3,3, , ,1, , , , , , , , , , , , , , , , , , , ,142606120,1, , , , , , ,12, , , , , , , , , , , , , , , , , , , , , , , , , , , , , , , , , ,12, , , , , , , , , , , 
2025-12-29 15:47:00.666 UTC, , , , , , , , , ,125,3209549,63024,672, ,12, ,12, , , , , , , , , ,12,8, , , ,5,5,9, , , , , , , , , , , ,1, , , ,3209549,93919,17, ,93384, , , , ,94179,618990743552,14,14,14,14, , , , , , , , , , , , , , , , , , , , , , , , , , , , , , , , ,94179,1767018660431,,, , , , , , , , , ,3145728,94149,1,1,1,1, , , , , , , , ,3,3, , ,1, , , , , , , , , , , , , , , , , , , ,142606120,1, , , , , , ,12, , , , , , , , , , , , , , , , , , , , , , , , , , , , , , , , , ,12, , , , , , , , , , , 
2025-12-29 15:48:00.667 UTC, , , , , , , , , ,125,3209549,63024,672, ,12, ,12, , , , , , , , , ,12,8, , , ,5,5,9, , , , , , , , , , , ,1, , , ,3209549,93919,17, ,93384, , , , ,94179,618990743552,14,14,14,14, , , , , , , , , , , , , , , , , , , , , , , , , , , , , , , , ,94179,1767018660431,,, , , , , , , , , ,3145728,94149,1,1,0,1, , , , , , , , ,3,3, , ,1, , , , , , , , , , , , , , , , , , , ,142606120,1, , , , , , ,12, , , , , , , , , , , , , , , , , , , , , , , , , , , , , , , , , ,12, , , , , , , , , , , 
2025-12-29 15:49:00.668 UTC, , , , , , , , , ,125,3209549,63024,672, ,12, ,12, , , , , , , , , ,12,8, , , ,5,5,9, , , , , , , , , , , ,1, , , ,3209549,93919,17, ,93384, , , , ,94179,618990743552,14,14,14,14, , , , , , , , , , , , , , , , , , , , , , , , , , , , , , , , ,94179,1767018660431,,, , , , , , , , , ,3145728,94149,1,1,1,1, , , , , , , , ,3,3, , ,1, , , , , , , , , , , , , , , , , , , ,142606120,1, , , , , , ,12, , , , , , , , , , , , , , , , , , , , , , , , , , , , , , , , , ,12, , , , , , , , , , , 
2025-12-29 15:50:00.669 UTC, , , , , , , , , ,125,3209549,63024,672, ,12, ,12, , , , , , , , , ,12,8, , , ,5,5,9, , , , , , , , , , , ,1, , , ,3209549,93919,17, ,93384, , , , ,94179,618990694400,14,14,14,14, , , , , , , , , , , , , , , , , , , , , , , , , , , , , , , , ,94179,1767018660431,,, , , , , , , , , ,3145728,94149,1,1,0,1, , , , , , , , ,3,3, , ,1, , , , , , , , , , , , , , , , , , , ,142606120,1, , , , , , ,12, , , , , , , , , , , , , , , , , , , , , , , , , , , , , , , , , ,12, , , , , , , , , , , 
2025-12-29 15:51:00.670 UTC, , , , , , , , , ,125,3209549,63024,672, ,12, ,12, , , , , , , , , ,12,8, , , ,5,5,9, , , , , , , , , , , ,1, , , ,3209549,93919,17, ,93384, , , , ,94179,618990694400,14,14,14,14, , , , , , , , , , , , , , , , , , , , , , , , , , , , , , , , ,94179,1767018660431,,, , , , , , , , , ,3145728,94149,1,1,0,1, , , , , , , , ,3,3, , ,1, , , , , , , , , , , , , , , , , , , ,142606120,1, , , , , , ,12, , , , , , , , , , , , , , , , , , , , , , , , , , , , , , , , , ,12, , , , , , , , , , , 
2025-12-29 15:52:00.671 UTC, , , , , , , , , ,125,3209549,63024,672, ,12, ,12, , , , , , , , , ,12,8, , , ,5,5,9, , , , , , , , , , , ,1, , , ,3209549,93919,17, ,93384, , , , ,94179,618990690304,14,14,14,14, , , , , , , , , , , , , , , , , , , , , , , , , , , , , , , , ,94179,1767018660431,,, , , , , , , , , ,3145728,94149,1,1,0,1, , , , , , , , ,3,3, , ,1, , , , , , , , , , , , , , , , , , , ,144703272,1, , , , , , ,12, , , , , , , , , , , , , , , , , , , , , , , , , , , , , , , , , ,12, , , , , , , , , , , 
2025-12-29 15:53:00.673 UTC, , , , , , , , , ,125,3209549,63024,672, ,12, ,12, , , , , , , , , ,12,8, , , ,5,5,9, , , , , , , , , , , ,1, , , ,3209549,93919,17, ,93384, , , , ,94179,618990686208,14,14,14,14, , , , , , , , , , , , , , , , , , , , , , , , , , , , , , , , ,94179,1767018660431,,, , , , , , , , , ,3145728,94149,12,12,7,12, , , , , , , , ,3,3, , ,1, , , , , , , , , , , , , , , , , , , ,144703272,1, , , , , , ,12, , , , , , , , , , , , , , , , , , , , , , , , , , , , , , , , , ,12, , , , , , , , , , , 
2025-12-29 15:54:00.675 UTC, , , , , , , , , ,125,3209549,63024,672, ,12, ,12, , , , , , , , , ,12,8, , , ,5,5,9, , , , , , , , , , , ,1, , , ,3209549,93919,17, ,93384, , , , ,94179,618990686208,14,14,14,14, , , , , , , , , , , , , , , , , , , , , , , , , , , , , , , , ,94179,1767018660431,,, , , , , , , , , ,3145728,94149,1,1,0,1, , , , , , , , ,3,3, , ,1, , , , , , , , , , , , , , , , , , , ,144703272,1, , , , , , ,12, , , , , , , , , , , , , , , , , , , , , , , , , , , , , , , , , ,12, , , , , , , , , , , 
2025-12-29 15:55:00.675 UTC, , , , , , , , , ,125,3209549,63024,672, ,12, ,12, , , , , , , , , ,12,8, , , ,5,5,9, , , , , , , , , , , ,1, , , ,3209549,93919,17, ,93384, , , , ,94179,618990686208,14,14,14,14, , , , , , , , , , , , , , , , , , , , , , , , , , , , , , , , ,94179,1767018660431,,, , , , , , , , , ,3145728,94149,1,1,0,1, , , , , , , , ,3,3, , ,1, , , , , , , , , , , , , , , , , , , ,144703272,1, , , , , , ,12, , , , , , , , , , , , , , , , , , , , , , , , , , , , , , , , , ,12, , , , , , , , , , , 
2025-12-29 15:56:00.677 UTC, , , , , , , , , ,125,3209549,63024,672, ,12, ,12, , , , , , , , , ,12,8, , , ,5,5,9, , , , , , , , , , , ,1, , , ,3209549,93919,17, ,93384, , , , ,94179,618990686208,14,14,14,14, , , , , , , , , , , , , , , , , , , , , , , , , , , , , , , , ,94179,1767018660431,,, , , , , , , , , ,3145728,94149,1,1,1,1, , , , , , , , ,3,3, , ,1, , , , , , , , , , , , , , , , , , , ,146800424,1, , , , , , ,12, , , , , , , , , , , , , , , , , , , , , , , , , , , , , , , , , ,12, , , , , , , , , , , 
2025-12-29 15:57:00.678 UTC, , , , , , , , , ,125,3209549,63024,672, ,12, ,12, , , , , , , , , ,12,8, , , ,5,5,9, , , , , , , , , , , ,1, , , ,3209549,93919,17, ,93384, , , , ,94179,618990686208,14,14,14,14, , , , , , , , , , , , , , , , , , , , , , , , , , , , , , , , ,94179,1767018660431,,, , , , , , , , , ,3145728,94149,5,5,2,5, , , , , , , , ,3,3, , ,1, , , , , , , , , , , , , , , , , , , ,146800424,1, , , , , , ,12, , , , , , , , , , , , , , , , , , , , , , , , , , , , , , , , , ,12, , , , , , , , , , , 
2025-12-29 15:58:00.680 UTC, , , , , , , , , ,125,3209549,63024,672, ,12, ,12, , , , , , , , , ,12,8, , , ,5,5,9, , , , , , , , , , , ,1, , , ,3209549,93919,17, ,93384, , , , ,94179,618990686208,14,14,14,14, , , , , , , , , , , , , , , , , , , , , , , , , , , , , , , , ,94179,1767018660431,,, , , , , , , , , ,3145728,94149,1,1,0,1, , , , , , , , ,3,3, , ,1, , , , , , , , , , , , , , , , , , , ,146800424,1, , , , , , ,12, , , , , , , , , , , , , , , , , , , , , , , , , , , , , , , , , ,12, , , , , , , , , , , 
2025-12-29 15:59:00.683 UTC, , , , , , , , , ,125,3209549,63024,672, ,12, ,12, , , , , , , , , ,12,8, , , ,5,5,9, , , , , , , , , , , ,1, , , ,3209549,93919,17, ,93384, , , , ,94179,618990686208,14,14,14,14, , , , , , , , , , , , , , , , , , , , , , , , , , , , , , , , ,94179,1767018660431,,, , , , , , , , , ,3145728,94149,1,1,0,1, , , , , , , , ,3,3, , ,1, , , , , , , , , , , , , , , , , , , ,146800424, , , , , , , ,12, , , , , , , , , , , , , , , , , , , , , , , , , , , , , , , , , ,12, , , , , , , , , , , 
2025-12-29 16:00:00.686 UTC, , , , , , , , , ,125,3209549,63024,672, ,12, ,12, , , , , , , , , ,12,8, , , ,5,5,9, , , , , , , , , , , ,1, , , ,3209549,93919,17, ,93384, , , , ,94179,618990682112,14,14,14,14, , , , , , , , , , , , , , , , , , , , , , , , , , , , , , , , ,94179,1767018660431,,, , , , , , , , , ,3145728,94149,48,48,16,48, , , , , , , , ,3,3, , ,1, , , , , , , , , , , , , , , , , , , ,146800424,1, , , , , , ,12, , , , , , , , , , , , , , , , , , , , , , , , , , , , , , , , , ,12, , , , , , , , , , , 
2025-12-29 16:01:00.687 UTC, , , , , , , , , ,125,3209549,63024,672, ,12, ,12, , , , , , , , , ,12,8, , , ,5,5,9, , , , , , , , , , , ,1, , , ,3209549,93919,17, ,93384, , , , ,94179,618990682112,14,14,14,14, , , , , , , , , , , , , , , , , , , , , , , , , , , , , , , , ,94179,1767018660431,,, , , , , , , , , ,3145728,94149,1,1,0,1, , , , , , , , ,3,3, , ,1, , , , , , , , , , , , , , , , , , , ,146800424, , , , , , , ,12, , , , , , , , , , , , , , , , , , , , , , , , , , , , , , , , , ,12, , , , , , , , , , , 
2025-12-29 16:02:00.687 UTC, , , , , , , , , ,125,3209549,63024,672, ,12, ,12, , , , , , , , , ,12,8, , , ,5,5,9, , , , , , , , , , , ,1, , , ,3209549,93919,17, ,93384, , , , ,94179,618990682112,14,14,14,14, , , , , , , , , , , , , , , , , , , , , , , , , , , , , , , , ,94179,1767018660431,,, , , , , , , , , ,3145728,94149,1,1,0,1, , , , , , , , ,3,3, , ,1, , , , , , , , , , , , , , , , , , , ,148897576, , , , , , , ,12, , , , , , , , , , , , , , , , , , , , , , , , , , , , , , , , , ,12, , , , , , , , , , , 
2025-12-29 16:03:00.690 UTC, , , , , , , , , ,125,3209549,63024,672, ,12, ,12, , , , , , , , , ,12,8, , , ,5,5,9, , , , , , , , , , , ,1, , , ,3209549,93919,17, ,93384, , , , ,94179,618990682112,14,14,14,14, , , , , , , , , , , , , , , , , , , , , , , , , , , , , , , , ,94179,1767018660431,,, , , , , , , , , ,3145728,94149,1,1,1,1, , , , , , , , ,3,3, , ,1, , , , , , , , , , , , , , , , , , , ,148897576,1, , , , , , ,12, , , , , , , , , , , , , , , , , , , , , , , , , , , , , , , , , ,12, , , , , , , , , , , 
2025-12-29 16:04:00.691 UTC, , , , , , , , , ,125,3209549,63024,672, ,12, ,12, , , , , , , , , ,12,8, , , ,5,5,9, , , , , , , , , , , ,1, , , ,3209549,93919,17, ,93384, , , , ,94179,618990682112,14,14,14,14, , , , , , , , , , , , , , , , , , , , , , , , , , , , , , , , ,94179,1767018660431,,, , , , , , , , , ,3145728,94149,1,1,0,1, , , , , , , , ,3,3, , ,1, , , , , , , , , , , , , , , , , , , ,148897576, , , , , , , ,12, , , , , , , , , , , , , , , , , , , , , , , , , , , , , , , , , ,12, , , , , , , , , , , 
2025-12-29 16:05:00.692 UTC, , , , , , , , , ,125,3209549,63024,672, ,12, ,12, , , , , , , , , ,12,8, , , ,5,5,9, , , , , , , , , , , ,1, , , ,3209549,93919,17, ,93384, , , , ,94179,618990682112,14,14,14,14, , , , , , , , , , , , , , , , , , , , , , , , , , , , , , , , ,94179,1767018660431,,, , , , , , , , , ,3145728,94149,1,1,1,1, , , , , , , , ,3,3, , ,1, , , , , , , , , , , , , , , , , , , ,148897576,1, , , , , , ,12, , , , , , , , , , , , , , , , , , , , , , , , , , , , , , , , , ,12, , , , , , , , , , , 
2025-12-29 16:06:00.693 UTC, , , , , , , , , ,125,3209549,63024,672, ,12, ,12, , , , , , , , , ,12,8, , , ,5,5,9, , , , , , , , , , , ,1, , , ,3209549,93919,17, ,93384, , , , ,94179,618990682112,14,14,14,14, , , , , , , , , , , , , , , , , , , , , , , , , , , , , , , , ,94179,1767018660431,,, , , , , , , , , ,3145728,94149,1,1,0,1, , , , , , , , ,3,3, , ,1, , , , , , , , , , , , , , , , , , , ,148897576,1, , , , , , ,12, , , , , , , , , , , , , , , , , , , , , , , , , , , , , , , , , ,12, , , , , , , , , , , 
2025-12-29 16:07:00.695 UTC, , , , , , , , , ,125,3209549,63024,672, ,12, ,12, , , , , , , , , ,12,8, , , ,5,5,9, , , , , , , , , , , ,1, , , ,3209549,93919,17, ,93384, , , , ,94179,618990682112,14,14,14,14, , , , , , , , , , , , , , , , , , , , , , , , , , , , , , , , ,94179,1767018660431,,, , , , , , , , , ,3145728,94149,1,1,0,1, , , , , , , , ,3,3, , ,1, , , , , , , , , , , , , , , , , , , ,148897576,1, , , , , , ,12, , , , , , , , , , , , , , , , , , , , , , , , , , , , , , , , , ,12, , , , , , , , , , , 
2025-12-29 16:08:00.698 UTC, , , , , , , , , ,125,3209549,63024,672, ,12, ,12, , , , , , , , , ,12,8, , , ,5,5,9, , , , , , , , , , , ,1, , , ,3209549,93919,17, ,93384, , , , ,94179,618990678016,14,14,14,14, , , , , , , , , , , , , , , , , , , , , , , , , , , , , , , , ,94179,1767018660431,,, , , , , , , , , ,3145728,94149,1,1,1,1, , , , , , , , ,3,3, , ,1, , , , , , , , , , , , , , , , , , , ,150994728,1, , , , , , ,12, , , , , , , , , , , , , , , , , , , , , , , , , , , , , , , , , ,12, , , , , , , , , , , 
2025-12-29 16:09:00.698 UTC, , , , , , , , , ,125,3209549,63024,672, ,12, ,12, , , , , , , , , ,12,8, , , ,5,5,9, , , , , , , , , , , ,1, , , ,3209549,93919,17, ,93384, , , , ,94179,618990678016,14,14,14,14, , , , , , , , , , , , , , , , , , , , , , , , , , , , , , , , ,94179,1767018660431,,, , , , , , , , , ,3145728,94149,1,1,0,1, , , , , , , , ,3,3, , ,1, , , , , , , , , , , , , , , , , , , ,150994728,1, , , , , , ,12, , , , , , , , , , , , , , , , , , , , , , , , , , , , , , , , , ,12, , , , , , , , , , , 
2025-12-29 16:10:00.699 UTC, , , , , , , , , ,125,3209549,63024,672, ,12, ,12, , , , , , , , , ,12,8, , , ,5,5,9, , , , , , , , , , , ,1, , , ,3209549,93919,17, ,93384, , , , ,94179,618990678016,14,14,14,14, , , , , , , , , , , , , , , , , , , , , , , , , , , , , , , , ,94179,1767018660431,,, , , , , , , , , ,3145728,94149,1,1,0,1, , , , , , , , ,3,3, , ,1, , , , , , , , , , , , , , , , , , , ,150994728,1, , , , , , ,12, , , , , , , , , , , , , , , , , , , , , , , , , , , , , , , , , ,12, , , , , , , , , , , 
2025-12-29 16:11:00.701 UTC, , , , , , , , , ,125,3209549,63024,672, ,12, ,12, , , , , , , , , ,12,8, , , ,5,5,9, , , , , , , , , , , ,1, , , ,3209549,93919,17, ,93384, , , , ,94179,618990678016,14,14,14,14, , , , , , , , , , , , , , , , , , , , , , , , , , , , , , , , ,94179,1767018660431,,, , , , , , , , , ,3145728,94149,1,1,0,1, , , , , , , , ,3,3, , ,1, , , , , , , , , , , , , , , , , , , ,150994728,1, , , , , , ,12, , , , , , , , , , , , , , , , , , , , , , , , , , , , , , , , , ,12, , , , , , , , , , , 
2025-12-29 16:12:00.702 UTC, , , , , , , , , ,125,3209549,63024,672, ,12, ,12, , , , , , , , , ,12,8, , , ,5,5,9, , , , , , , , , , , ,1, , , ,3209549,93919,17, ,93384, , , , ,94179,618990678016,14,14,14,14, , , , , , , , , , , , , , , , , , , , , , , , , , , , , , , , ,94179,1767018660431,,, , , , , , , , , ,3145728,94149,1,1,0,1, , , , , , , , ,3,3, , ,1, , , , , , , , , , , , , , , , , , , ,150994728,1, , , , , , ,12, , , , , , , , , , , , , , , , , , , , , , , , , , , , , , , , , ,12, , , , , , , , , , , 
2025-12-29 16:13:00.703 UTC, , , , , , , , , ,125,3209549,63024,672, ,12, ,12, , , , , , , , , ,12,8, , , ,5,5,9, , , , , , , , , , , ,1, , , ,3209549,93919,17, ,93384, , , , ,94179,618990592000,14,14,14,14, , , , , , , , , , , , , , , , , , , , , , , , , , , , , , , , ,94179,1767018660431,,, , , , , , , , , ,3145728,94149,1,1,0,1, , , , , , , , ,3,3, , ,1, , , , , , , , , , , , , , , , , , , ,150994728,1, , , , , , ,12, , , , , , , , , , , , , , , , , , , , , , , , , , , , , , , , , ,12, , , , , , , , , , , 
2025-12-29 16:14:00.709 UTC, , , , , , , , , ,125,3209549,63024,672, ,12, ,12, , , , , , , , , ,12,8, , , ,5,5,9, , , , , , , , , , , ,1, , , ,3209549,93919,17, ,93384, , , , ,94179,618990592000,14,14,14,14, , , , , , , , , , , , , , , , , , , , , , , , , , , , , , , , ,94179,1767018660431,,, , , , , , , , , ,3145728,94149,2,2,1,2, , , , , , , , ,3,3, , ,1, , , , , , , , , , , , , , , , , , , ,153091880,1, , , , , , ,12, , , , , , , , , , , , , , , , , , , , , , , , , , , , , , , , , ,12, , , , , , , , , , , 
